collection,page_xml,page,alto_present,page_regions,alto_blocks,page_lines,alto_lines,page_lines_with_text,alto_lines_with_text,page_nonspace_chars,alto_nonspace_chars,page_words,alto_words,verdict
4502443,Svea Hovra╠êtt etc/export_job_4502443/858057/Svea_Hovra╠êtt_ÔÇô_Advokatfiskalen_Ja╠êmtlands_la╠ên_(1713)_372_ÔÇô_383_/page/0001_DSC_0449.xml,0001_DSC_0449,True,1,1,25,25,25,25,983,983,198,198,ids_equal=True;line_text_diffs=0;major=False
4502443,Svea Hovra╠êtt etc/export_job_4502443/858057/Svea_Hovra╠êtt_ÔÇô_Advokatfiskalen_Ja╠êmtlands_la╠ên_(1713)_372_ÔÇô_383_/page/0002_DSC_0450.xml,0002_DSC_0450,True,2,2,56,56,56,56,2149,2149,410,410,ids_equal=True;line_text_diffs=0;major=False
4502443,Svea Hovra╠êtt etc/export_job_4502443/858057/Svea_Hovra╠êtt_ÔÇô_Advokatfiskalen_Ja╠êmtlands_la╠ên_(1713)_372_ÔÇô_383_/page/0003_DSC_0451.xml,0003_DSC_0451,True,2,2,55,55,55,55,2230,2230,439,439,ids_equal=True;line_text_diffs=0;major=False
4502443,Svea Hovra╠êtt etc/export_job_4502443/858057/Svea_Hovra╠êtt_ÔÇô_Advokatfiskalen_Ja╠êmtlands_la╠ên_(1713)_372_ÔÇô_383_/page/0004_DSC_0452.xml,0004_DSC_0452,True,2,2,54,54,54,54,2185,2185,423,423,ids_equal=True;line_text_diffs=0;major=False
4502443,Svea Hovra╠êtt etc/export_job_4502443/858057/Svea_Hovra╠êtt_ÔÇô_Advokatfiskalen_Ja╠êmtlands_la╠ên_(1713)_372_ÔÇô_383_/page/0005_DSC_0453.xml,0005_DSC_0453,True,2,2,56,56,56,56,2339,2339,459,459,ids_equal=True;line_text_diffs=0;major=False
4502443,Svea Hovra╠êtt etc/export_job_4502443/858057/Svea_Hovra╠êtt_ÔÇô_Advokatfiskalen_Ja╠êmtlands_la╠ên_(1713)_372_ÔÇô_383_/page/0006_DSC_0454.xml,0006_DSC_0454,True,2,2,56,56,56,56,2327,2327,476,476,ids_equal=True;line_text_diffs=0;major=False
4502443,Svea Hovra╠êtt etc/export_job_4502443/858057/Svea_Hovra╠êtt_ÔÇô_Advokatfiskalen_Ja╠êmtlands_la╠ên_(1713)_372_ÔÇô_383_/page/0007_DSC_0455.xml,0007_DSC_0455,True,2,2,53,53,53,53,2057,2057,409,409,ids_equal=True;line_text_diffs=0;major=False
4502443,Svea Hovra╠êtt etc/export_job_4502443/858057/Svea_Hovra╠êtt_ÔÇô_Advokatfiskalen_Ja╠êmtlands_la╠ên_(1713)_372_ÔÇô_383_/page/0008_DSC_0456.xml,0008_DSC_0456,True,2,2,54,54,54,54,2101,2101,392,392,ids_equal=True;line_text_diffs=0;major=False
4502444,Svea Hovra╠êtt etc/export_job_4502444/855910/Svea_Hovra╠êtt_ÔÇô_Advokatfiskalen_Ja╠êmtlands_la╠ên_(1713)_103_ÔÇô_117/page/0001_DSC_0433.xml,0001_DSC_0433,True,1,1,27,27,27,27,902,902,169,169,ids_equal=True;line_text_diffs=0;major=False
4502444,Svea Hovra╠êtt etc/export_job_4502444/855910/Svea_Hovra╠êtt_ÔÇô_Advokatfiskalen_Ja╠êmtlands_la╠ên_(1713)_103_ÔÇô_117/page/0002_DSC_0435.xml,0002_DSC_0435,True,2,2,54,54,54,54,2250,2250,430,430,ids_equal=True;line_text_diffs=0;major=False
4502444,Svea Hovra╠êtt etc/export_job_4502444/855910/Svea_Hovra╠êtt_ÔÇô_Advokatfiskalen_Ja╠êmtlands_la╠ên_(1713)_103_ÔÇô_117/page/0003_DSC_0436.xml,0003_DSC_0436,True,2,2,55,55,55,55,2362,2362,471,471,ids_equal=True;line_text_diffs=0;major=False
4502444,Svea Hovra╠êtt etc/export_job_4502444/855910/Svea_Hovra╠êtt_ÔÇô_Advokatfiskalen_Ja╠êmtlands_la╠ên_(1713)_103_ÔÇô_117/page/0004_DSC_0437.xml,0004_DSC_0437,True,2,2,59,59,59,59,2785,2785,526,526,ids_equal=True;line_text_diffs=0;major=False
4502444,Svea Hovra╠êtt etc/export_job_4502444/855910/Svea_Hovra╠êtt_ÔÇô_Advokatfiskalen_Ja╠êmtlands_la╠ên_(1713)_103_ÔÇô_117/page/0005_DSC_0438.xml,0005_DSC_0438,True,2,2,56,56,56,56,2311,2311,446,446,ids_equal=True;line_text_diffs=0;major=False
4502444,Svea Hovra╠êtt etc/export_job_4502444/855910/Svea_Hovra╠êtt_ÔÇô_Advokatfiskalen_Ja╠êmtlands_la╠ên_(1713)_103_ÔÇô_117/page/0006_DSC_0439.xml,0006_DSC_0439,True,2,2,58,58,58,58,2444,2444,469,469,ids_equal=True;line_text_diffs=0;major=False
4502444,Svea Hovra╠êtt etc/export_job_4502444/855910/Svea_Hovra╠êtt_ÔÇô_Advokatfiskalen_Ja╠êmtlands_la╠ên_(1713)_103_ÔÇô_117/page/0007_DSC_0440.xml,0007_DSC_0440,True,2,2,56,56,56,56,2456,2456,446,446,ids_equal=True;line_text_diffs=0;major=False
4502444,Svea Hovra╠êtt etc/export_job_4502444/855910/Svea_Hovra╠êtt_ÔÇô_Advokatfiskalen_Ja╠êmtlands_la╠ên_(1713)_103_ÔÇô_117/page/0008_DSC_0441.xml,0008_DSC_0441,True,2,2,56,56,56,56,2434,2434,483,483,ids_equal=True;line_text_diffs=0;major=False
4502444,Svea Hovra╠êtt etc/export_job_4502444/855910/Svea_Hovra╠êtt_ÔÇô_Advokatfiskalen_Ja╠êmtlands_la╠ên_(1713)_103_ÔÇô_117/page/0009_DSC_0442.xml,0009_DSC_0442,True,2,2,56,56,56,56,2453,2453,498,498,ids_equal=True;line_text_diffs=0;major=False
4502444,Svea Hovra╠êtt etc/export_job_4502444/855910/Svea_Hovra╠êtt_ÔÇô_Advokatfiskalen_Ja╠êmtlands_la╠ên_(1713)_103_ÔÇô_117/page/0010_DSC_0443.xml,0010_DSC_0443,True,2,2,56,56,56,56,2371,2371,483,483,ids_equal=True;line_text_diffs=0;major=False
4502444,Svea Hovra╠êtt etc/export_job_4502444/855910/Svea_Hovra╠êtt_ÔÇô_Advokatfiskalen_Ja╠êmtlands_la╠ên_(1713)_103_ÔÇô_117/page/0011_DSC_0444.xml,0011_DSC_0444,True,2,2,56,56,56,56,2256,2256,454,454,ids_equal=True;line_text_diffs=0;major=False
4502444,Svea Hovra╠êtt etc/export_job_4502444/855910/Svea_Hovra╠êtt_ÔÇô_Advokatfiskalen_Ja╠êmtlands_la╠ên_(1713)_103_ÔÇô_117/page/0012_DSC_0445.xml,0012_DSC_0445,True,2,2,55,55,55,55,2231,2231,433,433,ids_equal=True;line_text_diffs=0;major=False
4502444,Svea Hovra╠êtt etc/export_job_4502444/855910/Svea_Hovra╠êtt_ÔÇô_Advokatfiskalen_Ja╠êmtlands_la╠ên_(1713)_103_ÔÇô_117/page/0013_DSC_0446.xml,0013_DSC_0446,True,2,2,57,57,57,57,2349,2349,440,440,ids_equal=True;line_text_diffs=0;major=False
4502444,Svea Hovra╠êtt etc/export_job_4502444/855910/Svea_Hovra╠êtt_ÔÇô_Advokatfiskalen_Ja╠êmtlands_la╠ên_(1713)_103_ÔÇô_117/page/0014_DSC_0447.xml,0014_DSC_0447,True,2,2,57,57,57,57,2395,2395,447,447,ids_equal=True;line_text_diffs=0;major=False
4502444,Svea Hovra╠êtt etc/export_job_4502444/855910/Svea_Hovra╠êtt_ÔÇô_Advokatfiskalen_Ja╠êmtlands_la╠ên_(1713)_103_ÔÇô_117/page/0015_DSC_0448.xml,0015_DSC_0448,True,2,2,46,46,46,46,1551,1551,300,300,ids_equal=True;line_text_diffs=0;major=False
4502445,Svea Hovra╠êtt etc/export_job_4502445/845640/Svea_Hovra╠êtt_-_Advokatfiskalen_Ja╠êmtlands_la╠ên_(1702)_366_-_414/page/0001_DSC_0370.xml,0001_DSC_0370,True,2,2,24,24,24,24,667,667,132,132,ids_equal=True;line_text_diffs=0;major=False
4502445,Svea Hovra╠êtt etc/export_job_4502445/845640/Svea_Hovra╠êtt_-_Advokatfiskalen_Ja╠êmtlands_la╠ên_(1702)_366_-_414/page/0002_DSC_0371.xml,0002_DSC_0371,True,2,2,42,42,42,42,1124,1124,225,225,ids_equal=True;line_text_diffs=0;major=False
4502445,Svea Hovra╠êtt etc/export_job_4502445/845640/Svea_Hovra╠êtt_-_Advokatfiskalen_Ja╠êmtlands_la╠ên_(1702)_366_-_414/page/0003_DSC_0372.xml,0003_DSC_0372,True,2,2,44,44,44,44,1226,1226,259,259,ids_equal=True;line_text_diffs=0;major=False
4502445,Svea Hovra╠êtt etc/export_job_4502445/845640/Svea_Hovra╠êtt_-_Advokatfiskalen_Ja╠êmtlands_la╠ên_(1702)_366_-_414/page/0004_DSC_0374.xml,0004_DSC_0374,True,2,2,45,45,45,45,1183,1183,253,253,ids_equal=True;line_text_diffs=0;major=False
4502445,Svea Hovra╠êtt etc/export_job_4502445/845640/Svea_Hovra╠êtt_-_Advokatfiskalen_Ja╠êmtlands_la╠ên_(1702)_366_-_414/page/0005_DSC_0375.xml,0005_DSC_0375,True,2,2,45,45,45,45,1221,1221,257,257,ids_equal=True;line_text_diffs=0;major=False
4502445,Svea Hovra╠êtt etc/export_job_4502445/845640/Svea_Hovra╠êtt_-_Advokatfiskalen_Ja╠êmtlands_la╠ên_(1702)_366_-_414/page/0006_DSC_0377.xml,0006_DSC_0377,True,2,2,44,44,44,44,1182,1182,248,248,ids_equal=True;line_text_diffs=0;major=False
4502445,Svea Hovra╠êtt etc/export_job_4502445/845640/Svea_Hovra╠êtt_-_Advokatfiskalen_Ja╠êmtlands_la╠ên_(1702)_366_-_414/page/0007_DSC_0378.xml,0007_DSC_0378,True,2,2,44,44,44,44,1130,1130,242,242,ids_equal=True;line_text_diffs=0;major=False
4502445,Svea Hovra╠êtt etc/export_job_4502445/845640/Svea_Hovra╠êtt_-_Advokatfiskalen_Ja╠êmtlands_la╠ên_(1702)_366_-_414/page/0008_DSC_0379.xml,0008_DSC_0379,True,2,2,45,45,45,45,1168,1168,224,224,ids_equal=True;line_text_diffs=0;major=False
4502445,Svea Hovra╠êtt etc/export_job_4502445/845640/Svea_Hovra╠êtt_-_Advokatfiskalen_Ja╠êmtlands_la╠ên_(1702)_366_-_414/page/0009_DSC_0380.xml,0009_DSC_0380,True,2,2,41,41,41,41,1135,1135,228,228,ids_equal=True;line_text_diffs=0;major=False
4502445,Svea Hovra╠êtt etc/export_job_4502445/845640/Svea_Hovra╠êtt_-_Advokatfiskalen_Ja╠êmtlands_la╠ên_(1702)_366_-_414/page/0010_DSC_0381.xml,0010_DSC_0381,True,3,3,44,44,44,44,1115,1115,232,232,ids_equal=True;line_text_diffs=0;major=False
4502445,Svea Hovra╠êtt etc/export_job_4502445/845640/Svea_Hovra╠êtt_-_Advokatfiskalen_Ja╠êmtlands_la╠ên_(1702)_366_-_414/page/0011_DSC_0383.xml,0011_DSC_0383,True,2,2,44,44,44,44,1180,1180,246,246,ids_equal=True;line_text_diffs=0;major=False
4502445,Svea Hovra╠êtt etc/export_job_4502445/845640/Svea_Hovra╠êtt_-_Advokatfiskalen_Ja╠êmtlands_la╠ên_(1702)_366_-_414/page/0012_DSC_0384.xml,0012_DSC_0384,True,3,3,45,45,45,45,1220,1220,252,252,ids_equal=True;line_text_diffs=0;major=False
4502445,Svea Hovra╠êtt etc/export_job_4502445/845640/Svea_Hovra╠êtt_-_Advokatfiskalen_Ja╠êmtlands_la╠ên_(1702)_366_-_414/page/0013_DSC_0385.xml,0013_DSC_0385,True,2,2,41,41,41,41,1152,1152,237,237,ids_equal=True;line_text_diffs=0;major=False
4502445,Svea Hovra╠êtt etc/export_job_4502445/845640/Svea_Hovra╠êtt_-_Advokatfiskalen_Ja╠êmtlands_la╠ên_(1702)_366_-_414/page/0014_DSC_0386.xml,0014_DSC_0386,True,2,2,45,45,45,45,1168,1168,244,244,ids_equal=True;line_text_diffs=0;major=False
4502445,Svea Hovra╠êtt etc/export_job_4502445/845640/Svea_Hovra╠êtt_-_Advokatfiskalen_Ja╠êmtlands_la╠ên_(1702)_366_-_414/page/0015_DSC_0389.xml,0015_DSC_0389,True,2,2,44,44,44,44,1189,1189,251,251,ids_equal=True;line_text_diffs=0;major=False
4502445,Svea Hovra╠êtt etc/export_job_4502445/845640/Svea_Hovra╠êtt_-_Advokatfiskalen_Ja╠êmtlands_la╠ên_(1702)_366_-_414/page/0016_DSC_0390.xml,0016_DSC_0390,True,2,2,45,45,45,45,1269,1269,268,268,ids_equal=True;line_text_diffs=0;major=False
4502445,Svea Hovra╠êtt etc/export_job_4502445/845640/Svea_Hovra╠êtt_-_Advokatfiskalen_Ja╠êmtlands_la╠ên_(1702)_366_-_414/page/0017_DSC_0391.xml,0017_DSC_0391,True,2,2,45,45,45,45,1247,1247,257,257,ids_equal=True;line_text_diffs=0;major=False
4502445,Svea Hovra╠êtt etc/export_job_4502445/845640/Svea_Hovra╠êtt_-_Advokatfiskalen_Ja╠êmtlands_la╠ên_(1702)_366_-_414/page/0018_DSC_0392.xml,0018_DSC_0392,True,2,2,45,45,45,45,1239,1239,260,260,ids_equal=True;line_text_diffs=0;major=False
4502445,Svea Hovra╠êtt etc/export_job_4502445/845640/Svea_Hovra╠êtt_-_Advokatfiskalen_Ja╠êmtlands_la╠ên_(1702)_366_-_414/page/0019_DSC_0396.xml,0019_DSC_0396,True,2,2,43,43,43,43,1111,1111,230,230,ids_equal=True;line_text_diffs=0;major=False
4502445,Svea Hovra╠êtt etc/export_job_4502445/845640/Svea_Hovra╠êtt_-_Advokatfiskalen_Ja╠êmtlands_la╠ên_(1702)_366_-_414/page/0020_DSC_0397.xml,0020_DSC_0397,True,2,2,45,45,45,45,1216,1216,266,266,ids_equal=True;line_text_diffs=0;major=False
4502445,Svea Hovra╠êtt etc/export_job_4502445/845640/Svea_Hovra╠êtt_-_Advokatfiskalen_Ja╠êmtlands_la╠ên_(1702)_366_-_414/page/0021_DSC_0398.xml,0021_DSC_0398,True,2,2,44,44,44,44,1196,1196,259,259,ids_equal=True;line_text_diffs=0;major=False
4502445,Svea Hovra╠êtt etc/export_job_4502445/845640/Svea_Hovra╠êtt_-_Advokatfiskalen_Ja╠êmtlands_la╠ên_(1702)_366_-_414/page/0022_DSC_0399.xml,0022_DSC_0399,True,2,2,44,44,44,44,1124,1124,249,249,ids_equal=True;line_text_diffs=0;major=False
4502445,Svea Hovra╠êtt etc/export_job_4502445/845640/Svea_Hovra╠êtt_-_Advokatfiskalen_Ja╠êmtlands_la╠ên_(1702)_366_-_414/page/0023_DSC_0400.xml,0023_DSC_0400,True,2,2,45,45,45,45,1228,1228,266,266,ids_equal=True;line_text_diffs=0;major=False
4502445,Svea Hovra╠êtt etc/export_job_4502445/845640/Svea_Hovra╠êtt_-_Advokatfiskalen_Ja╠êmtlands_la╠ên_(1702)_366_-_414/page/0024_DSC_0401.xml,0024_DSC_0401,True,2,2,45,45,45,45,1176,1176,246,246,ids_equal=True;line_text_diffs=0;major=False
4502445,Svea Hovra╠êtt etc/export_job_4502445/845640/Svea_Hovra╠êtt_-_Advokatfiskalen_Ja╠êmtlands_la╠ên_(1702)_366_-_414/page/0025_DSC_0403.xml,0025_DSC_0403,True,2,2,45,45,45,45,1207,1207,259,259,ids_equal=True;line_text_diffs=0;major=False
4502445,Svea Hovra╠êtt etc/export_job_4502445/845640/Svea_Hovra╠êtt_-_Advokatfiskalen_Ja╠êmtlands_la╠ên_(1702)_366_-_414/page/0026_DSC_0404.xml,0026_DSC_0404,True,2,2,45,45,45,45,1216,1216,268,268,ids_equal=True;line_text_diffs=0;major=False
4502445,Svea Hovra╠êtt etc/export_job_4502445/845640/Svea_Hovra╠êtt_-_Advokatfiskalen_Ja╠êmtlands_la╠ên_(1702)_366_-_414/page/0027_DSC_0405.xml,0027_DSC_0405,True,2,2,45,45,45,45,1216,1216,257,257,ids_equal=True;line_text_diffs=0;major=False
4502445,Svea Hovra╠êtt etc/export_job_4502445/845640/Svea_Hovra╠êtt_-_Advokatfiskalen_Ja╠êmtlands_la╠ên_(1702)_366_-_414/page/0028_DSC_0406.xml,0028_DSC_0406,True,2,2,45,45,45,45,1234,1234,261,261,ids_equal=True;line_text_diffs=0;major=False
4502445,Svea Hovra╠êtt etc/export_job_4502445/845640/Svea_Hovra╠êtt_-_Advokatfiskalen_Ja╠êmtlands_la╠ên_(1702)_366_-_414/page/0029_DSC_0407.xml,0029_DSC_0407,True,2,2,44,44,44,44,1272,1272,262,262,ids_equal=True;line_text_diffs=0;major=False
4502445,Svea Hovra╠êtt etc/export_job_4502445/845640/Svea_Hovra╠êtt_-_Advokatfiskalen_Ja╠êmtlands_la╠ên_(1702)_366_-_414/page/0030_DSC_0408.xml,0030_DSC_0408,True,2,2,45,45,45,45,1267,1267,281,281,ids_equal=True;line_text_diffs=0;major=False
4502445,Svea Hovra╠êtt etc/export_job_4502445/845640/Svea_Hovra╠êtt_-_Advokatfiskalen_Ja╠êmtlands_la╠ên_(1702)_366_-_414/page/0031_DSC_0410.xml,0031_DSC_0410,True,2,2,44,44,44,44,1210,1210,259,259,ids_equal=True;line_text_diffs=0;major=False
4502445,Svea Hovra╠êtt etc/export_job_4502445/845640/Svea_Hovra╠êtt_-_Advokatfiskalen_Ja╠êmtlands_la╠ên_(1702)_366_-_414/page/0032_DSC_0411.xml,0032_DSC_0411,True,2,2,41,41,41,41,1270,1270,256,256,ids_equal=True;line_text_diffs=0;major=False
4502445,Svea Hovra╠êtt etc/export_job_4502445/845640/Svea_Hovra╠êtt_-_Advokatfiskalen_Ja╠êmtlands_la╠ên_(1702)_366_-_414/page/0033_DSC_0412.xml,0033_DSC_0412,True,2,2,45,45,45,45,1306,1306,263,263,ids_equal=True;line_text_diffs=0;major=False
4502445,Svea Hovra╠êtt etc/export_job_4502445/845640/Svea_Hovra╠êtt_-_Advokatfiskalen_Ja╠êmtlands_la╠ên_(1702)_366_-_414/page/0034_DSC_0413.xml,0034_DSC_0413,True,2,2,45,45,45,45,1212,1212,263,263,ids_equal=True;line_text_diffs=0;major=False
4502445,Svea Hovra╠êtt etc/export_job_4502445/845640/Svea_Hovra╠êtt_-_Advokatfiskalen_Ja╠êmtlands_la╠ên_(1702)_366_-_414/page/0035_DSC_0415.xml,0035_DSC_0415,True,2,2,44,44,44,44,1236,1236,272,272,ids_equal=True;line_text_diffs=0;major=False
4502445,Svea Hovra╠êtt etc/export_job_4502445/845640/Svea_Hovra╠êtt_-_Advokatfiskalen_Ja╠êmtlands_la╠ên_(1702)_366_-_414/page/0036_DSC_0418.xml,0036_DSC_0418,True,2,2,45,45,45,45,1214,1214,259,259,ids_equal=True;line_text_diffs=0;major=False
4502445,Svea Hovra╠êtt etc/export_job_4502445/845640/Svea_Hovra╠êtt_-_Advokatfiskalen_Ja╠êmtlands_la╠ên_(1702)_366_-_414/page/0037_DSC_0419.xml,0037_DSC_0419,True,2,2,45,45,45,45,1146,1146,245,245,ids_equal=True;line_text_diffs=0;major=False
4502445,Svea Hovra╠êtt etc/export_job_4502445/845640/Svea_Hovra╠êtt_-_Advokatfiskalen_Ja╠êmtlands_la╠ên_(1702)_366_-_414/page/0038_DSC_0420.xml,0038_DSC_0420,True,3,3,44,44,44,44,1211,1211,247,247,ids_equal=True;line_text_diffs=0;major=False
4502445,Svea Hovra╠êtt etc/export_job_4502445/845640/Svea_Hovra╠êtt_-_Advokatfiskalen_Ja╠êmtlands_la╠ên_(1702)_366_-_414/page/0039_DSC_0421.xml,0039_DSC_0421,True,3,3,44,44,44,44,1229,1229,252,252,ids_equal=True;line_text_diffs=0;major=False
4502445,Svea Hovra╠êtt etc/export_job_4502445/845640/Svea_Hovra╠êtt_-_Advokatfiskalen_Ja╠êmtlands_la╠ên_(1702)_366_-_414/page/0040_DSC_0422.xml,0040_DSC_0422,True,2,2,43,43,43,43,1207,1207,237,237,ids_equal=True;line_text_diffs=0;major=False
4502445,Svea Hovra╠êtt etc/export_job_4502445/845640/Svea_Hovra╠êtt_-_Advokatfiskalen_Ja╠êmtlands_la╠ên_(1702)_366_-_414/page/0041_DSC_0423.xml,0041_DSC_0423,True,3,3,46,46,46,46,1297,1297,266,266,ids_equal=True;line_text_diffs=0;major=False
4502445,Svea Hovra╠êtt etc/export_job_4502445/845640/Svea_Hovra╠êtt_-_Advokatfiskalen_Ja╠êmtlands_la╠ên_(1702)_366_-_414/page/0042_DSC_0424.xml,0042_DSC_0424,True,2,2,46,46,46,46,1243,1243,262,262,ids_equal=True;line_text_diffs=0;major=False
4502445,Svea Hovra╠êtt etc/export_job_4502445/845640/Svea_Hovra╠êtt_-_Advokatfiskalen_Ja╠êmtlands_la╠ên_(1702)_366_-_414/page/0043_DSC_0425.xml,0043_DSC_0425,True,2,2,45,45,45,45,1268,1268,282,282,ids_equal=True;line_text_diffs=0;major=False
4502445,Svea Hovra╠êtt etc/export_job_4502445/845640/Svea_Hovra╠êtt_-_Advokatfiskalen_Ja╠êmtlands_la╠ên_(1702)_366_-_414/page/0044_DSC_0426.xml,0044_DSC_0426,True,2,2,43,43,43,43,1132,1132,242,242,ids_equal=True;line_text_diffs=0;major=False
4502445,Svea Hovra╠êtt etc/export_job_4502445/845640/Svea_Hovra╠êtt_-_Advokatfiskalen_Ja╠êmtlands_la╠ên_(1702)_366_-_414/page/0045_DSC_0427.xml,0045_DSC_0427,True,2,2,45,45,45,45,1230,1230,268,268,ids_equal=True;line_text_diffs=0;major=False
4502445,Svea Hovra╠êtt etc/export_job_4502445/845640/Svea_Hovra╠êtt_-_Advokatfiskalen_Ja╠êmtlands_la╠ên_(1702)_366_-_414/page/0046_DSC_0428.xml,0046_DSC_0428,True,2,2,44,44,44,44,1283,1283,261,261,ids_equal=True;line_text_diffs=0;major=False
4502445,Svea Hovra╠êtt etc/export_job_4502445/845640/Svea_Hovra╠êtt_-_Advokatfiskalen_Ja╠êmtlands_la╠ên_(1702)_366_-_414/page/0047_DSC_0429.xml,0047_DSC_0429,True,2,2,42,42,42,42,1247,1247,271,271,ids_equal=True;line_text_diffs=0;major=False
4502445,Svea Hovra╠êtt etc/export_job_4502445/845640/Svea_Hovra╠êtt_-_Advokatfiskalen_Ja╠êmtlands_la╠ên_(1702)_366_-_414/page/0048_DSC_0430.xml,0048_DSC_0430,True,2,2,44,44,44,44,1220,1220,265,265,ids_equal=True;line_text_diffs=0;major=False
4502445,Svea Hovra╠êtt etc/export_job_4502445/845640/Svea_Hovra╠êtt_-_Advokatfiskalen_Ja╠êmtlands_la╠ên_(1702)_366_-_414/page/0049_DSC_0432.xml,0049_DSC_0432,True,2,2,43,43,43,43,1187,1187,239,239,ids_equal=True;line_text_diffs=0;major=False
4502446,Svea Hovra╠êtt etc/export_job_4502446/842250/Svea_Hovra╠êtt_-_Advokatfiskalens_Ja╠êmtlands_la╠ên_(1702)_124-156/page/0001_DSC_0332.xml,0001_DSC_0332,True,1,1,20,20,20,20,480,480,90,90,ids_equal=True;line_text_diffs=0;major=False
4502446,Svea Hovra╠êtt etc/export_job_4502446/842250/Svea_Hovra╠êtt_-_Advokatfiskalens_Ja╠êmtlands_la╠ên_(1702)_124-156/page/0002_DSC_0333.xml,0002_DSC_0333,True,2,2,42,42,42,42,1202,1202,235,235,ids_equal=True;line_text_diffs=0;major=False
4502446,Svea Hovra╠êtt etc/export_job_4502446/842250/Svea_Hovra╠êtt_-_Advokatfiskalens_Ja╠êmtlands_la╠ên_(1702)_124-156/page/0003_DSC_0335.xml,0003_DSC_0335,True,3,3,41,41,41,41,1167,1167,237,237,ids_equal=True;line_text_diffs=0;major=False
4502446,Svea Hovra╠êtt etc/export_job_4502446/842250/Svea_Hovra╠êtt_-_Advokatfiskalens_Ja╠êmtlands_la╠ên_(1702)_124-156/page/0004_DSC_0336.xml,0004_DSC_0336,True,2,2,43,43,43,43,1188,1188,262,262,ids_equal=True;line_text_diffs=0;major=False
4502446,Svea Hovra╠êtt etc/export_job_4502446/842250/Svea_Hovra╠êtt_-_Advokatfiskalens_Ja╠êmtlands_la╠ên_(1702)_124-156/page/0005_DSC_0337.xml,0005_DSC_0337,True,2,2,43,43,43,43,1123,1123,225,225,ids_equal=True;line_text_diffs=0;major=False
4502446,Svea Hovra╠êtt etc/export_job_4502446/842250/Svea_Hovra╠êtt_-_Advokatfiskalens_Ja╠êmtlands_la╠ên_(1702)_124-156/page/0006_DSC_0339.xml,0006_DSC_0339,True,2,2,41,41,41,41,1098,1098,209,209,ids_equal=True;line_text_diffs=0;major=False
4502446,Svea Hovra╠êtt etc/export_job_4502446/842250/Svea_Hovra╠êtt_-_Advokatfiskalens_Ja╠êmtlands_la╠ên_(1702)_124-156/page/0007_DSC_0340.xml,0007_DSC_0340,True,3,3,43,43,43,43,1167,1167,250,250,ids_equal=True;line_text_diffs=0;major=False
4502446,Svea Hovra╠êtt etc/export_job_4502446/842250/Svea_Hovra╠êtt_-_Advokatfiskalens_Ja╠êmtlands_la╠ên_(1702)_124-156/page/0008_DSC_0341.xml,0008_DSC_0341,True,2,2,43,43,43,43,1129,1129,244,244,ids_equal=True;line_text_diffs=0;major=False
4502446,Svea Hovra╠êtt etc/export_job_4502446/842250/Svea_Hovra╠êtt_-_Advokatfiskalens_Ja╠êmtlands_la╠ên_(1702)_124-156/page/0009_DSC_0342.xml,0009_DSC_0342,True,2,2,43,43,43,43,1169,1169,236,236,ids_equal=True;line_text_diffs=0;major=False
4502446,Svea Hovra╠êtt etc/export_job_4502446/842250/Svea_Hovra╠êtt_-_Advokatfiskalens_Ja╠êmtlands_la╠ên_(1702)_124-156/page/0010_DSC_0343.xml,0010_DSC_0343,True,2,2,43,43,43,43,1173,1173,248,248,ids_equal=True;line_text_diffs=0;major=False
4502446,Svea Hovra╠êtt etc/export_job_4502446/842250/Svea_Hovra╠êtt_-_Advokatfiskalens_Ja╠êmtlands_la╠ên_(1702)_124-156/page/0011_DSC_0344.xml,0011_DSC_0344,True,2,2,41,41,41,41,1104,1104,223,223,ids_equal=True;line_text_diffs=0;major=False
4502446,Svea Hovra╠êtt etc/export_job_4502446/842250/Svea_Hovra╠êtt_-_Advokatfiskalens_Ja╠êmtlands_la╠ên_(1702)_124-156/page/0012_DSC_0345.xml,0012_DSC_0345,True,2,2,40,40,40,40,1056,1056,213,213,ids_equal=True;line_text_diffs=0;major=False
4502446,Svea Hovra╠êtt etc/export_job_4502446/842250/Svea_Hovra╠êtt_-_Advokatfiskalens_Ja╠êmtlands_la╠ên_(1702)_124-156/page/0013_DSC_0346.xml,0013_DSC_0346,True,2,2,43,43,43,43,1200,1200,261,261,ids_equal=True;line_text_diffs=0;major=False
4502446,Svea Hovra╠êtt etc/export_job_4502446/842250/Svea_Hovra╠êtt_-_Advokatfiskalens_Ja╠êmtlands_la╠ên_(1702)_124-156/page/0014_DSC_0347.xml,0014_DSC_0347,True,2,2,43,43,43,43,1128,1128,255,255,ids_equal=True;line_text_diffs=0;major=False
4502446,Svea Hovra╠êtt etc/export_job_4502446/842250/Svea_Hovra╠êtt_-_Advokatfiskalens_Ja╠êmtlands_la╠ên_(1702)_124-156/page/0015_DSC_0348.xml,0015_DSC_0348,True,2,2,43,43,43,43,1089,1089,230,230,ids_equal=True;line_text_diffs=0;major=False
4502446,Svea Hovra╠êtt etc/export_job_4502446/842250/Svea_Hovra╠êtt_-_Advokatfiskalens_Ja╠êmtlands_la╠ên_(1702)_124-156/page/0016_DSC_0349.xml,0016_DSC_0349,True,2,2,40,40,40,40,1013,1013,211,211,ids_equal=True;line_text_diffs=0;major=False
4502446,Svea Hovra╠êtt etc/export_job_4502446/842250/Svea_Hovra╠êtt_-_Advokatfiskalens_Ja╠êmtlands_la╠ên_(1702)_124-156/page/0017_DSC_0350.xml,0017_DSC_0350,True,2,2,42,42,42,42,1099,1099,246,246,ids_equal=True;line_text_diffs=0;major=False
4502446,Svea Hovra╠êtt etc/export_job_4502446/842250/Svea_Hovra╠êtt_-_Advokatfiskalens_Ja╠êmtlands_la╠ên_(1702)_124-156/page/0018_DSC_0351.xml,0018_DSC_0351,True,3,3,43,43,43,43,1173,1173,252,252,ids_equal=True;line_text_diffs=0;major=False
4502446,Svea Hovra╠êtt etc/export_job_4502446/842250/Svea_Hovra╠êtt_-_Advokatfiskalens_Ja╠êmtlands_la╠ên_(1702)_124-156/page/0019_DSC_0352.xml,0019_DSC_0352,True,3,3,42,42,42,42,1128,1128,231,231,ids_equal=True;line_text_diffs=0;major=False
4502446,Svea Hovra╠êtt etc/export_job_4502446/842250/Svea_Hovra╠êtt_-_Advokatfiskalens_Ja╠êmtlands_la╠ên_(1702)_124-156/page/0020_DSC_0353.xml,0020_DSC_0353,True,2,2,42,42,42,42,1155,1155,240,240,ids_equal=True;line_text_diffs=0;major=False
4502446,Svea Hovra╠êtt etc/export_job_4502446/842250/Svea_Hovra╠êtt_-_Advokatfiskalens_Ja╠êmtlands_la╠ên_(1702)_124-156/page/0021_DSC_0355.xml,0021_DSC_0355,True,2,2,43,43,43,43,1169,1169,230,230,ids_equal=True;line_text_diffs=0;major=False
4502446,Svea Hovra╠êtt etc/export_job_4502446/842250/Svea_Hovra╠êtt_-_Advokatfiskalens_Ja╠êmtlands_la╠ên_(1702)_124-156/page/0022_DSC_0356.xml,0022_DSC_0356,True,2,2,42,42,42,42,1064,1064,208,208,ids_equal=True;line_text_diffs=0;major=False
4502446,Svea Hovra╠êtt etc/export_job_4502446/842250/Svea_Hovra╠êtt_-_Advokatfiskalens_Ja╠êmtlands_la╠ên_(1702)_124-156/page/0023_DSC_0357.xml,0023_DSC_0357,True,2,2,41,41,41,41,1088,1088,229,229,ids_equal=True;line_text_diffs=0;major=False
4502446,Svea Hovra╠êtt etc/export_job_4502446/842250/Svea_Hovra╠êtt_-_Advokatfiskalens_Ja╠êmtlands_la╠ên_(1702)_124-156/page/0024_DSC_0358.xml,0024_DSC_0358,True,2,2,41,41,41,41,1091,1091,218,218,ids_equal=True;line_text_diffs=0;major=False
4502446,Svea Hovra╠êtt etc/export_job_4502446/842250/Svea_Hovra╠êtt_-_Advokatfiskalens_Ja╠êmtlands_la╠ên_(1702)_124-156/page/0025_DSC_0359.xml,0025_DSC_0359,True,2,2,38,38,38,38,1011,1011,207,207,ids_equal=True;line_text_diffs=0;major=False
4502446,Svea Hovra╠êtt etc/export_job_4502446/842250/Svea_Hovra╠êtt_-_Advokatfiskalens_Ja╠êmtlands_la╠ên_(1702)_124-156/page/0026_DSC_0361.xml,0026_DSC_0361,True,2,2,43,43,43,43,1212,1212,255,255,ids_equal=True;line_text_diffs=0;major=False
4502446,Svea Hovra╠êtt etc/export_job_4502446/842250/Svea_Hovra╠êtt_-_Advokatfiskalens_Ja╠êmtlands_la╠ên_(1702)_124-156/page/0027_DSC_0362.xml,0027_DSC_0362,True,2,2,39,39,39,39,1033,1033,212,212,ids_equal=True;line_text_diffs=0;major=False
4502446,Svea Hovra╠êtt etc/export_job_4502446/842250/Svea_Hovra╠êtt_-_Advokatfiskalens_Ja╠êmtlands_la╠ên_(1702)_124-156/page/0028_DSC_0364.xml,0028_DSC_0364,True,2,2,42,42,42,42,1165,1165,230,230,ids_equal=True;line_text_diffs=0;major=False
4502446,Svea Hovra╠êtt etc/export_job_4502446/842250/Svea_Hovra╠êtt_-_Advokatfiskalens_Ja╠êmtlands_la╠ên_(1702)_124-156/page/0029_DSC_0365.xml,0029_DSC_0365,True,2,2,41,41,41,41,1162,1162,236,236,ids_equal=True;line_text_diffs=0;major=False
4502446,Svea Hovra╠êtt etc/export_job_4502446/842250/Svea_Hovra╠êtt_-_Advokatfiskalens_Ja╠êmtlands_la╠ên_(1702)_124-156/page/0030_DSC_0366.xml,0030_DSC_0366,True,2,2,39,39,39,39,1013,1013,209,209,ids_equal=True;line_text_diffs=0;major=False
4502446,Svea Hovra╠êtt etc/export_job_4502446/842250/Svea_Hovra╠êtt_-_Advokatfiskalens_Ja╠êmtlands_la╠ên_(1702)_124-156/page/0031_DSC_0367.xml,0031_DSC_0367,True,2,2,41,41,41,41,1087,1087,212,212,ids_equal=True;line_text_diffs=0;major=False
4502446,Svea Hovra╠êtt etc/export_job_4502446/842250/Svea_Hovra╠êtt_-_Advokatfiskalens_Ja╠êmtlands_la╠ên_(1702)_124-156/page/0032_DSC_0368.xml,0032_DSC_0368,True,2,2,43,43,43,43,1162,1162,230,230,ids_equal=True;line_text_diffs=0;major=False
4502446,Svea Hovra╠êtt etc/export_job_4502446/842250/Svea_Hovra╠êtt_-_Advokatfiskalens_Ja╠êmtlands_la╠ên_(1702)_124-156/page/0033_DSC_0369.xml,0033_DSC_0369,True,1,1,14,14,14,14,390,390,72,72,ids_equal=True;line_text_diffs=0;major=False
