collection,page_xml,page,region_id,reading_order,region_type,lines,lines_with_gt,pct_lines_with_gt,width_frac_of_page,x_center_frac,narrow_region,unsegmented_px_below_last_line,median_line_height_px,large_unsegmented_space_below,region_textequiv_equals_joined_lines
4502443,Svea Hovra╠êtt etc/export_job_4502443/858057/Svea_Hovra╠êtt_ÔÇô_Advokatfiskalen_Ja╠êmtlands_la╠ên_(1713)_372_ÔÇô_383_/page/0001_DSC_0449.xml,0001_DSC_0449,r2,0,(none),25,25,100.0,0.406,0.726,False,-23,87,False,True
4502443,Svea Hovra╠êtt etc/export_job_4502443/858057/Svea_Hovra╠êtt_ÔÇô_Advokatfiskalen_Ja╠êmtlands_la╠ên_(1713)_372_ÔÇô_383_/page/0002_DSC_0450.xml,0002_DSC_0450,r1,0,(none),28,28,100.0,0.329,0.353,False,-16,95.0,False,True
4502443,Svea Hovra╠êtt etc/export_job_4502443/858057/Svea_Hovra╠êtt_ÔÇô_Advokatfiskalen_Ja╠êmtlands_la╠ên_(1713)_372_ÔÇô_383_/page/0002_DSC_0450.xml,0002_DSC_0450,r2,1,(none),28,28,100.0,0.384,0.72,False,-10,81.0,False,True
4502443,Svea Hovra╠êtt etc/export_job_4502443/858057/Svea_Hovra╠êtt_ÔÇô_Advokatfiskalen_Ja╠êmtlands_la╠ên_(1713)_372_ÔÇô_383_/page/0003_DSC_0451.xml,0003_DSC_0451,r1,0,(none),27,27,100.0,0.364,0.336,False,-6,119,False,True
4502443,Svea Hovra╠êtt etc/export_job_4502443/858057/Svea_Hovra╠êtt_ÔÇô_Advokatfiskalen_Ja╠êmtlands_la╠ên_(1713)_372_ÔÇô_383_/page/0003_DSC_0451.xml,0003_DSC_0451,r2,1,(none),28,28,100.0,0.378,0.713,False,-13,83.5,False,True
4502443,Svea Hovra╠êtt etc/export_job_4502443/858057/Svea_Hovra╠êtt_ÔÇô_Advokatfiskalen_Ja╠êmtlands_la╠ên_(1713)_372_ÔÇô_383_/page/0004_DSC_0452.xml,0004_DSC_0452,r1,0,(none),27,27,100.0,0.325,0.337,False,-15,95,False,True
4502443,Svea Hovra╠êtt etc/export_job_4502443/858057/Svea_Hovra╠êtt_ÔÇô_Advokatfiskalen_Ja╠êmtlands_la╠ên_(1713)_372_ÔÇô_383_/page/0004_DSC_0452.xml,0004_DSC_0452,r2,1,(none),27,27,100.0,0.368,0.699,False,-15,74,False,True
4502443,Svea Hovra╠êtt etc/export_job_4502443/858057/Svea_Hovra╠êtt_ÔÇô_Advokatfiskalen_Ja╠êmtlands_la╠ên_(1713)_372_ÔÇô_383_/page/0005_DSC_0453.xml,0005_DSC_0453,r1,0,(none),28,28,100.0,0.336,0.33,False,-6,100.0,False,True
4502443,Svea Hovra╠êtt etc/export_job_4502443/858057/Svea_Hovra╠êtt_ÔÇô_Advokatfiskalen_Ja╠êmtlands_la╠ên_(1713)_372_ÔÇô_383_/page/0005_DSC_0453.xml,0005_DSC_0453,r2,1,(none),28,28,100.0,0.378,0.704,False,-9,79.0,False,True
4502443,Svea Hovra╠êtt etc/export_job_4502443/858057/Svea_Hovra╠êtt_ÔÇô_Advokatfiskalen_Ja╠êmtlands_la╠ên_(1713)_372_ÔÇô_383_/page/0006_DSC_0454.xml,0006_DSC_0454,r1,0,(none),28,28,100.0,0.339,0.341,False,-19,86.5,False,True
4502443,Svea Hovra╠êtt etc/export_job_4502443/858057/Svea_Hovra╠êtt_ÔÇô_Advokatfiskalen_Ja╠êmtlands_la╠ên_(1713)_372_ÔÇô_383_/page/0006_DSC_0454.xml,0006_DSC_0454,r2,1,(none),28,28,100.0,0.371,0.714,False,-8,78.0,False,True
4502443,Svea Hovra╠êtt etc/export_job_4502443/858057/Svea_Hovra╠êtt_ÔÇô_Advokatfiskalen_Ja╠êmtlands_la╠ên_(1713)_372_ÔÇô_383_/page/0007_DSC_0455.xml,0007_DSC_0455,r1,0,(none),27,27,100.0,0.33,0.361,False,-16,80,False,True
4502443,Svea Hovra╠êtt etc/export_job_4502443/858057/Svea_Hovra╠êtt_ÔÇô_Advokatfiskalen_Ja╠êmtlands_la╠ên_(1713)_372_ÔÇô_383_/page/0007_DSC_0455.xml,0007_DSC_0455,r2,1,(none),26,26,100.0,0.367,0.715,False,-8,86.0,False,True
4502443,Svea Hovra╠êtt etc/export_job_4502443/858057/Svea_Hovra╠êtt_ÔÇô_Advokatfiskalen_Ja╠êmtlands_la╠ên_(1713)_372_ÔÇô_383_/page/0008_DSC_0456.xml,0008_DSC_0456,r1,0,(none),27,27,100.0,0.326,0.347,False,-20,90,False,True
4502443,Svea Hovra╠êtt etc/export_job_4502443/858057/Svea_Hovra╠êtt_ÔÇô_Advokatfiskalen_Ja╠êmtlands_la╠ên_(1713)_372_ÔÇô_383_/page/0008_DSC_0456.xml,0008_DSC_0456,r2,1,(none),27,27,100.0,0.373,0.692,False,0,74,False,True
4502444,Svea Hovra╠êtt etc/export_job_4502444/855910/Svea_Hovra╠êtt_ÔÇô_Advokatfiskalen_Ja╠êmtlands_la╠ên_(1713)_103_ÔÇô_117/page/0001_DSC_0433.xml,0001_DSC_0433,TextRegion_1638883138062_936,0,(none),27,27,100.0,0.412,0.705,False,-11,88,False,True
4502444,Svea Hovra╠êtt etc/export_job_4502444/855910/Svea_Hovra╠êtt_ÔÇô_Advokatfiskalen_Ja╠êmtlands_la╠ên_(1713)_103_ÔÇô_117/page/0002_DSC_0435.xml,0002_DSC_0435,r1,0,(none),27,27,100.0,0.354,0.361,False,-6,73,False,True
4502444,Svea Hovra╠êtt etc/export_job_4502444/855910/Svea_Hovra╠êtt_ÔÇô_Advokatfiskalen_Ja╠êmtlands_la╠ên_(1713)_103_ÔÇô_117/page/0002_DSC_0435.xml,0002_DSC_0435,TextRegion_1638883588135_1142,1,(none),27,27,100.0,0.397,0.744,False,-15,79,False,True
4502444,Svea Hovra╠êtt etc/export_job_4502444/855910/Svea_Hovra╠êtt_ÔÇô_Advokatfiskalen_Ja╠êmtlands_la╠ên_(1713)_103_ÔÇô_117/page/0003_DSC_0436.xml,0003_DSC_0436,TextRegion_1638883975683_1361,0,(none),28,28,100.0,0.369,0.365,False,40,70.0,False,True
4502444,Svea Hovra╠êtt etc/export_job_4502444/855910/Svea_Hovra╠êtt_ÔÇô_Advokatfiskalen_Ja╠êmtlands_la╠ên_(1713)_103_ÔÇô_117/page/0003_DSC_0436.xml,0003_DSC_0436,TextRegion_1638883975683_1360,1,(none),27,27,100.0,0.341,0.72,False,84,84,False,True
4502444,Svea Hovra╠êtt etc/export_job_4502444/855910/Svea_Hovra╠êtt_ÔÇô_Advokatfiskalen_Ja╠êmtlands_la╠ên_(1713)_103_ÔÇô_117/page/0004_DSC_0437.xml,0004_DSC_0437,r1,0,(none),29,29,100.0,0.37,0.35,False,-18,75,False,True
4502444,Svea Hovra╠êtt etc/export_job_4502444/855910/Svea_Hovra╠êtt_ÔÇô_Advokatfiskalen_Ja╠êmtlands_la╠ên_(1713)_103_ÔÇô_117/page/0004_DSC_0437.xml,0004_DSC_0437,r2,1,(none),30,30,100.0,0.355,0.72,False,-13,76.0,False,True
4502444,Svea Hovra╠êtt etc/export_job_4502444/855910/Svea_Hovra╠êtt_ÔÇô_Advokatfiskalen_Ja╠êmtlands_la╠ên_(1713)_103_ÔÇô_117/page/0005_DSC_0438.xml,0005_DSC_0438,r1,0,(none),28,28,100.0,0.371,0.349,False,-10,78.0,False,True
4502444,Svea Hovra╠êtt etc/export_job_4502444/855910/Svea_Hovra╠êtt_ÔÇô_Advokatfiskalen_Ja╠êmtlands_la╠ên_(1713)_103_ÔÇô_117/page/0005_DSC_0438.xml,0005_DSC_0438,r2,1,(none),28,28,100.0,0.377,0.731,False,-10,82.0,False,True
4502444,Svea Hovra╠êtt etc/export_job_4502444/855910/Svea_Hovra╠êtt_ÔÇô_Advokatfiskalen_Ja╠êmtlands_la╠ên_(1713)_103_ÔÇô_117/page/0006_DSC_0439.xml,0006_DSC_0439,r1,0,(none),29,29,100.0,0.368,0.349,False,-7,72,False,True
4502444,Svea Hovra╠êtt etc/export_job_4502444/855910/Svea_Hovra╠êtt_ÔÇô_Advokatfiskalen_Ja╠êmtlands_la╠ên_(1713)_103_ÔÇô_117/page/0006_DSC_0439.xml,0006_DSC_0439,r2,1,(none),29,29,100.0,0.357,0.714,False,-7,70,False,True
4502444,Svea Hovra╠êtt etc/export_job_4502444/855910/Svea_Hovra╠êtt_ÔÇô_Advokatfiskalen_Ja╠êmtlands_la╠ên_(1713)_103_ÔÇô_117/page/0007_DSC_0440.xml,0007_DSC_0440,TextRegion_1638889589439_1982,0,(none),28,28,100.0,0.374,0.356,False,29,64.0,False,True
4502444,Svea Hovra╠êtt etc/export_job_4502444/855910/Svea_Hovra╠êtt_ÔÇô_Advokatfiskalen_Ja╠êmtlands_la╠ên_(1713)_103_ÔÇô_117/page/0007_DSC_0440.xml,0007_DSC_0440,TextRegion_1638889589439_1981,1,(none),28,28,100.0,0.38,0.733,False,-18,72.0,False,True
4502444,Svea Hovra╠êtt etc/export_job_4502444/855910/Svea_Hovra╠êtt_ÔÇô_Advokatfiskalen_Ja╠êmtlands_la╠ên_(1713)_103_ÔÇô_117/page/0008_DSC_0441.xml,0008_DSC_0441,TextRegion_1638889845748_2132,0,(none),27,27,100.0,0.35,0.368,False,-17,79,False,True
4502444,Svea Hovra╠êtt etc/export_job_4502444/855910/Svea_Hovra╠êtt_ÔÇô_Advokatfiskalen_Ja╠êmtlands_la╠ên_(1713)_103_ÔÇô_117/page/0008_DSC_0441.xml,0008_DSC_0441,TextRegion_1638889845748_2131,1,(none),29,29,100.0,0.36,0.722,False,10,72,False,True
4502444,Svea Hovra╠êtt etc/export_job_4502444/855910/Svea_Hovra╠êtt_ÔÇô_Advokatfiskalen_Ja╠êmtlands_la╠ên_(1713)_103_ÔÇô_117/page/0009_DSC_0442.xml,0009_DSC_0442,TextRegion_1638890141568_2335,0,(none),28,28,100.0,0.319,0.365,False,-9,76.0,False,True
4502444,Svea Hovra╠êtt etc/export_job_4502444/855910/Svea_Hovra╠êtt_ÔÇô_Advokatfiskalen_Ja╠êmtlands_la╠ên_(1713)_103_ÔÇô_117/page/0009_DSC_0442.xml,0009_DSC_0442,TextRegion_1638890141568_2334,1,(none),28,28,100.0,0.336,0.694,False,38,75.0,False,True
4502444,Svea Hovra╠êtt etc/export_job_4502444/855910/Svea_Hovra╠êtt_ÔÇô_Advokatfiskalen_Ja╠êmtlands_la╠ên_(1713)_103_ÔÇô_117/page/0010_DSC_0443.xml,0010_DSC_0443,TextRegion_1638890420213_2560,0,(none),28,28,100.0,0.354,0.388,False,-34,81.0,False,True
4502444,Svea Hovra╠êtt etc/export_job_4502444/855910/Svea_Hovra╠êtt_ÔÇô_Advokatfiskalen_Ja╠êmtlands_la╠ên_(1713)_103_ÔÇô_117/page/0010_DSC_0443.xml,0010_DSC_0443,TextRegion_1638890420213_2559,1,(none),28,28,100.0,0.361,0.743,False,-1,76.5,False,True
4502444,Svea Hovra╠êtt etc/export_job_4502444/855910/Svea_Hovra╠êtt_ÔÇô_Advokatfiskalen_Ja╠êmtlands_la╠ên_(1713)_103_ÔÇô_117/page/0011_DSC_0444.xml,0011_DSC_0444,TextRegion_1638890683715_2698,0,(none),27,27,100.0,0.366,0.365,False,-37,95,False,True
4502444,Svea Hovra╠êtt etc/export_job_4502444/855910/Svea_Hovra╠êtt_ÔÇô_Advokatfiskalen_Ja╠êmtlands_la╠ên_(1713)_103_ÔÇô_117/page/0011_DSC_0444.xml,0011_DSC_0444,TextRegion_1638890683715_2697,1,(none),29,29,100.0,0.381,0.736,False,10,80,False,True
4502444,Svea Hovra╠êtt etc/export_job_4502444/855910/Svea_Hovra╠êtt_ÔÇô_Advokatfiskalen_Ja╠êmtlands_la╠ên_(1713)_103_ÔÇô_117/page/0012_DSC_0445.xml,0012_DSC_0445,TextRegion_1638890934303_2880,0,(none),28,28,100.0,0.431,0.349,False,-33,78.0,False,True
4502444,Svea Hovra╠êtt etc/export_job_4502444/855910/Svea_Hovra╠êtt_ÔÇô_Advokatfiskalen_Ja╠êmtlands_la╠ên_(1713)_103_ÔÇô_117/page/0012_DSC_0445.xml,0012_DSC_0445,TextRegion_1638890934303_2879,1,(none),27,27,100.0,0.378,0.753,False,37,74,False,True
4502444,Svea Hovra╠êtt etc/export_job_4502444/855910/Svea_Hovra╠êtt_ÔÇô_Advokatfiskalen_Ja╠êmtlands_la╠ên_(1713)_103_ÔÇô_117/page/0013_DSC_0446.xml,0013_DSC_0446,r1,0,(none),29,29,100.0,0.365,0.392,False,-19,83,False,True
4502444,Svea Hovra╠êtt etc/export_job_4502444/855910/Svea_Hovra╠êtt_ÔÇô_Advokatfiskalen_Ja╠êmtlands_la╠ên_(1713)_103_ÔÇô_117/page/0013_DSC_0446.xml,0013_DSC_0446,r2,1,(none),28,28,100.0,0.386,0.761,False,-18,82.5,False,True
4502444,Svea Hovra╠êtt etc/export_job_4502444/855910/Svea_Hovra╠êtt_ÔÇô_Advokatfiskalen_Ja╠êmtlands_la╠ên_(1713)_103_ÔÇô_117/page/0014_DSC_0447.xml,0014_DSC_0447,r1,0,(none),29,29,100.0,0.36,0.374,False,-16,84,False,True
4502444,Svea Hovra╠êtt etc/export_job_4502444/855910/Svea_Hovra╠êtt_ÔÇô_Advokatfiskalen_Ja╠êmtlands_la╠ên_(1713)_103_ÔÇô_117/page/0014_DSC_0447.xml,0014_DSC_0447,r2,1,(none),28,28,100.0,0.374,0.744,False,-22,78.0,False,True
4502444,Svea Hovra╠êtt etc/export_job_4502444/855910/Svea_Hovra╠êtt_ÔÇô_Advokatfiskalen_Ja╠êmtlands_la╠ên_(1713)_103_ÔÇô_117/page/0015_DSC_0448.xml,0015_DSC_0448,r1,0,(none),28,28,100.0,0.345,0.354,False,-4,79.5,False,True
4502444,Svea Hovra╠êtt etc/export_job_4502444/855910/Svea_Hovra╠êtt_ÔÇô_Advokatfiskalen_Ja╠êmtlands_la╠ên_(1713)_103_ÔÇô_117/page/0015_DSC_0448.xml,0015_DSC_0448,r2,1,(none),18,18,100.0,0.34,0.698,False,-3,79.5,False,True
4502445,Svea Hovra╠êtt etc/export_job_4502445/845640/Svea_Hovra╠êtt_-_Advokatfiskalen_Ja╠êmtlands_la╠ên_(1702)_366_-_414/page/0001_DSC_0370.xml,0001_DSC_0370,r1,0,(none),1,1,100.0,0.08,0.482,True,18,123,False,True
4502445,Svea Hovra╠êtt etc/export_job_4502445/845640/Svea_Hovra╠êtt_-_Advokatfiskalen_Ja╠êmtlands_la╠ên_(1702)_366_-_414/page/0001_DSC_0370.xml,0001_DSC_0370,r2,1,(none),23,23,100.0,0.366,0.713,False,-6,107,False,True
4502445,Svea Hovra╠êtt etc/export_job_4502445/845640/Svea_Hovra╠êtt_-_Advokatfiskalen_Ja╠êmtlands_la╠ên_(1702)_366_-_414/page/0002_DSC_0371.xml,0002_DSC_0371,r1,0,(none),19,19,100.0,0.415,0.325,False,30,109,False,True
4502445,Svea Hovra╠êtt etc/export_job_4502445/845640/Svea_Hovra╠êtt_-_Advokatfiskalen_Ja╠êmtlands_la╠ên_(1702)_366_-_414/page/0002_DSC_0371.xml,0002_DSC_0371,r2,1,(none),23,23,100.0,0.364,0.708,False,3,101,False,True
4502445,Svea Hovra╠êtt etc/export_job_4502445/845640/Svea_Hovra╠êtt_-_Advokatfiskalen_Ja╠êmtlands_la╠ên_(1702)_366_-_414/page/0003_DSC_0372.xml,0003_DSC_0372,r1,0,(none),21,21,100.0,0.376,0.342,False,-19,98,False,True
4502445,Svea Hovra╠êtt etc/export_job_4502445/845640/Svea_Hovra╠êtt_-_Advokatfiskalen_Ja╠êmtlands_la╠ên_(1702)_366_-_414/page/0003_DSC_0372.xml,0003_DSC_0372,r2,1,(none),23,23,100.0,0.385,0.729,False,-33,116,False,True
4502445,Svea Hovra╠êtt etc/export_job_4502445/845640/Svea_Hovra╠êtt_-_Advokatfiskalen_Ja╠êmtlands_la╠ên_(1702)_366_-_414/page/0004_DSC_0374.xml,0004_DSC_0374,r1,0,(none),22,22,100.0,0.402,0.354,False,14,111.5,False,True
4502445,Svea Hovra╠êtt etc/export_job_4502445/845640/Svea_Hovra╠êtt_-_Advokatfiskalen_Ja╠êmtlands_la╠ên_(1702)_366_-_414/page/0004_DSC_0374.xml,0004_DSC_0374,r2,1,(none),23,23,100.0,0.364,0.736,False,-3,104,False,True
4502445,Svea Hovra╠êtt etc/export_job_4502445/845640/Svea_Hovra╠êtt_-_Advokatfiskalen_Ja╠êmtlands_la╠ên_(1702)_366_-_414/page/0005_DSC_0375.xml,0005_DSC_0375,r1,0,(none),22,22,100.0,0.377,0.356,False,-13,93.0,False,True
4502445,Svea Hovra╠êtt etc/export_job_4502445/845640/Svea_Hovra╠êtt_-_Advokatfiskalen_Ja╠êmtlands_la╠ên_(1702)_366_-_414/page/0005_DSC_0375.xml,0005_DSC_0375,r2,1,(none),23,23,100.0,0.353,0.722,False,3,113,False,True
4502445,Svea Hovra╠êtt etc/export_job_4502445/845640/Svea_Hovra╠êtt_-_Advokatfiskalen_Ja╠êmtlands_la╠ên_(1702)_366_-_414/page/0006_DSC_0377.xml,0006_DSC_0377,r1,0,(none),22,22,100.0,0.36,0.37,False,-18,96.0,False,True
4502445,Svea Hovra╠êtt etc/export_job_4502445/845640/Svea_Hovra╠êtt_-_Advokatfiskalen_Ja╠êmtlands_la╠ên_(1702)_366_-_414/page/0006_DSC_0377.xml,0006_DSC_0377,r2,1,(none),22,22,100.0,0.344,0.731,False,-23,102.0,False,True
4502445,Svea Hovra╠êtt etc/export_job_4502445/845640/Svea_Hovra╠êtt_-_Advokatfiskalen_Ja╠êmtlands_la╠ên_(1702)_366_-_414/page/0007_DSC_0378.xml,0007_DSC_0378,r1,0,(none),22,22,100.0,0.353,0.361,False,-26,112.0,False,True
4502445,Svea Hovra╠êtt etc/export_job_4502445/845640/Svea_Hovra╠êtt_-_Advokatfiskalen_Ja╠êmtlands_la╠ên_(1702)_366_-_414/page/0007_DSC_0378.xml,0007_DSC_0378,r2,1,(none),22,22,100.0,0.341,0.71,False,0,98.0,False,True
4502445,Svea Hovra╠êtt etc/export_job_4502445/845640/Svea_Hovra╠êtt_-_Advokatfiskalen_Ja╠êmtlands_la╠ên_(1702)_366_-_414/page/0008_DSC_0379.xml,0008_DSC_0379,r1,0,(none),22,22,100.0,0.383,0.313,False,5,109.0,False,True
4502445,Svea Hovra╠êtt etc/export_job_4502445/845640/Svea_Hovra╠êtt_-_Advokatfiskalen_Ja╠êmtlands_la╠ên_(1702)_366_-_414/page/0008_DSC_0379.xml,0008_DSC_0379,r2,1,(none),23,23,100.0,0.347,0.681,False,-29,106,False,True
4502445,Svea Hovra╠êtt etc/export_job_4502445/845640/Svea_Hovra╠êtt_-_Advokatfiskalen_Ja╠êmtlands_la╠ên_(1702)_366_-_414/page/0009_DSC_0380.xml,0009_DSC_0380,r2,0,(none),21,21,100.0,0.346,0.358,False,-25,93,False,True
4502445,Svea Hovra╠êtt etc/export_job_4502445/845640/Svea_Hovra╠êtt_-_Advokatfiskalen_Ja╠êmtlands_la╠ên_(1702)_366_-_414/page/0009_DSC_0380.xml,0009_DSC_0380,r3,1,(none),20,20,100.0,0.34,0.705,False,-24,119.0,False,True
4502445,Svea Hovra╠êtt etc/export_job_4502445/845640/Svea_Hovra╠êtt_-_Advokatfiskalen_Ja╠êmtlands_la╠ên_(1702)_366_-_414/page/0010_DSC_0381.xml,0010_DSC_0381,r1,0,(none),21,21,100.0,0.41,0.293,False,5,100,False,True
4502445,Svea Hovra╠êtt etc/export_job_4502445/845640/Svea_Hovra╠êtt_-_Advokatfiskalen_Ja╠êmtlands_la╠ên_(1702)_366_-_414/page/0010_DSC_0381.xml,0010_DSC_0381,r2,1,(none),22,22,100.0,0.347,0.671,False,6,107.0,False,True
4502445,Svea Hovra╠êtt etc/export_job_4502445/845640/Svea_Hovra╠êtt_-_Advokatfiskalen_Ja╠êmtlands_la╠ên_(1702)_366_-_414/page/0010_DSC_0381.xml,0010_DSC_0381,r3,2,(none),1,1,100.0,0.024,0.823,True,37,58,False,True
4502445,Svea Hovra╠êtt etc/export_job_4502445/845640/Svea_Hovra╠êtt_-_Advokatfiskalen_Ja╠êmtlands_la╠ên_(1702)_366_-_414/page/0011_DSC_0383.xml,0011_DSC_0383,TextRegion_1638269751239_80,0,(none),22,22,100.0,0.4,0.304,False,-14,93.0,False,True
4502445,Svea Hovra╠êtt etc/export_job_4502445/845640/Svea_Hovra╠êtt_-_Advokatfiskalen_Ja╠êmtlands_la╠ên_(1702)_366_-_414/page/0011_DSC_0383.xml,0011_DSC_0383,r3,1,(none),22,22,100.0,0.33,0.68,False,-1,109.5,False,True
4502445,Svea Hovra╠êtt etc/export_job_4502445/845640/Svea_Hovra╠êtt_-_Advokatfiskalen_Ja╠êmtlands_la╠ên_(1702)_366_-_414/page/0012_DSC_0384.xml,0012_DSC_0384,r1,0,(none),22,22,100.0,0.343,0.363,False,7,102.0,False,True
4502445,Svea Hovra╠êtt etc/export_job_4502445/845640/Svea_Hovra╠êtt_-_Advokatfiskalen_Ja╠êmtlands_la╠ên_(1702)_366_-_414/page/0012_DSC_0384.xml,0012_DSC_0384,r2,1,(none),22,22,100.0,0.382,0.734,False,10,102.0,False,True
4502445,Svea Hovra╠êtt etc/export_job_4502445/845640/Svea_Hovra╠êtt_-_Advokatfiskalen_Ja╠êmtlands_la╠ên_(1702)_366_-_414/page/0012_DSC_0384.xml,0012_DSC_0384,r3,2,(none),1,1,100.0,0.029,0.865,True,34,57,False,True
4502445,Svea Hovra╠êtt etc/export_job_4502445/845640/Svea_Hovra╠êtt_-_Advokatfiskalen_Ja╠êmtlands_la╠ên_(1702)_366_-_414/page/0013_DSC_0385.xml,0013_DSC_0385,r1,0,(none),20,20,100.0,0.401,0.311,False,-17,99.0,False,True
4502445,Svea Hovra╠êtt etc/export_job_4502445/845640/Svea_Hovra╠êtt_-_Advokatfiskalen_Ja╠êmtlands_la╠ên_(1702)_366_-_414/page/0013_DSC_0385.xml,0013_DSC_0385,r2,1,(none),21,21,100.0,0.378,0.712,False,0,103,False,True
4502445,Svea Hovra╠êtt etc/export_job_4502445/845640/Svea_Hovra╠êtt_-_Advokatfiskalen_Ja╠êmtlands_la╠ên_(1702)_366_-_414/page/0014_DSC_0386.xml,0014_DSC_0386,TextRegion_1638275548639_470,0,(none),22,22,100.0,0.362,0.335,False,-2,94.0,False,True
4502445,Svea Hovra╠êtt etc/export_job_4502445/845640/Svea_Hovra╠êtt_-_Advokatfiskalen_Ja╠êmtlands_la╠ên_(1702)_366_-_414/page/0014_DSC_0386.xml,0014_DSC_0386,TextRegion_1638275746553_554,1,(none),23,23,100.0,0.344,0.694,False,-8,102,False,True
4502445,Svea Hovra╠êtt etc/export_job_4502445/845640/Svea_Hovra╠êtt_-_Advokatfiskalen_Ja╠êmtlands_la╠ên_(1702)_366_-_414/page/0015_DSC_0389.xml,0015_DSC_0389,r1,0,(none),22,22,100.0,0.333,0.345,False,-14,90.0,False,True
4502445,Svea Hovra╠êtt etc/export_job_4502445/845640/Svea_Hovra╠êtt_-_Advokatfiskalen_Ja╠êmtlands_la╠ên_(1702)_366_-_414/page/0015_DSC_0389.xml,0015_DSC_0389,r2,1,(none),22,22,100.0,0.375,0.703,False,-18,110.5,False,True
4502445,Svea Hovra╠êtt etc/export_job_4502445/845640/Svea_Hovra╠êtt_-_Advokatfiskalen_Ja╠êmtlands_la╠ên_(1702)_366_-_414/page/0016_DSC_0390.xml,0016_DSC_0390,r1,0,(none),22,22,100.0,0.351,0.349,False,-4,96.5,False,True
4502445,Svea Hovra╠êtt etc/export_job_4502445/845640/Svea_Hovra╠êtt_-_Advokatfiskalen_Ja╠êmtlands_la╠ên_(1702)_366_-_414/page/0016_DSC_0390.xml,0016_DSC_0390,r2,1,(none),23,23,100.0,0.342,0.7,False,16,102,False,True
4502445,Svea Hovra╠êtt etc/export_job_4502445/845640/Svea_Hovra╠êtt_-_Advokatfiskalen_Ja╠êmtlands_la╠ên_(1702)_366_-_414/page/0017_DSC_0391.xml,0017_DSC_0391,r1,0,(none),22,22,100.0,0.344,0.356,False,1,88.0,False,True
4502445,Svea Hovra╠êtt etc/export_job_4502445/845640/Svea_Hovra╠êtt_-_Advokatfiskalen_Ja╠êmtlands_la╠ên_(1702)_366_-_414/page/0017_DSC_0391.xml,0017_DSC_0391,r2,1,(none),23,23,100.0,0.354,0.7,False,-30,108,False,True
4502445,Svea Hovra╠êtt etc/export_job_4502445/845640/Svea_Hovra╠êtt_-_Advokatfiskalen_Ja╠êmtlands_la╠ên_(1702)_366_-_414/page/0018_DSC_0392.xml,0018_DSC_0392,r1,0,(none),22,22,100.0,0.375,0.347,False,11,102.0,False,True
4502445,Svea Hovra╠êtt etc/export_job_4502445/845640/Svea_Hovra╠êtt_-_Advokatfiskalen_Ja╠êmtlands_la╠ên_(1702)_366_-_414/page/0018_DSC_0392.xml,0018_DSC_0392,r2,1,(none),23,23,100.0,0.346,0.705,False,-16,116,False,True
4502445,Svea Hovra╠êtt etc/export_job_4502445/845640/Svea_Hovra╠êtt_-_Advokatfiskalen_Ja╠êmtlands_la╠ên_(1702)_366_-_414/page/0019_DSC_0396.xml,0019_DSC_0396,r1,0,(none),22,22,100.0,0.345,0.327,False,15,94.5,False,True
4502445,Svea Hovra╠êtt etc/export_job_4502445/845640/Svea_Hovra╠êtt_-_Advokatfiskalen_Ja╠êmtlands_la╠ên_(1702)_366_-_414/page/0019_DSC_0396.xml,0019_DSC_0396,r2,1,(none),21,21,100.0,0.355,0.679,False,-20,98,False,True
4502445,Svea Hovra╠êtt etc/export_job_4502445/845640/Svea_Hovra╠êtt_-_Advokatfiskalen_Ja╠êmtlands_la╠ên_(1702)_366_-_414/page/0020_DSC_0397.xml,0020_DSC_0397,r2,0,(none),22,22,100.0,0.327,0.365,False,-11,92.5,False,True
4502445,Svea Hovra╠êtt etc/export_job_4502445/845640/Svea_Hovra╠êtt_-_Advokatfiskalen_Ja╠êmtlands_la╠ên_(1702)_366_-_414/page/0020_DSC_0397.xml,0020_DSC_0397,r3,1,(none),23,23,100.0,0.34,0.706,False,-11,99,False,True
4502445,Svea Hovra╠êtt etc/export_job_4502445/845640/Svea_Hovra╠êtt_-_Advokatfiskalen_Ja╠êmtlands_la╠ên_(1702)_366_-_414/page/0021_DSC_0398.xml,0021_DSC_0398,TextRegion_1638777487643_199,0,(none),21,21,100.0,0.37,0.349,False,-4,100,False,True
4502445,Svea Hovra╠êtt etc/export_job_4502445/845640/Svea_Hovra╠êtt_-_Advokatfiskalen_Ja╠êmtlands_la╠ên_(1702)_366_-_414/page/0021_DSC_0398.xml,0021_DSC_0398,TextRegion_1638777684347_256,1,(none),23,23,100.0,0.338,0.707,False,0,97,False,True
4502445,Svea Hovra╠êtt etc/export_job_4502445/845640/Svea_Hovra╠êtt_-_Advokatfiskalen_Ja╠êmtlands_la╠ên_(1702)_366_-_414/page/0022_DSC_0399.xml,0022_DSC_0399,r1,0,(none),22,22,100.0,0.344,0.378,False,-15,96.0,False,True
4502445,Svea Hovra╠êtt etc/export_job_4502445/845640/Svea_Hovra╠êtt_-_Advokatfiskalen_Ja╠êmtlands_la╠ên_(1702)_366_-_414/page/0022_DSC_0399.xml,0022_DSC_0399,r2,1,(none),22,22,100.0,0.352,0.727,False,-4,101.0,False,True
4502445,Svea Hovra╠êtt etc/export_job_4502445/845640/Svea_Hovra╠êtt_-_Advokatfiskalen_Ja╠êmtlands_la╠ên_(1702)_366_-_414/page/0023_DSC_0400.xml,0023_DSC_0400,r1,0,(none),22,22,100.0,0.356,0.378,False,14,95.5,False,True
4502445,Svea Hovra╠êtt etc/export_job_4502445/845640/Svea_Hovra╠êtt_-_Advokatfiskalen_Ja╠êmtlands_la╠ên_(1702)_366_-_414/page/0023_DSC_0400.xml,0023_DSC_0400,TextRegion_1638778848687_393,1,(none),23,23,100.0,0.358,0.733,False,-18,105,False,True
4502445,Svea Hovra╠êtt etc/export_job_4502445/845640/Svea_Hovra╠êtt_-_Advokatfiskalen_Ja╠êmtlands_la╠ên_(1702)_366_-_414/page/0024_DSC_0401.xml,0024_DSC_0401,r1,0,(none),22,22,100.0,0.349,0.349,False,19,89.5,False,True
4502445,Svea Hovra╠êtt etc/export_job_4502445/845640/Svea_Hovra╠êtt_-_Advokatfiskalen_Ja╠êmtlands_la╠ên_(1702)_366_-_414/page/0024_DSC_0401.xml,0024_DSC_0401,TextRegion_1638778965186_425,1,(none),23,23,100.0,0.341,0.691,False,-4,100,False,True
4502445,Svea Hovra╠êtt etc/export_job_4502445/845640/Svea_Hovra╠êtt_-_Advokatfiskalen_Ja╠êmtlands_la╠ên_(1702)_366_-_414/page/0025_DSC_0403.xml,0025_DSC_0403,TextRegion_1638779204008_488,0,(none),22,22,100.0,0.327,0.376,False,-8,99.0,False,True
4502445,Svea Hovra╠êtt etc/export_job_4502445/845640/Svea_Hovra╠êtt_-_Advokatfiskalen_Ja╠êmtlands_la╠ên_(1702)_366_-_414/page/0025_DSC_0403.xml,0025_DSC_0403,TextRegion_1638779204008_487,1,(none),23,23,100.0,0.348,0.714,False,-5,106,False,True
4502445,Svea Hovra╠êtt etc/export_job_4502445/845640/Svea_Hovra╠êtt_-_Advokatfiskalen_Ja╠êmtlands_la╠ên_(1702)_366_-_414/page/0026_DSC_0404.xml,0026_DSC_0404,r1,0,(none),22,22,100.0,0.35,0.369,False,-9,96.5,False,True
4502445,Svea Hovra╠êtt etc/export_job_4502445/845640/Svea_Hovra╠êtt_-_Advokatfiskalen_Ja╠êmtlands_la╠ên_(1702)_366_-_414/page/0026_DSC_0404.xml,0026_DSC_0404,TextRegion_1638779758865_617,1,(none),23,23,100.0,0.366,0.726,False,-27,115,False,True
4502445,Svea Hovra╠êtt etc/export_job_4502445/845640/Svea_Hovra╠êtt_-_Advokatfiskalen_Ja╠êmtlands_la╠ên_(1702)_366_-_414/page/0027_DSC_0405.xml,0027_DSC_0405,r1,0,(none),22,22,100.0,0.358,0.396,False,-18,99.0,False,True
4502445,Svea Hovra╠êtt etc/export_job_4502445/845640/Svea_Hovra╠êtt_-_Advokatfiskalen_Ja╠êmtlands_la╠ên_(1702)_366_-_414/page/0027_DSC_0405.xml,0027_DSC_0405,r2,1,(none),23,23,100.0,0.355,0.754,False,15,109,False,True
4502445,Svea Hovra╠êtt etc/export_job_4502445/845640/Svea_Hovra╠êtt_-_Advokatfiskalen_Ja╠êmtlands_la╠ên_(1702)_366_-_414/page/0028_DSC_0406.xml,0028_DSC_0406,r1,0,(none),22,22,100.0,0.337,0.367,False,20,99.5,False,True
4502445,Svea Hovra╠êtt etc/export_job_4502445/845640/Svea_Hovra╠êtt_-_Advokatfiskalen_Ja╠êmtlands_la╠ên_(1702)_366_-_414/page/0028_DSC_0406.xml,0028_DSC_0406,r2,1,(none),23,23,100.0,0.343,0.703,False,6,116,False,True
4502445,Svea Hovra╠êtt etc/export_job_4502445/845640/Svea_Hovra╠êtt_-_Advokatfiskalen_Ja╠êmtlands_la╠ên_(1702)_366_-_414/page/0029_DSC_0407.xml,0029_DSC_0407,r1,0,(none),22,22,100.0,0.367,0.329,False,12,98.0,False,True
4502445,Svea Hovra╠êtt etc/export_job_4502445/845640/Svea_Hovra╠êtt_-_Advokatfiskalen_Ja╠êmtlands_la╠ên_(1702)_366_-_414/page/0029_DSC_0407.xml,0029_DSC_0407,r2,1,(none),22,22,100.0,0.361,0.701,False,-31,101.5,False,True
4502445,Svea Hovra╠êtt etc/export_job_4502445/845640/Svea_Hovra╠êtt_-_Advokatfiskalen_Ja╠êmtlands_la╠ên_(1702)_366_-_414/page/0030_DSC_0408.xml,0030_DSC_0408,r2,0,(none),22,22,100.0,0.333,0.383,False,7,90.5,False,True
4502445,Svea Hovra╠êtt etc/export_job_4502445/845640/Svea_Hovra╠êtt_-_Advokatfiskalen_Ja╠êmtlands_la╠ên_(1702)_366_-_414/page/0030_DSC_0408.xml,0030_DSC_0408,r3,1,(none),23,23,100.0,0.333,0.712,False,-13,102,False,True
4502445,Svea Hovra╠êtt etc/export_job_4502445/845640/Svea_Hovra╠êtt_-_Advokatfiskalen_Ja╠êmtlands_la╠ên_(1702)_366_-_414/page/0031_DSC_0410.xml,0031_DSC_0410,TextRegion_1638781339857_1004,0,(none),22,22,100.0,0.33,0.392,False,16,92.0,False,True
4502445,Svea Hovra╠êtt etc/export_job_4502445/845640/Svea_Hovra╠êtt_-_Advokatfiskalen_Ja╠êmtlands_la╠ên_(1702)_366_-_414/page/0031_DSC_0410.xml,0031_DSC_0410,TextRegion_1638781425337_1047,1,(none),22,22,100.0,0.322,0.718,False,-3,105.5,False,True
4502445,Svea Hovra╠êtt etc/export_job_4502445/845640/Svea_Hovra╠êtt_-_Advokatfiskalen_Ja╠êmtlands_la╠ên_(1702)_366_-_414/page/0032_DSC_0411.xml,0032_DSC_0411,r2,0,(none),20,20,100.0,0.343,0.367,False,-23,94.5,False,True
4502445,Svea Hovra╠êtt etc/export_job_4502445/845640/Svea_Hovra╠êtt_-_Advokatfiskalen_Ja╠êmtlands_la╠ên_(1702)_366_-_414/page/0032_DSC_0411.xml,0032_DSC_0411,r3,1,(none),21,21,100.0,0.348,0.71,False,3,101,False,True
4502445,Svea Hovra╠êtt etc/export_job_4502445/845640/Svea_Hovra╠êtt_-_Advokatfiskalen_Ja╠êmtlands_la╠ên_(1702)_366_-_414/page/0033_DSC_0412.xml,0033_DSC_0412,r1,0,(none),22,22,100.0,0.333,0.361,False,-20,92.5,False,True
4502445,Svea Hovra╠êtt etc/export_job_4502445/845640/Svea_Hovra╠êtt_-_Advokatfiskalen_Ja╠êmtlands_la╠ên_(1702)_366_-_414/page/0033_DSC_0412.xml,0033_DSC_0412,r2,1,(none),23,23,100.0,0.337,0.703,False,-3,104,False,True
4502445,Svea Hovra╠êtt etc/export_job_4502445/845640/Svea_Hovra╠êtt_-_Advokatfiskalen_Ja╠êmtlands_la╠ên_(1702)_366_-_414/page/0034_DSC_0413.xml,0034_DSC_0413,r1,0,(none),22,22,100.0,0.328,0.4,False,-1,89.5,False,True
4502445,Svea Hovra╠êtt etc/export_job_4502445/845640/Svea_Hovra╠êtt_-_Advokatfiskalen_Ja╠êmtlands_la╠ên_(1702)_366_-_414/page/0034_DSC_0413.xml,0034_DSC_0413,TextRegion_1638791828799_189,1,(none),23,23,100.0,0.333,0.732,False,-15,102,False,True
4502445,Svea Hovra╠êtt etc/export_job_4502445/845640/Svea_Hovra╠êtt_-_Advokatfiskalen_Ja╠êmtlands_la╠ên_(1702)_366_-_414/page/0035_DSC_0415.xml,0035_DSC_0415,r1,0,(none),21,21,100.0,0.35,0.389,False,25,101,False,True
4502445,Svea Hovra╠êtt etc/export_job_4502445/845640/Svea_Hovra╠êtt_-_Advokatfiskalen_Ja╠êmtlands_la╠ên_(1702)_366_-_414/page/0035_DSC_0415.xml,0035_DSC_0415,TextRegion_1638792468898_307,1,(none),23,23,100.0,0.368,0.749,False,-12,103,False,True
4502445,Svea Hovra╠êtt etc/export_job_4502445/845640/Svea_Hovra╠êtt_-_Advokatfiskalen_Ja╠êmtlands_la╠ên_(1702)_366_-_414/page/0036_DSC_0418.xml,0036_DSC_0418,r1,0,(none),22,22,100.0,0.351,0.392,False,31,94.5,False,True
4502445,Svea Hovra╠êtt etc/export_job_4502445/845640/Svea_Hovra╠êtt_-_Advokatfiskalen_Ja╠êmtlands_la╠ên_(1702)_366_-_414/page/0036_DSC_0418.xml,0036_DSC_0418,TextRegion_1638792834804_353,1,(none),23,23,100.0,0.364,0.75,False,11,108,False,True
4502445,Svea Hovra╠êtt etc/export_job_4502445/845640/Svea_Hovra╠êtt_-_Advokatfiskalen_Ja╠êmtlands_la╠ên_(1702)_366_-_414/page/0037_DSC_0419.xml,0037_DSC_0419,r1,0,(none),22,22,100.0,0.326,0.389,False,-19,94.0,False,True
4502445,Svea Hovra╠êtt etc/export_job_4502445/845640/Svea_Hovra╠êtt_-_Advokatfiskalen_Ja╠êmtlands_la╠ên_(1702)_366_-_414/page/0037_DSC_0419.xml,0037_DSC_0419,r2,1,(none),23,23,100.0,0.329,0.717,False,-5,99,False,True
4502445,Svea Hovra╠êtt etc/export_job_4502445/845640/Svea_Hovra╠êtt_-_Advokatfiskalen_Ja╠êmtlands_la╠ên_(1702)_366_-_414/page/0038_DSC_0420.xml,0038_DSC_0420,r1,0,(none),21,21,100.0,0.332,0.381,False,-24,101,False,True
4502445,Svea Hovra╠êtt etc/export_job_4502445/845640/Svea_Hovra╠êtt_-_Advokatfiskalen_Ja╠êmtlands_la╠ên_(1702)_366_-_414/page/0038_DSC_0420.xml,0038_DSC_0420,r2,1,(none),22,22,100.0,0.357,0.718,False,1,120.0,False,True
4502445,Svea Hovra╠êtt etc/export_job_4502445/845640/Svea_Hovra╠êtt_-_Advokatfiskalen_Ja╠êmtlands_la╠ên_(1702)_366_-_414/page/0038_DSC_0420.xml,0038_DSC_0420,r3,2,(none),1,1,100.0,0.028,0.861,True,2,52,False,True
4502445,Svea Hovra╠êtt etc/export_job_4502445/845640/Svea_Hovra╠êtt_-_Advokatfiskalen_Ja╠êmtlands_la╠ên_(1702)_366_-_414/page/0039_DSC_0421.xml,0039_DSC_0421,r1,0,(none),21,21,100.0,0.325,0.357,False,-27,100,False,True
4502445,Svea Hovra╠êtt etc/export_job_4502445/845640/Svea_Hovra╠êtt_-_Advokatfiskalen_Ja╠êmtlands_la╠ên_(1702)_366_-_414/page/0039_DSC_0421.xml,0039_DSC_0421,r2,1,(none),22,22,100.0,0.357,0.699,False,8,113.0,False,True
4502445,Svea Hovra╠êtt etc/export_job_4502445/845640/Svea_Hovra╠êtt_-_Advokatfiskalen_Ja╠êmtlands_la╠ên_(1702)_366_-_414/page/0039_DSC_0421.xml,0039_DSC_0421,r3,2,(none),1,1,100.0,0.03,0.84,True,-1,45,False,True
4502445,Svea Hovra╠êtt etc/export_job_4502445/845640/Svea_Hovra╠êtt_-_Advokatfiskalen_Ja╠êmtlands_la╠ên_(1702)_366_-_414/page/0040_DSC_0422.xml,0040_DSC_0422,r1,0,(none),21,21,100.0,0.353,0.332,False,2,105,False,True
4502445,Svea Hovra╠êtt etc/export_job_4502445/845640/Svea_Hovra╠êtt_-_Advokatfiskalen_Ja╠êmtlands_la╠ên_(1702)_366_-_414/page/0040_DSC_0422.xml,0040_DSC_0422,r2,1,(none),22,22,100.0,0.356,0.679,False,13,112.5,False,True
4502445,Svea Hovra╠êtt etc/export_job_4502445/845640/Svea_Hovra╠êtt_-_Advokatfiskalen_Ja╠êmtlands_la╠ên_(1702)_366_-_414/page/0041_DSC_0423.xml,0041_DSC_0423,r1,0,(none),22,22,100.0,0.347,0.354,False,-6,108.0,False,True
4502445,Svea Hovra╠êtt etc/export_job_4502445/845640/Svea_Hovra╠êtt_-_Advokatfiskalen_Ja╠êmtlands_la╠ên_(1702)_366_-_414/page/0041_DSC_0423.xml,0041_DSC_0423,r3,1,(none),23,23,100.0,0.344,0.701,False,-10,101,False,True
4502445,Svea Hovra╠êtt etc/export_job_4502445/845640/Svea_Hovra╠êtt_-_Advokatfiskalen_Ja╠êmtlands_la╠ên_(1702)_366_-_414/page/0041_DSC_0423.xml,0041_DSC_0423,r4,2,(none),1,1,100.0,0.029,0.836,True,-1,59,False,True
4502445,Svea Hovra╠êtt etc/export_job_4502445/845640/Svea_Hovra╠êtt_-_Advokatfiskalen_Ja╠êmtlands_la╠ên_(1702)_366_-_414/page/0042_DSC_0424.xml,0042_DSC_0424,r3,0,(none),22,22,100.0,0.383,0.341,False,4,93.0,False,True
4502445,Svea Hovra╠êtt etc/export_job_4502445/845640/Svea_Hovra╠êtt_-_Advokatfiskalen_Ja╠êmtlands_la╠ên_(1702)_366_-_414/page/0042_DSC_0424.xml,0042_DSC_0424,r4,1,(none),24,24,100.0,0.371,0.718,False,-9,116.0,False,True
4502445,Svea Hovra╠êtt etc/export_job_4502445/845640/Svea_Hovra╠êtt_-_Advokatfiskalen_Ja╠êmtlands_la╠ên_(1702)_366_-_414/page/0043_DSC_0425.xml,0043_DSC_0425,TextRegion_1638872134023_250,0,(none),22,22,100.0,0.359,0.346,False,22,95.0,False,True
4502445,Svea Hovra╠êtt etc/export_job_4502445/845640/Svea_Hovra╠êtt_-_Advokatfiskalen_Ja╠êmtlands_la╠ên_(1702)_366_-_414/page/0043_DSC_0425.xml,0043_DSC_0425,TextRegion_1638872170034_275,1,(none),23,23,100.0,0.321,0.686,False,-27,117,False,True
4502445,Svea Hovra╠êtt etc/export_job_4502445/845640/Svea_Hovra╠êtt_-_Advokatfiskalen_Ja╠êmtlands_la╠ên_(1702)_366_-_414/page/0044_DSC_0426.xml,0044_DSC_0426,r1,0,(none),22,22,100.0,0.354,0.352,False,28,109.0,False,True
4502445,Svea Hovra╠êtt etc/export_job_4502445/845640/Svea_Hovra╠êtt_-_Advokatfiskalen_Ja╠êmtlands_la╠ên_(1702)_366_-_414/page/0044_DSC_0426.xml,0044_DSC_0426,TextRegion_1638872785088_468,1,(none),21,21,100.0,0.315,0.691,False,-28,117,False,True
4502445,Svea Hovra╠êtt etc/export_job_4502445/845640/Svea_Hovra╠êtt_-_Advokatfiskalen_Ja╠êmtlands_la╠ên_(1702)_366_-_414/page/0045_DSC_0427.xml,0045_DSC_0427,r1,0,(none),22,22,100.0,0.341,0.341,False,6,105.5,False,True
4502445,Svea Hovra╠êtt etc/export_job_4502445/845640/Svea_Hovra╠êtt_-_Advokatfiskalen_Ja╠êmtlands_la╠ên_(1702)_366_-_414/page/0045_DSC_0427.xml,0045_DSC_0427,r2,1,(none),23,23,100.0,0.327,0.681,False,-23,107,False,True
4502445,Svea Hovra╠êtt etc/export_job_4502445/845640/Svea_Hovra╠êtt_-_Advokatfiskalen_Ja╠êmtlands_la╠ên_(1702)_366_-_414/page/0046_DSC_0428.xml,0046_DSC_0428,r1,0,(none),21,21,100.0,0.346,0.354,False,-29,92,False,True
4502445,Svea Hovra╠êtt etc/export_job_4502445/845640/Svea_Hovra╠êtt_-_Advokatfiskalen_Ja╠êmtlands_la╠ên_(1702)_366_-_414/page/0046_DSC_0428.xml,0046_DSC_0428,r2,1,(none),23,23,100.0,0.337,0.694,False,27,102,False,True
4502445,Svea Hovra╠êtt etc/export_job_4502445/845640/Svea_Hovra╠êtt_-_Advokatfiskalen_Ja╠êmtlands_la╠ên_(1702)_366_-_414/page/0047_DSC_0429.xml,0047_DSC_0429,r1,0,(none),21,21,100.0,0.38,0.32,False,-7,100,False,True
4502445,Svea Hovra╠êtt etc/export_job_4502445/845640/Svea_Hovra╠êtt_-_Advokatfiskalen_Ja╠êmtlands_la╠ên_(1702)_366_-_414/page/0047_DSC_0429.xml,0047_DSC_0429,r2,1,(none),21,21,100.0,0.36,0.695,False,-33,121,False,True
4502445,Svea Hovra╠êtt etc/export_job_4502445/845640/Svea_Hovra╠êtt_-_Advokatfiskalen_Ja╠êmtlands_la╠ên_(1702)_366_-_414/page/0048_DSC_0430.xml,0048_DSC_0430,r1,0,(none),22,22,100.0,0.346,0.351,False,8,111.5,False,True
4502445,Svea Hovra╠êtt etc/export_job_4502445/845640/Svea_Hovra╠êtt_-_Advokatfiskalen_Ja╠êmtlands_la╠ên_(1702)_366_-_414/page/0048_DSC_0430.xml,0048_DSC_0430,r2,1,(none),22,22,100.0,0.369,0.708,False,-3,101.0,False,True
4502445,Svea Hovra╠êtt etc/export_job_4502445/845640/Svea_Hovra╠êtt_-_Advokatfiskalen_Ja╠êmtlands_la╠ên_(1702)_366_-_414/page/0049_DSC_0432.xml,0049_DSC_0432,r1,0,(none),21,21,100.0,0.345,0.374,False,3,109,False,True
4502445,Svea Hovra╠êtt etc/export_job_4502445/845640/Svea_Hovra╠êtt_-_Advokatfiskalen_Ja╠êmtlands_la╠ên_(1702)_366_-_414/page/0049_DSC_0432.xml,0049_DSC_0432,r2,1,(none),22,22,100.0,0.347,0.72,False,-27,103.5,False,True
4502446,Svea Hovra╠êtt etc/export_job_4502446/842250/Svea_Hovra╠êtt_-_Advokatfiskalens_Ja╠êmtlands_la╠ên_(1702)_124-156/page/0001_DSC_0332.xml,0001_DSC_0332,r2,0,(none),20,20,100.0,0.407,0.745,False,4,105.5,False,True
4502446,Svea Hovra╠êtt etc/export_job_4502446/842250/Svea_Hovra╠êtt_-_Advokatfiskalens_Ja╠êmtlands_la╠ên_(1702)_124-156/page/0002_DSC_0333.xml,0002_DSC_0333,r2,0,(none),20,20,100.0,0.346,0.325,False,-1,106.5,False,True
4502446,Svea Hovra╠êtt etc/export_job_4502446/842250/Svea_Hovra╠êtt_-_Advokatfiskalens_Ja╠êmtlands_la╠ên_(1702)_124-156/page/0002_DSC_0333.xml,0002_DSC_0333,r3,1,(none),22,22,100.0,0.388,0.706,False,0,97.5,False,True
4502446,Svea Hovra╠êtt etc/export_job_4502446/842250/Svea_Hovra╠êtt_-_Advokatfiskalens_Ja╠êmtlands_la╠ên_(1702)_124-156/page/0003_DSC_0335.xml,0003_DSC_0335,r1,0,(none),19,19,100.0,0.337,0.334,False,2,101,False,True
4502446,Svea Hovra╠êtt etc/export_job_4502446/842250/Svea_Hovra╠êtt_-_Advokatfiskalens_Ja╠êmtlands_la╠ên_(1702)_124-156/page/0003_DSC_0335.xml,0003_DSC_0335,r2,1,(none),21,21,100.0,0.369,0.695,False,-5,99,False,True
4502446,Svea Hovra╠êtt etc/export_job_4502446/842250/Svea_Hovra╠êtt_-_Advokatfiskalens_Ja╠êmtlands_la╠ên_(1702)_124-156/page/0003_DSC_0335.xml,0003_DSC_0335,r3,2,(none),1,1,100.0,0.029,0.849,True,25,71,False,True
4502446,Svea Hovra╠êtt etc/export_job_4502446/842250/Svea_Hovra╠êtt_-_Advokatfiskalens_Ja╠êmtlands_la╠ên_(1702)_124-156/page/0004_DSC_0336.xml,0004_DSC_0336,r1,0,(none),21,21,100.0,0.35,0.349,False,-5,102,False,True
4502446,Svea Hovra╠êtt etc/export_job_4502446/842250/Svea_Hovra╠êtt_-_Advokatfiskalens_Ja╠êmtlands_la╠ên_(1702)_124-156/page/0004_DSC_0336.xml,0004_DSC_0336,r2,1,(none),22,22,100.0,0.393,0.728,False,3,100.5,False,True
4502446,Svea Hovra╠êtt etc/export_job_4502446/842250/Svea_Hovra╠êtt_-_Advokatfiskalens_Ja╠êmtlands_la╠ên_(1702)_124-156/page/0005_DSC_0337.xml,0005_DSC_0337,r1,0,(none),21,21,100.0,0.35,0.331,False,46,102,False,True
4502446,Svea Hovra╠êtt etc/export_job_4502446/842250/Svea_Hovra╠êtt_-_Advokatfiskalens_Ja╠êmtlands_la╠ên_(1702)_124-156/page/0005_DSC_0337.xml,0005_DSC_0337,r2,1,(none),22,22,100.0,0.4,0.72,False,-16,100.0,False,True
4502446,Svea Hovra╠êtt etc/export_job_4502446/842250/Svea_Hovra╠êtt_-_Advokatfiskalens_Ja╠êmtlands_la╠ên_(1702)_124-156/page/0006_DSC_0339.xml,0006_DSC_0339,r1,0,(none),21,21,100.0,0.326,0.306,False,-8,103,False,True
4502446,Svea Hovra╠êtt etc/export_job_4502446/842250/Svea_Hovra╠êtt_-_Advokatfiskalens_Ja╠êmtlands_la╠ên_(1702)_124-156/page/0006_DSC_0339.xml,0006_DSC_0339,r2,1,(none),20,20,100.0,0.374,0.666,False,-2,108.0,False,True
4502446,Svea Hovra╠êtt etc/export_job_4502446/842250/Svea_Hovra╠êtt_-_Advokatfiskalens_Ja╠êmtlands_la╠ên_(1702)_124-156/page/0007_DSC_0340.xml,0007_DSC_0340,r1,0,(none),21,21,100.0,0.364,0.319,False,-11,100,False,True
4502446,Svea Hovra╠êtt etc/export_job_4502446/842250/Svea_Hovra╠êtt_-_Advokatfiskalens_Ja╠êmtlands_la╠ên_(1702)_124-156/page/0007_DSC_0340.xml,0007_DSC_0340,r2,1,(none),21,21,100.0,0.353,0.69,False,10,99,False,True
4502446,Svea Hovra╠êtt etc/export_job_4502446/842250/Svea_Hovra╠êtt_-_Advokatfiskalens_Ja╠êmtlands_la╠ên_(1702)_124-156/page/0007_DSC_0340.xml,0007_DSC_0340,r3,2,(none),1,1,100.0,0.032,0.84,True,31,67,False,True
4502446,Svea Hovra╠êtt etc/export_job_4502446/842250/Svea_Hovra╠êtt_-_Advokatfiskalens_Ja╠êmtlands_la╠ên_(1702)_124-156/page/0008_DSC_0341.xml,0008_DSC_0341,r1,0,(none),21,21,100.0,0.336,0.328,False,0,97,False,True
4502446,Svea Hovra╠êtt etc/export_job_4502446/842250/Svea_Hovra╠êtt_-_Advokatfiskalens_Ja╠êmtlands_la╠ên_(1702)_124-156/page/0008_DSC_0341.xml,0008_DSC_0341,r2,1,(none),22,22,100.0,0.368,0.697,False,-12,101.5,False,True
4502446,Svea Hovra╠êtt etc/export_job_4502446/842250/Svea_Hovra╠êtt_-_Advokatfiskalens_Ja╠êmtlands_la╠ên_(1702)_124-156/page/0009_DSC_0342.xml,0009_DSC_0342,r1,0,(none),21,21,100.0,0.372,0.291,False,-29,105,False,True
4502446,Svea Hovra╠êtt etc/export_job_4502446/842250/Svea_Hovra╠êtt_-_Advokatfiskalens_Ja╠êmtlands_la╠ên_(1702)_124-156/page/0009_DSC_0342.xml,0009_DSC_0342,r2,1,(none),22,22,100.0,0.382,0.684,False,-2,103.0,False,True
4502446,Svea Hovra╠êtt etc/export_job_4502446/842250/Svea_Hovra╠êtt_-_Advokatfiskalens_Ja╠êmtlands_la╠ên_(1702)_124-156/page/0010_DSC_0343.xml,0010_DSC_0343,r1,0,(none),21,21,100.0,0.347,0.331,False,-25,94,False,True
4502446,Svea Hovra╠êtt etc/export_job_4502446/842250/Svea_Hovra╠êtt_-_Advokatfiskalens_Ja╠êmtlands_la╠ên_(1702)_124-156/page/0010_DSC_0343.xml,0010_DSC_0343,r2,1,(none),22,22,100.0,0.354,0.693,False,-14,104.5,False,True
4502446,Svea Hovra╠êtt etc/export_job_4502446/842250/Svea_Hovra╠êtt_-_Advokatfiskalens_Ja╠êmtlands_la╠ên_(1702)_124-156/page/0011_DSC_0344.xml,0011_DSC_0344,r1,0,(none),21,21,100.0,0.353,0.329,False,-27,99,False,True
4502446,Svea Hovra╠êtt etc/export_job_4502446/842250/Svea_Hovra╠êtt_-_Advokatfiskalens_Ja╠êmtlands_la╠ên_(1702)_124-156/page/0011_DSC_0344.xml,0011_DSC_0344,r2,1,(none),20,20,100.0,0.361,0.697,False,-5,101.0,False,True
4502446,Svea Hovra╠êtt etc/export_job_4502446/842250/Svea_Hovra╠êtt_-_Advokatfiskalens_Ja╠êmtlands_la╠ên_(1702)_124-156/page/0012_DSC_0345.xml,0012_DSC_0345,r2,0,(none),19,19,100.0,0.382,0.304,False,6,103,False,True
4502446,Svea Hovra╠êtt etc/export_job_4502446/842250/Svea_Hovra╠êtt_-_Advokatfiskalens_Ja╠êmtlands_la╠ên_(1702)_124-156/page/0012_DSC_0345.xml,0012_DSC_0345,r3,1,(none),21,21,100.0,0.38,0.698,False,-1,104,False,True
4502446,Svea Hovra╠êtt etc/export_job_4502446/842250/Svea_Hovra╠êtt_-_Advokatfiskalens_Ja╠êmtlands_la╠ên_(1702)_124-156/page/0013_DSC_0346.xml,0013_DSC_0346,r1,0,(none),21,21,100.0,0.352,0.316,False,16,97,False,True
4502446,Svea Hovra╠êtt etc/export_job_4502446/842250/Svea_Hovra╠êtt_-_Advokatfiskalens_Ja╠êmtlands_la╠ên_(1702)_124-156/page/0013_DSC_0346.xml,0013_DSC_0346,r2,1,(none),22,22,100.0,0.373,0.69,False,-7,100.0,False,True
4502446,Svea Hovra╠êtt etc/export_job_4502446/842250/Svea_Hovra╠êtt_-_Advokatfiskalens_Ja╠êmtlands_la╠ên_(1702)_124-156/page/0014_DSC_0347.xml,0014_DSC_0347,r1,0,(none),21,21,100.0,0.332,0.327,False,6,95,False,True
4502446,Svea Hovra╠êtt etc/export_job_4502446/842250/Svea_Hovra╠êtt_-_Advokatfiskalens_Ja╠êmtlands_la╠ên_(1702)_124-156/page/0014_DSC_0347.xml,0014_DSC_0347,r2,1,(none),22,22,100.0,0.368,0.681,False,-14,103.5,False,True
4502446,Svea Hovra╠êtt etc/export_job_4502446/842250/Svea_Hovra╠êtt_-_Advokatfiskalens_Ja╠êmtlands_la╠ên_(1702)_124-156/page/0015_DSC_0348.xml,0015_DSC_0348,r1,0,(none),21,21,100.0,0.348,0.337,False,-19,92,False,True
4502446,Svea Hovra╠êtt etc/export_job_4502446/842250/Svea_Hovra╠êtt_-_Advokatfiskalens_Ja╠êmtlands_la╠ên_(1702)_124-156/page/0015_DSC_0348.xml,0015_DSC_0348,r2,1,(none),22,22,100.0,0.35,0.697,False,18,95.0,False,True
4502446,Svea Hovra╠êtt etc/export_job_4502446/842250/Svea_Hovra╠êtt_-_Advokatfiskalens_Ja╠êmtlands_la╠ên_(1702)_124-156/page/0016_DSC_0349.xml,0016_DSC_0349,r2,0,(none),19,19,100.0,0.374,0.316,False,-33,96,False,True
4502446,Svea Hovra╠êtt etc/export_job_4502446/842250/Svea_Hovra╠êtt_-_Advokatfiskalens_Ja╠êmtlands_la╠ên_(1702)_124-156/page/0016_DSC_0349.xml,0016_DSC_0349,r3,1,(none),21,21,100.0,0.382,0.705,False,-28,100,False,True
4502446,Svea Hovra╠êtt etc/export_job_4502446/842250/Svea_Hovra╠êtt_-_Advokatfiskalens_Ja╠êmtlands_la╠ên_(1702)_124-156/page/0017_DSC_0350.xml,0017_DSC_0350,r2,0,(none),20,20,100.0,0.362,0.33,False,-29,98.0,False,True
4502446,Svea Hovra╠êtt etc/export_job_4502446/842250/Svea_Hovra╠êtt_-_Advokatfiskalens_Ja╠êmtlands_la╠ên_(1702)_124-156/page/0017_DSC_0350.xml,0017_DSC_0350,r3,1,(none),22,22,100.0,0.394,0.714,False,36,106.5,False,True
4502446,Svea Hovra╠êtt etc/export_job_4502446/842250/Svea_Hovra╠êtt_-_Advokatfiskalens_Ja╠êmtlands_la╠ên_(1702)_124-156/page/0018_DSC_0351.xml,0018_DSC_0351,r1,0,(none),21,21,100.0,0.346,0.341,False,-30,97,False,True
4502446,Svea Hovra╠êtt etc/export_job_4502446/842250/Svea_Hovra╠êtt_-_Advokatfiskalens_Ja╠êmtlands_la╠ên_(1702)_124-156/page/0018_DSC_0351.xml,0018_DSC_0351,r2,1,(none),21,21,100.0,0.369,0.711,False,26,101,False,True
4502446,Svea Hovra╠êtt etc/export_job_4502446/842250/Svea_Hovra╠êtt_-_Advokatfiskalens_Ja╠êmtlands_la╠ên_(1702)_124-156/page/0018_DSC_0351.xml,0018_DSC_0351,r3,2,(none),1,1,100.0,0.028,0.868,True,25,67,False,True
4502446,Svea Hovra╠êtt etc/export_job_4502446/842250/Svea_Hovra╠êtt_-_Advokatfiskalens_Ja╠êmtlands_la╠ên_(1702)_124-156/page/0019_DSC_0352.xml,0019_DSC_0352,r1,0,(none),20,20,100.0,0.383,0.323,False,-22,94.5,False,True
4502446,Svea Hovra╠êtt etc/export_job_4502446/842250/Svea_Hovra╠êtt_-_Advokatfiskalens_Ja╠êmtlands_la╠ên_(1702)_124-156/page/0019_DSC_0352.xml,0019_DSC_0352,r2,1,(none),21,21,100.0,0.355,0.707,False,-26,102,False,True
4502446,Svea Hovra╠êtt etc/export_job_4502446/842250/Svea_Hovra╠êtt_-_Advokatfiskalens_Ja╠êmtlands_la╠ên_(1702)_124-156/page/0019_DSC_0352.xml,0019_DSC_0352,r3,2,(none),1,1,100.0,0.024,0.855,True,39,77,False,True
4502446,Svea Hovra╠êtt etc/export_job_4502446/842250/Svea_Hovra╠êtt_-_Advokatfiskalens_Ja╠êmtlands_la╠ên_(1702)_124-156/page/0020_DSC_0353.xml,0020_DSC_0353,r1,0,(none),21,21,100.0,0.327,0.351,False,-29,103,False,True
4502446,Svea Hovra╠êtt etc/export_job_4502446/842250/Svea_Hovra╠êtt_-_Advokatfiskalens_Ja╠êmtlands_la╠ên_(1702)_124-156/page/0020_DSC_0353.xml,0020_DSC_0353,r2,1,(none),21,21,100.0,0.388,0.717,False,-9,103,False,True
4502446,Svea Hovra╠êtt etc/export_job_4502446/842250/Svea_Hovra╠êtt_-_Advokatfiskalens_Ja╠êmtlands_la╠ên_(1702)_124-156/page/0021_DSC_0355.xml,0021_DSC_0355,r1,0,(none),21,21,100.0,0.327,0.376,False,-16,102,False,True
4502446,Svea Hovra╠êtt etc/export_job_4502446/842250/Svea_Hovra╠êtt_-_Advokatfiskalens_Ja╠êmtlands_la╠ên_(1702)_124-156/page/0021_DSC_0355.xml,0021_DSC_0355,r2,1,(none),22,22,100.0,0.392,0.733,False,-3,113.5,False,True
4502446,Svea Hovra╠êtt etc/export_job_4502446/842250/Svea_Hovra╠êtt_-_Advokatfiskalens_Ja╠êmtlands_la╠ên_(1702)_124-156/page/0022_DSC_0356.xml,0022_DSC_0356,r1,0,(none),21,21,100.0,0.351,0.342,False,3,93,False,True
4502446,Svea Hovra╠êtt etc/export_job_4502446/842250/Svea_Hovra╠êtt_-_Advokatfiskalens_Ja╠êmtlands_la╠ên_(1702)_124-156/page/0022_DSC_0356.xml,0022_DSC_0356,r2,1,(none),21,21,100.0,0.353,0.696,False,7,94,False,True
4502446,Svea Hovra╠êtt etc/export_job_4502446/842250/Svea_Hovra╠êtt_-_Advokatfiskalens_Ja╠êmtlands_la╠ên_(1702)_124-156/page/0023_DSC_0357.xml,0023_DSC_0357,r1,0,(none),21,21,100.0,0.32,0.367,False,-10,96,False,True
4502446,Svea Hovra╠êtt etc/export_job_4502446/842250/Svea_Hovra╠êtt_-_Advokatfiskalens_Ja╠êmtlands_la╠ên_(1702)_124-156/page/0023_DSC_0357.xml,0023_DSC_0357,r2,1,(none),20,20,100.0,0.378,0.726,False,5,103.5,False,True
4502446,Svea Hovra╠êtt etc/export_job_4502446/842250/Svea_Hovra╠êtt_-_Advokatfiskalens_Ja╠êmtlands_la╠ên_(1702)_124-156/page/0024_DSC_0358.xml,0024_DSC_0358,r1,0,(none),20,20,100.0,0.341,0.354,False,1,96.5,False,True
4502446,Svea Hovra╠êtt etc/export_job_4502446/842250/Svea_Hovra╠êtt_-_Advokatfiskalens_Ja╠êmtlands_la╠ên_(1702)_124-156/page/0024_DSC_0358.xml,0024_DSC_0358,r2,1,(none),21,21,100.0,0.383,0.726,False,-3,105,False,True
4502446,Svea Hovra╠êtt etc/export_job_4502446/842250/Svea_Hovra╠êtt_-_Advokatfiskalens_Ja╠êmtlands_la╠ên_(1702)_124-156/page/0025_DSC_0359.xml,0025_DSC_0359,r1,0,(none),17,17,100.0,0.361,0.314,False,0,99,False,True
4502446,Svea Hovra╠êtt etc/export_job_4502446/842250/Svea_Hovra╠êtt_-_Advokatfiskalens_Ja╠êmtlands_la╠ên_(1702)_124-156/page/0025_DSC_0359.xml,0025_DSC_0359,r2,1,(none),21,21,100.0,0.392,0.698,False,-3,101,False,True
4502446,Svea Hovra╠êtt etc/export_job_4502446/842250/Svea_Hovra╠êtt_-_Advokatfiskalens_Ja╠êmtlands_la╠ên_(1702)_124-156/page/0026_DSC_0361.xml,0026_DSC_0361,r1,0,(none),21,21,100.0,0.339,0.338,False,36,101,False,True
4502446,Svea Hovra╠êtt etc/export_job_4502446/842250/Svea_Hovra╠êtt_-_Advokatfiskalens_Ja╠êmtlands_la╠ên_(1702)_124-156/page/0026_DSC_0361.xml,0026_DSC_0361,r2,1,(none),22,22,100.0,0.378,0.707,False,-25,103.0,False,True
4502446,Svea Hovra╠êtt etc/export_job_4502446/842250/Svea_Hovra╠êtt_-_Advokatfiskalens_Ja╠êmtlands_la╠ên_(1702)_124-156/page/0027_DSC_0362.xml,0027_DSC_0362,r2,0,(none),19,19,100.0,0.364,0.354,False,5,97,False,True
4502446,Svea Hovra╠êtt etc/export_job_4502446/842250/Svea_Hovra╠êtt_-_Advokatfiskalens_Ja╠êmtlands_la╠ên_(1702)_124-156/page/0027_DSC_0362.xml,0027_DSC_0362,r3,1,(none),20,20,100.0,0.382,0.742,False,1,100.5,False,True
4502446,Svea Hovra╠êtt etc/export_job_4502446/842250/Svea_Hovra╠êtt_-_Advokatfiskalens_Ja╠êmtlands_la╠ên_(1702)_124-156/page/0028_DSC_0364.xml,0028_DSC_0364,r1,0,(none),20,20,100.0,0.367,0.343,False,-31,94.0,False,True
4502446,Svea Hovra╠êtt etc/export_job_4502446/842250/Svea_Hovra╠êtt_-_Advokatfiskalens_Ja╠êmtlands_la╠ên_(1702)_124-156/page/0028_DSC_0364.xml,0028_DSC_0364,r2,1,(none),22,22,100.0,0.432,0.755,False,4,103.0,False,True
4502446,Svea Hovra╠êtt etc/export_job_4502446/842250/Svea_Hovra╠êtt_-_Advokatfiskalens_Ja╠êmtlands_la╠ên_(1702)_124-156/page/0029_DSC_0365.xml,0029_DSC_0365,r1,0,(none),21,21,100.0,0.351,0.365,False,-26,98,False,True
4502446,Svea Hovra╠êtt etc/export_job_4502446/842250/Svea_Hovra╠êtt_-_Advokatfiskalens_Ja╠êmtlands_la╠ên_(1702)_124-156/page/0029_DSC_0365.xml,0029_DSC_0365,r2,1,(none),20,20,100.0,0.411,0.76,False,-18,106.5,False,True
4502446,Svea Hovra╠êtt etc/export_job_4502446/842250/Svea_Hovra╠êtt_-_Advokatfiskalens_Ja╠êmtlands_la╠ên_(1702)_124-156/page/0030_DSC_0366.xml,0030_DSC_0366,r2,0,(none),19,19,100.0,0.367,0.352,False,-22,99,False,True
4502446,Svea Hovra╠êtt etc/export_job_4502446/842250/Svea_Hovra╠êtt_-_Advokatfiskalens_Ja╠êmtlands_la╠ên_(1702)_124-156/page/0030_DSC_0366.xml,0030_DSC_0366,r3,1,(none),20,20,100.0,0.383,0.737,False,2,104.5,False,True
4502446,Svea Hovra╠êtt etc/export_job_4502446/842250/Svea_Hovra╠êtt_-_Advokatfiskalens_Ja╠êmtlands_la╠ên_(1702)_124-156/page/0031_DSC_0367.xml,0031_DSC_0367,r2,0,(none),19,19,100.0,0.38,0.337,False,-27,96,False,True
4502446,Svea Hovra╠êtt etc/export_job_4502446/842250/Svea_Hovra╠êtt_-_Advokatfiskalens_Ja╠êmtlands_la╠ên_(1702)_124-156/page/0031_DSC_0367.xml,0031_DSC_0367,r3,1,(none),22,22,100.0,0.369,0.722,False,17,106.0,False,True
4502446,Svea Hovra╠êtt etc/export_job_4502446/842250/Svea_Hovra╠êtt_-_Advokatfiskalens_Ja╠êmtlands_la╠ên_(1702)_124-156/page/0032_DSC_0368.xml,0032_DSC_0368,r1,0,(none),21,21,100.0,0.337,0.381,False,-11,101,False,True
4502446,Svea Hovra╠êtt etc/export_job_4502446/842250/Svea_Hovra╠êtt_-_Advokatfiskalens_Ja╠êmtlands_la╠ên_(1702)_124-156/page/0032_DSC_0368.xml,0032_DSC_0368,r2,1,(none),22,22,100.0,0.361,0.743,False,3,94.0,False,True
4502446,Svea Hovra╠êtt etc/export_job_4502446/842250/Svea_Hovra╠êtt_-_Advokatfiskalens_Ja╠êmtlands_la╠ên_(1702)_124-156/page/0033_DSC_0369.xml,0033_DSC_0369,r1,0,(none),14,14,100.0,0.339,0.363,False,99,99.5,False,True
