kind,key,files,retained_files,distinct_texts,collections,paths
identical_page_image_sha256,0166b01f98ec324f203ca8ef3c07fb44b469e7fb259d4e73a0f99c1962fb2cdf,2,1,2,4502439 | 4502445,Svea Hovra╠êtt etc/export_job_4502439/858665/TRAINING_VALIDATION_SET_romain_test_/page/0002_DSC_0399.xml | Svea Hovra╠êtt etc/export_job_4502445/845640/Svea_Hovra╠êtt_-_Advokatfiskalen_Ja╠êmtlands_la╠ên_(1702)_366_-_414/page/0022_DSC_0399.xml
identical_page_image_sha256,195ccf18295125b8540648bf5019a6fe6c7066f43828205a24c293661e3adf9b,2,1,2,4502439 | 4502446,Svea Hovra╠êtt etc/export_job_4502439/858665/TRAINING_VALIDATION_SET_romain_test_/page/0001_DSC_0364.xml | Svea Hovra╠êtt etc/export_job_4502446/842250/Svea_Hovra╠êtt_-_Advokatfiskalens_Ja╠êmtlands_la╠ên_(1702)_124-156/page/0028_DSC_0364.xml
identical_page_image_sha256,99b35873bf25eef1a3ef384fc519c64cb02e2dbf851331b9a60b7b699afb44f8,2,1,2,4502439 | 4502443,Svea Hovra╠êtt etc/export_job_4502439/858665/TRAINING_VALIDATION_SET_romain_test_/page/0004_DSC_0455.xml | Svea Hovra╠êtt etc/export_job_4502443/858057/Svea_Hovra╠êtt_ÔÇô_Advokatfiskalen_Ja╠êmtlands_la╠ên_(1713)_372_ÔÇô_383_/page/0007_DSC_0455.xml
identical_page_image_sha256,9dc84dd213328b4ae14eafd5d864baf3ea52f67de1ff8b670235d50317fb9770,2,1,2,4502440 | 4502445,Svea Hovra╠êtt etc/export_job_4502440/858435/TRAINING_VALIDATION_SET_Ja╠êmtlands_1702/page/0001_DSC_0422.xml | Svea Hovra╠êtt etc/export_job_4502445/845640/Svea_Hovra╠êtt_-_Advokatfiskalen_Ja╠êmtlands_la╠ên_(1702)_366_-_414/page/0040_DSC_0422.xml
identical_page_image_sha256,c2d3f593aeed908ebc59344c8b5a50e60f7b4a63da3ca24842e4c936d38d84a5,2,1,2,4502439 | 4502444,Svea Hovra╠êtt etc/export_job_4502439/858665/TRAINING_VALIDATION_SET_romain_test_/page/0003_DSC_0440.xml | Svea Hovra╠êtt etc/export_job_4502444/855910/Svea_Hovra╠êtt_ÔÇô_Advokatfiskalen_Ja╠êmtlands_la╠ên_(1713)_103_ÔÇô_117/page/0007_DSC_0440.xml
same_transkribus_imageId,24549414,2,1,2,4502439 | 4502446,Svea Hovra╠êtt etc/export_job_4502439/858665/TRAINING_VALIDATION_SET_romain_test_/page/0001_DSC_0364.xml | Svea Hovra╠êtt etc/export_job_4502446/842250/Svea_Hovra╠êtt_-_Advokatfiskalens_Ja╠êmtlands_la╠ên_(1702)_124-156/page/0028_DSC_0364.xml
same_transkribus_imageId,24674114,2,1,2,4502439 | 4502445,Svea Hovra╠êtt etc/export_job_4502439/858665/TRAINING_VALIDATION_SET_romain_test_/page/0002_DSC_0399.xml | Svea Hovra╠êtt etc/export_job_4502445/845640/Svea_Hovra╠êtt_-_Advokatfiskalen_Ja╠êmtlands_la╠ên_(1702)_366_-_414/page/0022_DSC_0399.xml
same_transkribus_imageId,24674209,2,1,2,4502440 | 4502445,Svea Hovra╠êtt etc/export_job_4502440/858435/TRAINING_VALIDATION_SET_Ja╠êmtlands_1702/page/0001_DSC_0422.xml | Svea Hovra╠êtt etc/export_job_4502445/845640/Svea_Hovra╠êtt_-_Advokatfiskalen_Ja╠êmtlands_la╠ên_(1702)_366_-_414/page/0040_DSC_0422.xml
same_transkribus_imageId,25339404,2,1,2,4502439 | 4502444,Svea Hovra╠êtt etc/export_job_4502439/858665/TRAINING_VALIDATION_SET_romain_test_/page/0003_DSC_0440.xml | Svea Hovra╠êtt etc/export_job_4502444/855910/Svea_Hovra╠êtt_ÔÇô_Advokatfiskalen_Ja╠êmtlands_la╠ên_(1713)_103_ÔÇô_117/page/0007_DSC_0440.xml
same_transkribus_imageId,25538521,2,1,2,4502439 | 4502443,Svea Hovra╠êtt etc/export_job_4502439/858665/TRAINING_VALIDATION_SET_romain_test_/page/0004_DSC_0455.xml | Svea Hovra╠êtt etc/export_job_4502443/858057/Svea_Hovra╠êtt_ÔÇô_Advokatfiskalen_Ja╠êmtlands_la╠ên_(1713)_372_ÔÇô_383_/page/0007_DSC_0455.xml
