metric,4502443,4502444,4502445,4502446,candidate_total,training_ref
lines,397,776,2137,1317,4627,40983
characters,18529,37812,68549,41311,166201,1119124
words,3086,6227,12279,7280,28872,180930
mean_chars_per_line,46.67,48.73,32.08,31.37,35.92,27.31
pct_lines_ending_-,12.343,9.923,20.917,11.314,15.604,0.061
pct_lines_ending_¬,0.0,0.0,0.0,0.0,0.0,27.336
mid_sentence_capitalized_pct,23.736,18.243,16.749,16.412,17.824,31.724
digits_per10k_chars,107.399,123.241,148.361,114.739,129.722,146.427
;_per10k_chars,0.0,0.0,0.0,0.0,0.0,9.829
:_per10k_chars,1.619,0.0,0.0,1.937,0.662,35.903
",_per10k_chars",52.35,68.497,114.517,150.081,105.956,124.195
._per10k_chars,103.621,112.398,215.32,168.478,167.809,135.204
(_per10k_chars,0.0,0.0,0.0,0.0,0.0,0.027
)_per10k_chars,0.0,0.0,0.0,0.0,0.0,0.018
&_per10k_chars,0.0,0.0,0.0,0.0,0.0,0.098
§_per10k_chars,0.54,0.529,2.918,2.421,1.986,0.465
½_per10k_chars,1.619,1.322,1.751,2.179,1.745,0.134
/_per10k_chars,3.778,5.554,0.584,0.242,1.986,7.872
'_per10k_chars,0.0,0.0,0.0,0.0,0.0,0.018
"""_per10k_chars",0.0,0.0,0.0,0.0,0.0,0.054
"hist_hw- (hwar, hwilken)_per1000_words",11.99,10.76,12.705,11.813,11.984,10.656
hist_qw- (qwinna)_per1000_words,0.648,1.285,0.57,0.137,0.623,0.497
"hist_dh (medh, godh)_per1000_words",24.303,32.761,1.955,2.473,11.118,0.26
"hist_fw (hafwa, af)_per1000_words",24.303,22.483,21.011,20.604,21.578,23.374
"hist_ff (aff, ...)_per1000_words",14.582,18.147,18.894,19.093,18.322,9.672
hist_ck word-final_per1000_words,3.564,3.694,2.688,3.571,3.221,4.035
hist_æ_per1000_words,0.0,0.0,0.0,0.0,0.0,2.172
hist_ß_per1000_words,0.0,0.0,0.0,0.0,0.0,5.953
hist_ſ long s_per1000_words,0.0,0.0,0.0,0.0,0.0,0.0
A1_abbr_candidates_per1000_words,25.275,24.089,47.887,38.874,38.065,53.877
