char,codepoint,name,count_4502443,count_4502444,count_4502445,count_4502446,count_candidate_total,count_training_ref,per10k_4502443,per10k_4502444,per10k_4502445,per10k_4502446,per10k_candidate_total,per10k_training_ref,line_final_4502443,line_final_4502444,line_final_4502445,line_final_4502446,line_final_candidate_total,line_final_training_ref,line_initial_4502443,line_initial_4502444,line_initial_4502445,line_initial_4502446,line_initial_candidate_total,line_initial_training_ref
!,U+0021,EXCLAMATION MARK,0,0,0,0,0,1,0.0,0.0,0.0,0.0,0.0,0.009,0,0,0,0,0,0,0,0,0,0,0,0
"""",U+0022,QUOTATION MARK,0,0,0,0,0,6,0.0,0.0,0.0,0.0,0.0,0.054,0,0,0,0,0,0,0,0,0,0,0,0
#,U+0023,NUMBER SIGN,0,0,0,0,0,2,0.0,0.0,0.0,0.0,0.0,0.018,0,0,0,0,0,1,0,0,0,0,0,1
&,U+0026,AMPERSAND,0,0,0,0,0,11,0.0,0.0,0.0,0.0,0.0,0.098,0,0,0,0,0,1,0,0,0,0,0,1
',U+0027,APOSTROPHE,0,0,0,0,0,2,0.0,0.0,0.0,0.0,0.0,0.018,0,0,0,0,0,0,0,0,0,0,0,0
(,U+0028,LEFT PARENTHESIS,0,0,0,0,0,3,0.0,0.0,0.0,0.0,0.0,0.027,0,0,0,0,0,0,0,0,0,0,0,0
),U+0029,RIGHT PARENTHESIS,0,0,0,0,0,2,0.0,0.0,0.0,0.0,0.0,0.018,0,0,0,0,0,0,0,0,0,0,0,0
+,U+002B,PLUS SIGN,0,2,0,0,2,3,0.0,0.529,0.0,0.0,0.12,0.027,0,0,0,0,0,0,0,0,0,0,0,1
",",U+002C,COMMA,97,259,785,620,1761,13899,52.35,68.497,114.517,150.081,105.956,124.195,7,16,73,54,150,2175,0,0,0,0,0,1
-,U+002D,HYPHEN-MINUS,49,79,453,154,735,81,26.445,20.893,66.084,37.278,44.224,0.724,49,77,447,149,722,25,0,0,1,0,1,3
.,U+002E,FULL STOP,192,425,1476,696,2789,15131,103.621,112.398,215.32,168.478,167.809,135.204,43,100,286,163,592,5326,0,0,0,0,0,3
/,U+002F,SOLIDUS,7,21,4,1,33,881,3.778,5.554,0.584,0.242,1.986,7.872,0,0,0,0,0,79,0,0,0,0,0,2
:,U+003A,COLON,3,0,0,8,11,4018,1.619,0.0,0.0,1.937,0.662,35.903,1,0,0,0,1,575,0,0,0,0,0,0
;,U+003B,SEMICOLON,0,0,0,0,0,1100,0.0,0.0,0.0,0.0,0.0,9.829,0,0,0,0,0,192,0,0,0,0,0,0
<,U+003C,LESS-THAN SIGN,0,0,0,0,0,16,0.0,0.0,0.0,0.0,0.0,0.143,0,0,0,0,0,9,0,0,0,0,0,0
=,U+003D,EQUALS SIGN,0,0,0,0,0,1,0.0,0.0,0.0,0.0,0.0,0.009,0,0,0,0,0,0,0,0,0,0,0,0
?,U+003F,QUESTION MARK,0,1,3,2,6,88,0.0,0.264,0.438,0.484,0.361,0.786,0,0,1,0,1,20,0,0,0,0,0,0
|,U+007C,VERTICAL LINE,0,0,0,0,0,2,0.0,0.0,0.0,0.0,0.0,0.018,0,0,0,0,0,1,0,0,0,0,0,0
},U+007D,RIGHT CURLY BRACKET,0,0,0,0,0,8,0.0,0.0,0.0,0.0,0.0,0.071,0,0,0,0,0,0,0,0,0,0,0,8
§,U+00A7,SECTION SIGN,1,2,20,10,33,52,0.54,0.529,2.918,2.421,1.986,0.465,0,0,0,0,0,3,0,0,1,0,1,0
¨,U+00A8,DIAERESIS,0,0,1,0,1,0,0.0,0.0,0.146,0.0,0.06,0.0,0,0,1,0,1,0,0,0,0,0,0,0
¬,U+00AC,NOT SIGN,0,0,0,0,0,11217,0.0,0.0,0.0,0.0,0.0,100.23,0,0,0,0,0,11203,0,0,0,0,0,0
–,U+2013,EN DASH,0,2,0,0,2,0,0.0,0.529,0.0,0.0,0.12,0.0,0,0,0,0,0,0,0,0,0,0,0,0
—,U+2014,EM DASH,0,0,0,0,0,20,0.0,0.0,0.0,0.0,0.0,0.179,0,0,0,0,0,3,0,0,0,0,0,15
⁒,U+2052,COMMERCIAL MINUS SIGN,0,0,0,0,0,3,0.0,0.0,0.0,0.0,0.0,0.027,0,0,0,0,0,0,0,0,0,0,0,0
