char,codepoint,name,category,in_loghi_charset,count_4502443,count_4502444,count_4502445,count_4502446,count_candidate_total,count_training_ref,per10k_4502443,per10k_4502444,per10k_4502445,per10k_4502446,per10k_candidate_total,per10k_training_ref
 ,U+0020,SPACE,Zs,True,2689,5452,10157,5967,24265,139977,1451.239,1441.87,1481.714,1444.409,1459.979,1250.773
!,U+0021,EXCLAMATION MARK,Po,True,0,0,0,0,0,1,0.0,0.0,0.0,0.0,0.0,0.009
"""",U+0022,QUOTATION MARK,Po,True,0,0,0,0,0,6,0.0,0.0,0.0,0.0,0.0,0.054
#,U+0023,NUMBER SIGN,Po,True,0,0,0,0,0,2,0.0,0.0,0.0,0.0,0.0,0.018
&,U+0026,AMPERSAND,Po,True,0,0,0,0,0,11,0.0,0.0,0.0,0.0,0.0,0.098
',U+0027,APOSTROPHE,Po,True,0,0,0,0,0,2,0.0,0.0,0.0,0.0,0.0,0.018
(,U+0028,LEFT PARENTHESIS,Ps,True,0,0,0,0,0,3,0.0,0.0,0.0,0.0,0.0,0.027
),U+0029,RIGHT PARENTHESIS,Pe,True,0,0,0,0,0,2,0.0,0.0,0.0,0.0,0.0,0.018
+,U+002B,PLUS SIGN,Sm,True,0,2,0,0,2,3,0.0,0.529,0.0,0.0,0.12,0.027
",",U+002C,COMMA,Po,True,97,259,785,620,1761,13899,52.35,68.497,114.517,150.081,105.956,124.195
-,U+002D,HYPHEN-MINUS,Pd,True,49,79,453,154,735,81,26.445,20.893,66.084,37.278,44.224,0.724
.,U+002E,FULL STOP,Po,True,192,425,1476,696,2789,15131,103.621,112.398,215.32,168.478,167.809,135.204
/,U+002F,SOLIDUS,Po,True,7,21,4,1,33,881,3.778,5.554,0.584,0.242,1.986,7.872
0,U+0030,DIGIT ZERO,Nd,True,10,30,87,34,161,1533,5.397,7.934,12.692,8.23,9.687,13.698
1,U+0031,DIGIT ONE,Nd,True,71,141,226,123,561,3751,38.318,37.29,32.969,29.774,33.754,33.517
2,U+0032,DIGIT TWO,Nd,True,31,84,130,83,328,2255,16.731,22.215,18.965,20.092,19.735,20.15
3,U+0033,DIGIT THREE,Nd,True,16,43,115,47,221,1479,8.635,11.372,16.776,11.377,13.297,13.216
4,U+0034,DIGIT FOUR,Nd,True,11,29,69,40,149,1308,5.937,7.67,10.066,9.683,8.965,11.688
5,U+0035,DIGIT FIVE,Nd,True,5,26,46,24,101,1135,2.698,6.876,6.711,5.81,6.077,10.142
6,U+0036,DIGIT SIX,Nd,True,16,30,134,51,231,1084,8.635,7.934,19.548,12.345,13.899,9.686
7,U+0037,DIGIT SEVEN,Nd,True,26,55,61,19,161,1723,14.032,14.546,8.899,4.599,9.687,15.396
8,U+0038,DIGIT EIGHT,Nd,True,8,15,65,26,114,999,4.318,3.967,9.482,6.294,6.859,8.927
9,U+0039,DIGIT NINE,Nd,True,5,13,84,27,129,1120,2.698,3.438,12.254,6.536,7.762,10.008
:,U+003A,COLON,Po,True,3,0,0,8,11,4018,1.619,0.0,0.0,1.937,0.662,35.903
;,U+003B,SEMICOLON,Po,True,0,0,0,0,0,1100,0.0,0.0,0.0,0.0,0.0,9.829
<,U+003C,LESS-THAN SIGN,Sm,True,0,0,0,0,0,16,0.0,0.0,0.0,0.0,0.0,0.143
=,U+003D,EQUALS SIGN,Sm,True,0,0,0,0,0,1,0.0,0.0,0.0,0.0,0.0,0.009
?,U+003F,QUESTION MARK,Po,True,0,1,3,2,6,88,0.0,0.264,0.438,0.484,0.361,0.786
A,U+0041,LATIN CAPITAL LETTER A,Lu,True,13,24,99,43,179,4004,7.016,6.347,14.442,10.409,10.77,35.778
B,U+0042,LATIN CAPITAL LETTER B,Lu,True,65,59,162,119,405,2747,35.08,15.604,23.633,28.806,24.368,24.546
C,U+0043,LATIN CAPITAL LETTER C,Lu,True,21,57,138,70,286,4320,11.334,15.075,20.132,16.945,17.208,38.602
D,U+0044,LATIN CAPITAL LETTER D,Lu,True,19,48,149,54,270,1785,10.254,12.694,21.736,13.072,16.245,15.95
E,U+0045,LATIN CAPITAL LETTER E,Lu,True,44,81,99,147,371,2192,23.747,21.422,14.442,35.584,22.322,19.587
F,U+0046,LATIN CAPITAL LETTER F,Lu,True,17,32,87,46,182,2910,9.175,8.463,12.692,11.135,10.951,26.002
G,U+0047,LATIN CAPITAL LETTER G,Lu,True,14,18,43,12,87,2078,7.556,4.76,6.273,2.905,5.235,18.568
H,U+0048,LATIN CAPITAL LETTER H,Lu,True,115,110,251,124,600,5785,62.065,29.091,36.616,30.016,36.101,51.692
I,U+0049,LATIN CAPITAL LETTER I,Lu,True,9,11,35,12,67,563,4.857,2.909,5.106,2.905,4.031,5.031
J,U+004A,LATIN CAPITAL LETTER J,Lu,True,60,77,66,41,244,2689,32.382,20.364,9.628,9.925,14.681,24.028
K,U+004B,LATIN CAPITAL LETTER K,Lu,True,17,27,93,34,171,3930,9.175,7.141,13.567,8.23,10.289,35.117
L,U+004C,LATIN CAPITAL LETTER L,Lu,True,31,100,135,80,346,2812,16.731,26.447,19.694,19.365,20.818,25.127
M,U+004D,LATIN CAPITAL LETTER M,Lu,True,10,78,269,116,473,2623,5.397,20.628,39.242,28.08,28.46,23.438
N,U+004E,LATIN CAPITAL LETTER N,Lu,True,42,29,113,62,246,1228,22.667,7.67,16.485,15.008,14.801,10.973
O,U+004F,LATIN CAPITAL LETTER O,Lu,True,10,19,93,62,184,1641,5.397,5.025,13.567,15.008,11.071,14.663
P,U+0050,LATIN CAPITAL LETTER P,Lu,True,49,93,176,86,404,1938,26.445,24.595,25.675,20.818,24.308,17.317
Q,U+0051,LATIN CAPITAL LETTER Q,Lu,True,2,3,0,0,5,32,1.079,0.793,0.0,0.0,0.301,0.286
R,U+0052,LATIN CAPITAL LETTER R,Lu,True,64,104,56,40,264,5004,34.54,27.504,8.169,9.683,15.884,44.714
S,U+0053,LATIN CAPITAL LETTER S,Lu,True,118,185,280,151,734,7307,63.684,48.926,40.847,36.552,44.163,65.292
T,U+0054,LATIN CAPITAL LETTER T,Lu,True,26,19,31,27,103,1253,14.032,5.025,4.522,6.536,6.197,11.196
U,U+0055,LATIN CAPITAL LETTER U,Lu,True,2,4,15,17,38,1083,1.079,1.058,2.188,4.115,2.286,9.677
V,U+0056,LATIN CAPITAL LETTER V,Lu,True,2,0,6,1,9,384,1.079,0.0,0.875,0.242,0.542,3.431
W,U+0057,LATIN CAPITAL LETTER W,Lu,True,7,9,24,27,67,2199,3.778,2.38,3.501,6.536,4.031,19.649
X,U+0058,LATIN CAPITAL LETTER X,Lu,True,0,0,0,0,0,4,0.0,0.0,0.0,0.0,0.0,0.036
Y,U+0059,LATIN CAPITAL LETTER Y,Lu,True,0,0,3,3,6,8,0.0,0.0,0.438,0.726,0.361,0.071
Z,U+005A,LATIN CAPITAL LETTER Z,Lu,True,0,3,0,1,4,35,0.0,0.793,0.0,0.242,0.241,0.313
a,U+0061,LATIN SMALL LETTER A,Ll,True,1176,2512,4609,2789,11086,71798,634.681,664.339,672.366,675.123,667.024,641.555
b,U+0062,LATIN SMALL LETTER B,Ll,True,175,348,639,385,1547,11633,94.447,92.034,93.218,93.196,93.08,103.947
c,U+0063,LATIN SMALL LETTER C,Ll,True,223,435,702,447,1807,16417,120.352,115.043,102.408,108.204,108.724,146.695
d,U+0064,LATIN SMALL LETTER D,Ll,True,656,1462,2925,1834,6877,42475,354.04,386.65,426.702,443.95,413.776,379.538
e,U+0065,LATIN SMALL LETTER E,Ll,True,1457,3095,5495,3479,13526,99740,786.335,818.523,801.616,842.149,813.834,891.233
f,U+0066,LATIN SMALL LETTER F,Ll,True,482,934,1766,1023,4205,25841,260.133,247.012,257.626,247.634,253.007,230.904
g,U+0067,LATIN SMALL LETTER G,Ll,True,388,895,1352,870,3505,23720,209.401,236.697,197.231,210.598,210.889,211.951
h,U+0068,LATIN SMALL LETTER H,Ll,True,640,1272,2071,1207,5190,26183,345.405,336.401,302.12,292.174,312.272,233.96
i,U+0069,LATIN SMALL LETTER I,Ll,True,790,1561,2614,1589,6554,50947,426.359,412.832,381.333,384.643,394.342,455.24
j,U+006A,LATIN SMALL LETTER J,Ll,True,11,35,14,29,89,3434,5.937,9.256,2.042,7.02,5.355,30.685
k,U+006B,LATIN SMALL LETTER K,Ll,True,264,503,1001,633,2401,13614,142.479,133.027,146.027,153.228,144.464,121.649
l,U+006C,LATIN SMALL LETTER L,Ll,True,776,1576,2925,1902,7179,44019,418.803,416.799,426.702,460.41,431.947,393.334
m,U+006D,LATIN SMALL LETTER M,Ll,True,513,1060,1560,922,4055,27548,276.863,280.334,227.574,223.185,243.982,246.157
n,U+006E,LATIN SMALL LETTER N,Ll,True,1377,2932,4632,2623,11564,76024,743.159,775.415,675.721,634.94,695.784,679.317
o,U+006F,LATIN SMALL LETTER O,Ll,True,742,1285,2385,1510,5922,40437,400.453,339.839,347.926,365.52,356.316,361.327
p,U+0070,LATIN SMALL LETTER P,Ll,True,119,328,533,340,1320,9264,64.224,86.745,77.755,82.303,79.422,82.779
q,U+0071,LATIN SMALL LETTER Q,Ll,True,4,16,28,10,58,845,2.159,4.231,4.085,2.421,3.49,7.551
r,U+0072,LATIN SMALL LETTER R,Ll,True,957,2027,3639,2152,8775,69556,516.488,536.073,530.861,520.927,527.975,621.522
s,U+0073,LATIN SMALL LETTER S,Ll,True,1046,1821,3251,2147,8265,50592,564.52,481.593,474.259,519.716,497.289,452.068
t,U+0074,LATIN SMALL LETTER T,Ll,True,1178,2532,4474,2746,10930,66828,635.76,669.629,652.672,664.714,657.637,597.146
u,U+0075,LATIN SMALL LETTER U,Ll,True,285,624,858,535,2302,19818,153.813,165.027,125.166,129.505,138.507,177.085
v,U+0076,LATIN SMALL LETTER V,Ll,True,3,22,42,20,87,3340,1.619,5.818,6.127,4.841,5.235,29.845
w,U+0077,LATIN SMALL LETTER W,Ll,True,258,518,1000,582,2358,13711,139.241,136.994,145.881,140.883,141.876,122.515
x,U+0078,LATIN SMALL LETTER X,Ll,True,14,16,25,12,67,960,7.556,4.231,3.647,2.905,4.031,8.578
y,U+0079,LATIN SMALL LETTER Y,Ll,True,135,305,543,338,1321,2607,72.859,80.662,79.213,81.818,79.482,23.295
z,U+007A,LATIN SMALL LETTER Z,Ll,True,24,91,100,78,293,1494,12.953,24.066,14.588,18.881,17.629,13.35
|,U+007C,VERTICAL LINE,Sm,True,0,0,0,0,0,2,0.0,0.0,0.0,0.0,0.0,0.018
},U+007D,RIGHT CURLY BRACKET,Pe,True,0,0,0,0,0,8,0.0,0.0,0.0,0.0,0.0,0.071
§,U+00A7,SECTION SIGN,Po,True,1,2,20,10,33,52,0.54,0.529,2.918,2.421,1.986,0.465
¨,U+00A8,DIAERESIS,Sk,True,0,0,1,0,1,0,0.0,0.0,0.146,0.0,0.06,0.0
¬,U+00AC,NOT SIGN,Sm,True,0,0,0,0,0,11217,0.0,0.0,0.0,0.0,0.0,100.23
¼,U+00BC,VULGAR FRACTION ONE QUARTER,No,False,0,0,1,0,1,0,0.0,0.0,0.146,0.0,0.06,0.0
½,U+00BD,VULGAR FRACTION ONE HALF,No,True,3,5,12,9,29,15,1.619,1.322,1.751,2.179,1.745,0.134
Ä,U+00C4,LATIN CAPITAL LETTER A WITH DIAERESIS,Lu,True,0,0,2,0,2,385,0.0,0.0,0.292,0.0,0.12,3.44
Å,U+00C5,LATIN CAPITAL LETTER A WITH RING ABOVE,Lu,True,0,1,1,9,11,407,0.0,0.264,0.146,2.179,0.662,3.637
Ö,U+00D6,LATIN CAPITAL LETTER O WITH DIAERESIS,Lu,True,1,5,8,3,17,419,0.54,1.322,1.167,0.726,1.023,3.744
Ü,U+00DC,LATIN CAPITAL LETTER U WITH DIAERESIS,Lu,False,0,0,0,0,0,1,0.0,0.0,0.0,0.0,0.0,0.009
ß,U+00DF,LATIN SMALL LETTER SHARP S,Ll,True,0,0,0,0,0,1077,0.0,0.0,0.0,0.0,0.0,9.624
à,U+00E0,LATIN SMALL LETTER A WITH GRAVE,Ll,True,0,0,0,0,0,1,0.0,0.0,0.0,0.0,0.0,0.009
á,U+00E1,LATIN SMALL LETTER A WITH ACUTE,Ll,True,0,0,0,0,0,15,0.0,0.0,0.0,0.0,0.0,0.134
ä,U+00E4,LATIN SMALL LETTER A WITH DIAERESIS,Ll,True,288,577,1029,599,2493,15550,155.432,152.597,150.112,144.998,149.999,138.948
å,U+00E5,LATIN SMALL LETTER A WITH RING ABOVE,Ll,True,299,631,1116,694,2740,11997,161.369,166.878,162.803,167.994,164.861,107.2
æ,U+00E6,LATIN SMALL LETTER AE,Ll,False,0,0,0,0,0,393,0.0,0.0,0.0,0.0,0.0,3.512
é,U+00E9,LATIN SMALL LETTER E WITH ACUTE,Ll,True,0,0,0,0,0,92,0.0,0.0,0.0,0.0,0.0,0.822
ë,U+00EB,LATIN SMALL LETTER E WITH DIAERESIS,Ll,True,0,0,0,0,0,13,0.0,0.0,0.0,0.0,0.0,0.116
ö,U+00F6,LATIN SMALL LETTER O WITH DIAERESIS,Ll,True,251,489,858,488,2086,12343,135.463,129.324,125.166,118.128,125.511,110.292
ü,U+00FC,LATIN SMALL LETTER U WITH DIAERESIS,Ll,True,0,0,0,0,0,102,0.0,0.0,0.0,0.0,0.0,0.911
Ψ,U+03A8,GREEK CAPITAL LETTER PSI,Lu,False,0,0,0,0,0,2,0.0,0.0,0.0,0.0,0.0,0.018
ӕ,U+04D5,CYRILLIC SMALL LIGATURE A IE,Ll,False,0,0,0,0,0,1,0.0,0.0,0.0,0.0,0.0,0.009
َ,U+064E,ARABIC FATHA,Mn,False,0,0,0,0,0,1,0.0,0.0,0.0,0.0,0.0,0.009
–,U+2013,EN DASH,Pd,True,0,2,0,0,2,0,0.0,0.529,0.0,0.0,0.12,0.0
—,U+2014,EM DASH,Pd,True,0,0,0,0,0,20,0.0,0.0,0.0,0.0,0.0,0.179
⁒,U+2052,COMMERCIAL MINUS SIGN,Sm,False,0,0,0,0,0,3,0.0,0.0,0.0,0.0,0.0,0.027
