line_id,context_narrow_pred,context_wide_pred,context_normal_pred,n_distinct
Svea_Hovraett_etc_export_job_4502445_845640_Svea_Hovraett_-_Advokatfiskalen_Jaemtlands_laen__1702__3-6edbb12a/0010_DSC_0381/r1l12,"krefning, fördenskull och i Kog","krefning, fördenskull och i tog","krefning, fördenskull och i tog",2
Svea_Hovraett_etc_export_job_4502445_845640_Svea_Hovraett_-_Advokatfiskalen_Jaemtlands_laen__1702__3-6edbb12a/0028_DSC_0406/r2l18,höfwerkala ett taga Pähr Prßen,höfwerkala ett taga Pähr Prßen,höfwerkala ett taga Pähr Prßen,1
Svea_Hovraett_etc_export_job_4502445_845640_Svea_Hovraett_-_Advokatfiskalen_Jaemtlands_laen__1702__3-6edbb12a/0042_DSC_0424/r4l28,isynnem Somstäddare,isynnem Somstäddare,isynnem Somstäddare,1
Svea_Hovraett_etc_export_job_4502446_842250_Svea_Hovraett_-_Advokatfiskalens_Jaemtlands_laen__1702__-7a829e7f/0021_DSC_0355/r1l1,Ph haßtm uhls hulm ö,Ph haßtm uhls hulm d,Ph haßtm uhls hulm d,2
Svea_Hovraett_etc_export_job_4502443_858057_Svea_Hovraett_OCo_Advokatfiskalen_Jaemtlands_laen__1713_-f577f7f3/0008_DSC_0456/r1l24,,,,1
Svea_Hovraett_etc_export_job_4502444_855910_Svea_Hovraett_OCo_Advokatfiskalen_Jaemtlands_laen__1713_-b58e9491/0001_DSC_0433/r1l46,,,,1
Svea_Hovraett_etc_export_job_4502444_855910_Svea_Hovraett_OCo_Advokatfiskalen_Jaemtlands_laen__1713_-b58e9491/0002_DSC_0435/r2l20,,,,1
Svea_Hovraett_etc_export_job_4502444_855910_Svea_Hovraett_OCo_Advokatfiskalen_Jaemtlands_laen__1713_-b58e9491/0006_DSC_0439/r1l1,,,,1
Svea_Hovraett_etc_export_job_4502443_858057_Svea_Hovraett_OCo_Advokatfiskalen_Jaemtlands_laen__1713_-f577f7f3/0002_DSC_0450/r1l11,här om,här om,här om,1
Svea_Hovraett_etc_export_job_4502443_858057_Svea_Hovraett_OCo_Advokatfiskalen_Jaemtlands_laen__1713_-f577f7f3/0007_DSC_0455/r1l22,1,1,1,1
