condition,line_id,ref_pred,cond_pred,edit_distance
ord_reverse_bs16,Svea_Hovraett_etc_export_job_4502445_845640_Svea_Hovraett_-_Advokatfiskalen_Jaemtlands_laen__1702__3-6edbb12a/0042_DSC_0424/r4l28,isynnen Somsträddare,isynnem Somstäddare,2
ord_reverse_bs16,Svea_Hovraett_etc_export_job_4502446_842250_Svea_Hovraett_-_Advokatfiskalens_Jaemtlands_laen__1702__-7a829e7f/0021_DSC_0355/r1l1,Ph hastm uhls hulm ö,Ph haßtm uhls hulm ö,1
ord_reverse_bs16,Svea_Hovraett_etc_export_job_4502446_842250_Svea_Hovraett_-_Advokatfiskalens_Jaemtlands_laen__1702__-7a829e7f/0027_DSC_0362/r2l9,sig .,sig   ,2
ord_reverse_bs16,Svea_Hovraett_etc_export_job_4502446_842250_Svea_Hovraett_-_Advokatfiskalens_Jaemtlands_laen__1702__-7a829e7f/0029_DSC_0365/r2l1,11,1 ,1
ord_reverse_bs16,Svea_Hovraett_etc_export_job_4502445_845640_Svea_Hovraett_-_Advokatfiskalen_Jaemtlands_laen__1702__3-6edbb12a/0039_DSC_0421/r3l2,h,s,1
ord_reverse_bs16,Svea_Hovraett_etc_export_job_4502444_855910_Svea_Hovraett_OCo_Advokatfiskalen_Jaemtlands_laen__1713_-b58e9491/0003_DSC_0436/r1l48,Ao Jåßans honßon Pylihmultsa,A  Jåßans honßon Pylihmultsa,1
ord_reverse_bs16,Svea_Hovraett_etc_export_job_4502445_845640_Svea_Hovraett_-_Advokatfiskalen_Jaemtlands_laen__1702__3-6edbb12a/0019_DSC_0396/r1l19,Ccten som det 8. Cap. Perd: A¬,Ccton som det 8. Cap. Perd: A¬,1
ord_reverse_bs16,Svea_Hovraett_etc_export_job_4502443_858057_Svea_Hovraett_OCo_Advokatfiskalen_Jaemtlands_laen__1713_-f577f7f3/0006_DSC_0454/r1l21,som han wite det sådanne tillwryskte hemfallit man,som han wite det sådanne tillwryske hemfallit man,1
ord_reverse_bs16,Svea_Hovraett_etc_export_job_4502445_845640_Svea_Hovraett_-_Advokatfiskalen_Jaemtlands_laen__1702__3-6edbb12a/0047_DSC_0429/r2l13,lena H Påhn sw: att honom we¬,kema H Påhn swr: att honom wa¬,4
ord_reverse_bs16,Svea_Hovraett_etc_export_job_4502445_845640_Svea_Hovraett_-_Advokatfiskalen_Jaemtlands_laen__1702__3-6edbb12a/0047_DSC_0429/r1l1,"hig datt inskalle, Aenns Lat¬","hign datt inskalle, Aenns Lat¬",1
ord_reverse_bs16,Svea_Hovraett_etc_export_job_4502445_845640_Svea_Hovraett_-_Advokatfiskalen_Jaemtlands_laen__1702__3-6edbb12a/0017_DSC_0391/r1l3,den skull fördumlgas up,"den skull för demlgs, up",4
ord_reverse_bs16,Svea_Hovraett_etc_export_job_4502444_855910_Svea_Hovraett_OCo_Advokatfiskalen_Jaemtlands_laen__1713_-b58e9491/0004_DSC_0437/r2l9,man si ydantya at tills haßamot mäöse,man si ydantya at tills haßamot ndöse,2
ord_reverse_bs16,Svea_Hovraett_etc_export_job_4502446_842250_Svea_Hovraett_-_Advokatfiskalens_Jaemtlands_laen__1702__-7a829e7f/0021_DSC_0355/r2l14,"mot Kong. Mt förerdningar, ach","mot Kong. Mt förerdningar, af",2
ord_reverse_bs16,Svea_Hovraett_etc_export_job_4502446_842250_Svea_Hovraett_-_Advokatfiskalens_Jaemtlands_laen__1702__-7a829e7f/0032_DSC_0368/r2l14,hilken C. Capitin mycket utisin libla,hilken C. Capitiin mycket utisinliba,3
ord_reverse_bs16,Svea_Hovraett_etc_export_job_4502445_845640_Svea_Hovraett_-_Advokatfiskalen_Jaemtlands_laen__1702__3-6edbb12a/0008_DSC_0379/r1l13,företagit; mehrn win intetta,företagit; mehra win intetta,1
ord_reverse_bs16,Svea_Hovraett_etc_export_job_4502443_858057_Svea_Hovraett_OCo_Advokatfiskalen_Jaemtlands_laen__1713_-f577f7f3/0004_DSC_0452/r1l15,hldne Hans Räßmnsom honom d. 16 Jun 67,hldne Hans Räßmnsom honom d. 16 Jun 167,1
ord_reverse_bs16,Svea_Hovraett_etc_export_job_4502444_855910_Svea_Hovraett_OCo_Advokatfiskalen_Jaemtlands_laen__1713_-b58e9491/0009_DSC_0442/r1l2,herbärget derast dhe lgt till Mat: 172 hrt om¬,herbärget derast dhe lgt till Mat: 171 hrt om,2
ord_reverse_bs16,Svea_Hovraett_etc_export_job_4502445_845640_Svea_Hovraett_-_Advokatfiskalen_Jaemtlands_laen__1702__3-6edbb12a/0026_DSC_0404/r1l4,"lifwet fsänke, och till sin Wå¬","lifwet afsänke, och till sin ",5
ord_reverse_bs16,Svea_Hovraett_etc_export_job_4502444_855910_Svea_Hovraett_OCo_Advokatfiskalen_Jaemtlands_laen__1713_-b58e9491/0005_DSC_0438/r1l25,24o: till Stolin richtigt att betala påståendes in¬,24o: Till Stolin richtigt att betala påståendes in,2
ord_reverse_bs16,Svea_Hovraett_etc_export_job_4502444_855910_Svea_Hovraett_OCo_Advokatfiskalen_Jaemtlands_laen__1713_-b58e9491/0005_DSC_0438/r1l19,"koppmt: utifästandes betahlning medh lega, men frick","koppmt: utifästandes betahlning medh lega, men fric",1
ord_reverse_bs16,Svea_Hovraett_etc_export_job_4502443_858057_Svea_Hovraett_OCo_Advokatfiskalen_Jaemtlands_laen__1713_-f577f7f3/0004_DSC_0452/r1l8,skål wen til 3 asl,skål fwentil Saslom,6
ord_reverse_bs16,Svea_Hovraett_etc_export_job_4502443_858057_Svea_Hovraett_OCo_Advokatfiskalen_Jaemtlands_laen__1713_-f577f7f3/0005_DSC_0453/r1l4,,n,1
ord_reverse_bs16,Svea_Hovraett_etc_export_job_4502444_855910_Svea_Hovraett_OCo_Advokatfiskalen_Jaemtlands_laen__1713_-b58e9491/0007_DSC_0440/r1l1,ifigtigå honmg nett somggdt haf,hrfigetigpå frnig nett somggdt haf,7
ord_reverse_bs16,Svea_Hovraett_etc_export_job_4502445_845640_Svea_Hovraett_-_Advokatfiskalen_Jaemtlands_laen__1702__3-6edbb12a/0038_DSC_0420/r2l22,btef att inhumptas Neku,utef att inhumptas Neku,1
ord_reverse_bs16,Svea_Hovraett_etc_export_job_4502445_845640_Svea_Hovraett_-_Advokatfiskalen_Jaemtlands_laen__1702__3-6edbb12a/0030_DSC_0408/r2l11,"herr swårheet skall utstått, adn","herr swårheet skall utstått, aden",1
ord_reverse_bs16,Svea_Hovraett_etc_export_job_4502443_858057_Svea_Hovraett_OCo_Advokatfiskalen_Jaemtlands_laen__1713_-f577f7f3/0007_DSC_0455/r2l1,doßamma af den inte Brodern Restun hanßon,doßamma af den inte Brodern Restmn hanßon,1
ord_reverse_bs16,Svea_Hovraett_etc_export_job_4502443_858057_Svea_Hovraett_OCo_Advokatfiskalen_Jaemtlands_laen__1713_-f577f7f3/0005_DSC_0453/r2l12,kräckwäg intygande beöysar at om aftamme,krickwäg intygande beysar at om aftom me,4
ord_reverse_bs16,Svea_Hovraett_etc_export_job_4502445_845640_Svea_Hovraett_-_Advokatfiskalen_Jaemtlands_laen__1702__3-6edbb12a/0037_DSC_0419/r2l10,pC Kmt hoos LiuMen som med,p C Kmt hoos LinMen som med,2
ord_reverse_bs16,Svea_Hovraett_etc_export_job_4502443_858057_Svea_Hovraett_OCo_Advokatfiskalen_Jaemtlands_laen__1713_-f577f7f3/0001_DSC_0449/r2l28,nedh Barn Rådt Juhltdm 1712 Timg komaßt,nedh Barn Rådt Juhltdm 1712 Ting komnaß,3
ord_reverse_bs16,Svea_Hovraett_etc_export_job_4502443_858057_Svea_Hovraett_OCo_Advokatfiskalen_Jaemtlands_laen__1713_-f577f7f3/0001_DSC_0449/r2l29,under det han på half åhrs tinst boklis tiha,under det han på half åhrs tinst boklils tihaß,2
ord_reverse_bs16,Svea_Hovraett_etc_export_job_4502444_855910_Svea_Hovraett_OCo_Advokatfiskalen_Jaemtlands_laen__1713_-b58e9491/0001_DSC_0433/r1l51,dotters wägnar påstår föraskedade Cenporalen Jo,dotters wägnar påstår föraskedade Conpocalen Jo¬,3
ord_reverse_bs16,Svea_Hovraett_etc_export_job_4502444_855910_Svea_Hovraett_OCo_Advokatfiskalen_Jaemtlands_laen__1713_-b58e9491/0001_DSC_0433/r1l63,läggas bpsutta enstuga på bywänligt sutt till,läggas bpsutta enstuga på bywänligt sutt til,1
ord_reverse_bs16,Svea_Hovraett_etc_export_job_4502445_845640_Svea_Hovraett_-_Advokatfiskalen_Jaemtlands_laen__1702__3-6edbb12a/0002_DSC_0371/r1l9,3 det förden bken Näs e¬,3 det förden bcken NäsEe¬,2
ord_reverse_bs16,Svea_Hovraett_etc_export_job_4502445_845640_Svea_Hovraett_-_Advokatfiskalen_Jaemtlands_laen__1702__3-6edbb12a/0013_DSC_0385/r1l18,Såsom Eon Råthman och Pihr Jonßon,Såsom son Råthman och Påhr Jonßon,2
ord_reverse_bs16,Svea_Hovraett_etc_export_job_4502446_842250_Svea_Hovraett_-_Advokatfiskalens_Jaemtlands_laen__1702__-7a829e7f/0001_DSC_0332/r2l19,Hr Of Roßans begim Msten,Hr Of Reßans begiam Msten,2
ord_reverse_bs16,Svea_Hovraett_etc_export_job_4502446_842250_Svea_Hovraett_-_Advokatfiskalens_Jaemtlands_laen__1702__-7a829e7f/0029_DSC_0365/r2l19,2. s. Bhålingna .,2. s. BihålMingna f.,3
ord_width_asc_bs16,Svea_Hovraett_etc_export_job_4502445_845640_Svea_Hovraett_-_Advokatfiskalen_Jaemtlands_laen__1702__3-6edbb12a/0010_DSC_0381/r1l12,"krefning, fördenskull och i Kog","krefning, fördenskull och i tog",1
ord_width_asc_bs16,Svea_Hovraett_etc_export_job_4502445_845640_Svea_Hovraett_-_Advokatfiskalen_Jaemtlands_laen__1702__3-6edbb12a/0042_DSC_0424/r4l28,isynnen Somsträddare,isynnem Somstäddare,2
ord_width_asc_bs16,Svea_Hovraett_etc_export_job_4502446_842250_Svea_Hovraett_-_Advokatfiskalens_Jaemtlands_laen__1702__-7a829e7f/0021_DSC_0355/r1l1,Ph hastm uhls hulm ö,Ph haßtm uhls hulm ö,1
ord_width_asc_bs16,Svea_Hovraett_etc_export_job_4502445_845640_Svea_Hovraett_-_Advokatfiskalen_Jaemtlands_laen__1702__3-6edbb12a/0011_DSC_0383/r2l22,E des,E es,1
ord_width_asc_bs16,Svea_Hovraett_etc_export_job_4502446_842250_Svea_Hovraett_-_Advokatfiskalens_Jaemtlands_laen__1702__-7a829e7f/0017_DSC_0350/r2l4,H. G,H. ,2
ord_width_asc_bs16,Svea_Hovraett_etc_export_job_4502444_855910_Svea_Hovraett_OCo_Advokatfiskalen_Jaemtlands_laen__1713_-b58e9491/0003_DSC_0436/r1l48,Ao Jåßans honßon Pylihmultsa,A  Jåßans honßon Pylihmultsa,1
ord_width_asc_bs16,Svea_Hovraett_etc_export_job_4502445_845640_Svea_Hovraett_-_Advokatfiskalen_Jaemtlands_laen__1702__3-6edbb12a/0019_DSC_0396/r1l19,Ccten som det 8. Cap. Perd: A¬,Ccton som det 8. Cap. Perd: A¬,1
ord_width_asc_bs16,Svea_Hovraett_etc_export_job_4502445_845640_Svea_Hovraett_-_Advokatfiskalen_Jaemtlands_laen__1702__3-6edbb12a/0047_DSC_0429/r2l13,lena H Påhn sw: att honom we¬,kema H Påhn swr: att honom wa¬,4
ord_width_asc_bs16,Svea_Hovraett_etc_export_job_4502445_845640_Svea_Hovraett_-_Advokatfiskalen_Jaemtlands_laen__1702__3-6edbb12a/0047_DSC_0429/r1l1,"hig datt inskalle, Aenns Lat¬","hign datt inskalle, Aenns Lat¬",1
ord_width_asc_bs16,Svea_Hovraett_etc_export_job_4502445_845640_Svea_Hovraett_-_Advokatfiskalen_Jaemtlands_laen__1702__3-6edbb12a/0017_DSC_0391/r1l3,den skull fördumlgas up,"den skull för demlgs, up",4
ord_width_asc_bs16,Svea_Hovraett_etc_export_job_4502443_858057_Svea_Hovraett_OCo_Advokatfiskalen_Jaemtlands_laen__1713_-f577f7f3/0004_DSC_0452/r2l25,hon Ransporterade och uthan des skyldig Jom,hon Ransporterade och uthan des fkyldig Jom,1
ord_width_asc_bs16,Svea_Hovraett_etc_export_job_4502444_855910_Svea_Hovraett_OCo_Advokatfiskalen_Jaemtlands_laen__1713_-b58e9491/0004_DSC_0437/r2l9,man si ydantya at tills haßamot mäöse,man si ydantya at tills haßamot ndöse,2
ord_width_asc_bs16,Svea_Hovraett_etc_export_job_4502446_842250_Svea_Hovraett_-_Advokatfiskalens_Jaemtlands_laen__1702__-7a829e7f/0021_DSC_0355/r2l14,"mot Kong. Mt förerdningar, ach","mot Kong. Mt förerdningar, af",2
ord_width_asc_bs16,Svea_Hovraett_etc_export_job_4502446_842250_Svea_Hovraett_-_Advokatfiskalens_Jaemtlands_laen__1702__-7a829e7f/0032_DSC_0368/r2l14,hilken C. Capitin mycket utisin libla,hilken C. Capitiin mycket utisinliba,3
ord_width_asc_bs16,Svea_Hovraett_etc_export_job_4502445_845640_Svea_Hovraett_-_Advokatfiskalen_Jaemtlands_laen__1702__3-6edbb12a/0008_DSC_0379/r1l13,företagit; mehrn win intetta,företagit; mehra win intetta,1
ord_width_asc_bs16,Svea_Hovraett_etc_export_job_4502443_858057_Svea_Hovraett_OCo_Advokatfiskalen_Jaemtlands_laen__1713_-f577f7f3/0004_DSC_0452/r1l15,hldne Hans Räßmnsom honom d. 16 Jun 67,hldne Hans Räßmnsom honom d. 16 Jun 167,1
ord_width_asc_bs16,Svea_Hovraett_etc_export_job_4502445_845640_Svea_Hovraett_-_Advokatfiskalen_Jaemtlands_laen__1702__3-6edbb12a/0026_DSC_0404/r1l4,"lifwet fsänke, och till sin Wå¬","lifwet afsänke, och till sin M",4
ord_width_asc_bs16,Svea_Hovraett_etc_export_job_4502444_855910_Svea_Hovraett_OCo_Advokatfiskalen_Jaemtlands_laen__1713_-b58e9491/0005_DSC_0438/r1l25,24o: till Stolin richtigt att betala påståendes in¬,24o: Till Stolin richtigt att betala påståendes in,2
ord_width_asc_bs16,Svea_Hovraett_etc_export_job_4502443_858057_Svea_Hovraett_OCo_Advokatfiskalen_Jaemtlands_laen__1713_-f577f7f3/0004_DSC_0452/r1l8,skål wen til 3 asl,skål fwentil Saslom,6
ord_width_asc_bs16,Svea_Hovraett_etc_export_job_4502443_858057_Svea_Hovraett_OCo_Advokatfiskalen_Jaemtlands_laen__1713_-f577f7f3/0005_DSC_0453/r1l4,,n,1
ord_width_asc_bs16,Svea_Hovraett_etc_export_job_4502444_855910_Svea_Hovraett_OCo_Advokatfiskalen_Jaemtlands_laen__1713_-b58e9491/0007_DSC_0440/r1l1,ifigtigå honmg nett somggdt haf,afigetigpå frnig nett somggdt haf,6
ord_width_asc_bs16,Svea_Hovraett_etc_export_job_4502445_845640_Svea_Hovraett_-_Advokatfiskalen_Jaemtlands_laen__1702__3-6edbb12a/0038_DSC_0420/r2l22,btef att inhumptas Neku,utef att inhumptas Neku,1
ord_width_asc_bs16,Svea_Hovraett_etc_export_job_4502445_845640_Svea_Hovraett_-_Advokatfiskalen_Jaemtlands_laen__1702__3-6edbb12a/0030_DSC_0408/r2l11,"herr swårheet skall utstått, adn","herr swårheet skall utstått, aden",1
ord_width_asc_bs16,Svea_Hovraett_etc_export_job_4502443_858057_Svea_Hovraett_OCo_Advokatfiskalen_Jaemtlands_laen__1713_-f577f7f3/0007_DSC_0455/r2l1,doßamma af den inte Brodern Restun hanßon,doßamma af den inte Brodern Restmn hanßon,1
ord_width_asc_bs16,Svea_Hovraett_etc_export_job_4502443_858057_Svea_Hovraett_OCo_Advokatfiskalen_Jaemtlands_laen__1713_-f577f7f3/0005_DSC_0453/r2l12,kräckwäg intygande beöysar at om aftamme,krickwäg intygande beysar at om aftom me,4
ord_width_asc_bs16,Svea_Hovraett_etc_export_job_4502445_845640_Svea_Hovraett_-_Advokatfiskalen_Jaemtlands_laen__1702__3-6edbb12a/0037_DSC_0419/r2l10,pC Kmt hoos LiuMen som med,p C Kmt hoos LinMen som med,2
ord_width_asc_bs16,Svea_Hovraett_etc_export_job_4502443_858057_Svea_Hovraett_OCo_Advokatfiskalen_Jaemtlands_laen__1713_-f577f7f3/0001_DSC_0449/r2l25,och boga för Barnfader 4ne mans Soldaten af Rämn,och hoga för Barnfader 4ne mans Soldaten af Ramn,2
ord_width_asc_bs16,Svea_Hovraett_etc_export_job_4502443_858057_Svea_Hovraett_OCo_Advokatfiskalen_Jaemtlands_laen__1713_-f577f7f3/0001_DSC_0449/r2l28,nedh Barn Rådt Juhltdm 1712 Timg komaßt,nedh Barn Rådt Juhltdm 1712 Ting komnaß,3
ord_width_asc_bs16,Svea_Hovraett_etc_export_job_4502443_858057_Svea_Hovraett_OCo_Advokatfiskalen_Jaemtlands_laen__1713_-f577f7f3/0001_DSC_0449/r2l29,under det han på half åhrs tinst boklis tiha,under det han på half åhrs tinst boklils tihaß,2
ord_width_asc_bs16,Svea_Hovraett_etc_export_job_4502444_855910_Svea_Hovraett_OCo_Advokatfiskalen_Jaemtlands_laen__1713_-b58e9491/0001_DSC_0433/r1l51,dotters wägnar påstår föraskedade Cenporalen Jo,dotters wägnar påstår föraskedade Conpocalen Jo¬,3
ord_width_asc_bs16,Svea_Hovraett_etc_export_job_4502444_855910_Svea_Hovraett_OCo_Advokatfiskalen_Jaemtlands_laen__1713_-b58e9491/0001_DSC_0433/r1l63,läggas bpsutta enstuga på bywänligt sutt till,läggas bpsutta enstuga på bywänligt sutt til,1
ord_width_asc_bs16,Svea_Hovraett_etc_export_job_4502445_845640_Svea_Hovraett_-_Advokatfiskalen_Jaemtlands_laen__1702__3-6edbb12a/0002_DSC_0371/r1l9,3 det förden bken Näs e¬,3 det förden bcken NäsEe¬,2
ord_width_asc_bs16,Svea_Hovraett_etc_export_job_4502445_845640_Svea_Hovraett_-_Advokatfiskalen_Jaemtlands_laen__1702__3-6edbb12a/0013_DSC_0385/r1l18,Såsom Eon Råthman och Pihr Jonßon,Såsom son Råthman och Påhr Jonßon,2
ord_width_asc_bs16,Svea_Hovraett_etc_export_job_4502446_842250_Svea_Hovraett_-_Advokatfiskalens_Jaemtlands_laen__1702__-7a829e7f/0001_DSC_0332/r2l19,Hr Of Roßans begim Msten,Hr Of Reßans begiam Msten,2
ord_width_asc_bs16,Svea_Hovraett_etc_export_job_4502446_842250_Svea_Hovraett_-_Advokatfiskalens_Jaemtlands_laen__1702__-7a829e7f/0029_DSC_0365/r2l19,2. s. Bhålingna .,2. s. BihålMingna f.,3
ord_width_desc_bs16,Svea_Hovraett_etc_export_job_4502445_845640_Svea_Hovraett_-_Advokatfiskalen_Jaemtlands_laen__1702__3-6edbb12a/0010_DSC_0381/r1l12,"krefning, fördenskull och i Kog","krefning, fördenskull och i tog",1
ord_width_desc_bs16,Svea_Hovraett_etc_export_job_4502445_845640_Svea_Hovraett_-_Advokatfiskalen_Jaemtlands_laen__1702__3-6edbb12a/0042_DSC_0424/r4l28,isynnen Somsträddare,isynnem Somstäddare,2
ord_width_desc_bs16,Svea_Hovraett_etc_export_job_4502446_842250_Svea_Hovraett_-_Advokatfiskalens_Jaemtlands_laen__1702__-7a829e7f/0021_DSC_0355/r1l1,Ph hastm uhls hulm ö,Ph haßtm uhls hulm ö,1
ord_width_desc_bs16,Svea_Hovraett_etc_export_job_4502445_845640_Svea_Hovraett_-_Advokatfiskalen_Jaemtlands_laen__1702__3-6edbb12a/0011_DSC_0383/r2l22,E des,E es,1
ord_width_desc_bs16,Svea_Hovraett_etc_export_job_4502444_855910_Svea_Hovraett_OCo_Advokatfiskalen_Jaemtlands_laen__1713_-b58e9491/0003_DSC_0436/r1l48,Ao Jåßans honßon Pylihmultsa,A  Jåßans honßon Pylihmultsa,1
ord_width_desc_bs16,Svea_Hovraett_etc_export_job_4502445_845640_Svea_Hovraett_-_Advokatfiskalen_Jaemtlands_laen__1702__3-6edbb12a/0019_DSC_0396/r1l19,Ccten som det 8. Cap. Perd: A¬,Ccton som det 8. Cap. Perd: A¬,1
ord_width_desc_bs16,Svea_Hovraett_etc_export_job_4502445_845640_Svea_Hovraett_-_Advokatfiskalen_Jaemtlands_laen__1702__3-6edbb12a/0047_DSC_0429/r2l13,lena H Påhn sw: att honom we¬,kema H Påhn swr: att honom wa¬,4
ord_width_desc_bs16,Svea_Hovraett_etc_export_job_4502445_845640_Svea_Hovraett_-_Advokatfiskalen_Jaemtlands_laen__1702__3-6edbb12a/0047_DSC_0429/r1l1,"hig datt inskalle, Aenns Lat¬","hign datt inskalle, Aenns Lat¬",1
ord_width_desc_bs16,Svea_Hovraett_etc_export_job_4502445_845640_Svea_Hovraett_-_Advokatfiskalen_Jaemtlands_laen__1702__3-6edbb12a/0017_DSC_0391/r1l3,den skull fördumlgas up,"den skull för demlgs, up",4
ord_width_desc_bs16,Svea_Hovraett_etc_export_job_4502443_858057_Svea_Hovraett_OCo_Advokatfiskalen_Jaemtlands_laen__1713_-f577f7f3/0004_DSC_0452/r2l25,hon Ransporterade och uthan des skyldig Jom,hon Ransporterade och uthan des fkyldig Jom,1
ord_width_desc_bs16,Svea_Hovraett_etc_export_job_4502444_855910_Svea_Hovraett_OCo_Advokatfiskalen_Jaemtlands_laen__1713_-b58e9491/0004_DSC_0437/r2l9,man si ydantya at tills haßamot mäöse,man si ydantya at tills haßamot ndöse,2
ord_width_desc_bs16,Svea_Hovraett_etc_export_job_4502446_842250_Svea_Hovraett_-_Advokatfiskalens_Jaemtlands_laen__1702__-7a829e7f/0021_DSC_0355/r2l14,"mot Kong. Mt förerdningar, ach","mot Kong. Mt förerdningar, af",2
ord_width_desc_bs16,Svea_Hovraett_etc_export_job_4502446_842250_Svea_Hovraett_-_Advokatfiskalens_Jaemtlands_laen__1702__-7a829e7f/0032_DSC_0368/r2l14,hilken C. Capitin mycket utisin libla,hilken C. Capitiin mycket utisinliba,3
ord_width_desc_bs16,Svea_Hovraett_etc_export_job_4502445_845640_Svea_Hovraett_-_Advokatfiskalen_Jaemtlands_laen__1702__3-6edbb12a/0008_DSC_0379/r1l13,företagit; mehrn win intetta,företagit; mehra win intetta,1
ord_width_desc_bs16,Svea_Hovraett_etc_export_job_4502443_858057_Svea_Hovraett_OCo_Advokatfiskalen_Jaemtlands_laen__1713_-f577f7f3/0004_DSC_0452/r1l15,hldne Hans Räßmnsom honom d. 16 Jun 67,hldne Hans Räßmnsom honom d. 16 Jun 167,1
ord_width_desc_bs16,Svea_Hovraett_etc_export_job_4502445_845640_Svea_Hovraett_-_Advokatfiskalen_Jaemtlands_laen__1702__3-6edbb12a/0026_DSC_0404/r1l4,"lifwet fsänke, och till sin Wå¬","lifwet afsänke, och till sin M",4
ord_width_desc_bs16,Svea_Hovraett_etc_export_job_4502444_855910_Svea_Hovraett_OCo_Advokatfiskalen_Jaemtlands_laen__1713_-b58e9491/0005_DSC_0438/r1l25,24o: till Stolin richtigt att betala påståendes in¬,24o: Till Stolin richtigt att betala påståendes in,2
ord_width_desc_bs16,Svea_Hovraett_etc_export_job_4502444_855910_Svea_Hovraett_OCo_Advokatfiskalen_Jaemtlands_laen__1713_-b58e9491/0005_DSC_0438/r1l19,"koppmt: utifästandes betahlning medh lega, men frick","koppmt: utifästandes betahlning medh lega, men fric",1
ord_width_desc_bs16,Svea_Hovraett_etc_export_job_4502443_858057_Svea_Hovraett_OCo_Advokatfiskalen_Jaemtlands_laen__1713_-f577f7f3/0004_DSC_0452/r1l8,skål wen til 3 asl,skål fwentil Saslm,5
ord_width_desc_bs16,Svea_Hovraett_etc_export_job_4502443_858057_Svea_Hovraett_OCo_Advokatfiskalen_Jaemtlands_laen__1713_-f577f7f3/0005_DSC_0453/r1l4,,n,1
ord_width_desc_bs16,Svea_Hovraett_etc_export_job_4502444_855910_Svea_Hovraett_OCo_Advokatfiskalen_Jaemtlands_laen__1713_-b58e9491/0007_DSC_0440/r1l1,ifigtigå honmg nett somggdt haf,afigetigpå frnig nett somggdt haf,6
ord_width_desc_bs16,Svea_Hovraett_etc_export_job_4502445_845640_Svea_Hovraett_-_Advokatfiskalen_Jaemtlands_laen__1702__3-6edbb12a/0038_DSC_0420/r2l22,btef att inhumptas Neku,utef att inhumptas Neku,1
ord_width_desc_bs16,Svea_Hovraett_etc_export_job_4502445_845640_Svea_Hovraett_-_Advokatfiskalen_Jaemtlands_laen__1702__3-6edbb12a/0030_DSC_0408/r2l11,"herr swårheet skall utstått, adn","herr swårheet skall utstått, aden",1
ord_width_desc_bs16,Svea_Hovraett_etc_export_job_4502443_858057_Svea_Hovraett_OCo_Advokatfiskalen_Jaemtlands_laen__1713_-f577f7f3/0007_DSC_0455/r2l1,doßamma af den inte Brodern Restun hanßon,doßamma af den inte Brodern Restmn hanßon,1
ord_width_desc_bs16,Svea_Hovraett_etc_export_job_4502443_858057_Svea_Hovraett_OCo_Advokatfiskalen_Jaemtlands_laen__1713_-f577f7f3/0005_DSC_0453/r2l12,kräckwäg intygande beöysar at om aftamme,krickwäg intygande beysar at om aftom me,4
ord_width_desc_bs16,Svea_Hovraett_etc_export_job_4502445_845640_Svea_Hovraett_-_Advokatfiskalen_Jaemtlands_laen__1702__3-6edbb12a/0037_DSC_0419/r2l10,pC Kmt hoos LiuMen som med,p C Kmt hoos LinMen som med,2
ord_width_desc_bs16,Svea_Hovraett_etc_export_job_4502443_858057_Svea_Hovraett_OCo_Advokatfiskalen_Jaemtlands_laen__1713_-f577f7f3/0001_DSC_0449/r2l25,och boga för Barnfader 4ne mans Soldaten af Rämn,och hoga för Barnfader 4ne mans Soldaten af Ramn,2
ord_width_desc_bs16,Svea_Hovraett_etc_export_job_4502443_858057_Svea_Hovraett_OCo_Advokatfiskalen_Jaemtlands_laen__1713_-f577f7f3/0001_DSC_0449/r2l28,nedh Barn Rådt Juhltdm 1712 Timg komaßt,nedh Barn Rådt Juhltdm 1712 Ting komnaß,3
ord_width_desc_bs16,Svea_Hovraett_etc_export_job_4502443_858057_Svea_Hovraett_OCo_Advokatfiskalen_Jaemtlands_laen__1713_-f577f7f3/0001_DSC_0449/r2l29,under det han på half åhrs tinst boklis tiha,under det han på half åhrs tinst boklils tihaß,2
ord_width_desc_bs16,Svea_Hovraett_etc_export_job_4502444_855910_Svea_Hovraett_OCo_Advokatfiskalen_Jaemtlands_laen__1713_-b58e9491/0001_DSC_0433/r1l51,dotters wägnar påstår föraskedade Cenporalen Jo,dotters wägnar påstår föraskedade Conpocalen Jo¬,3
ord_width_desc_bs16,Svea_Hovraett_etc_export_job_4502444_855910_Svea_Hovraett_OCo_Advokatfiskalen_Jaemtlands_laen__1713_-b58e9491/0001_DSC_0433/r1l63,läggas bpsutta enstuga på bywänligt sutt till,läggas bpsutta enstuga på bywänligt sutt til,1
ord_width_desc_bs16,Svea_Hovraett_etc_export_job_4502445_845640_Svea_Hovraett_-_Advokatfiskalen_Jaemtlands_laen__1702__3-6edbb12a/0002_DSC_0371/r1l9,3 det förden bken Näs e¬,3 det förden bcken NäsEe¬,2
ord_width_desc_bs16,Svea_Hovraett_etc_export_job_4502445_845640_Svea_Hovraett_-_Advokatfiskalen_Jaemtlands_laen__1702__3-6edbb12a/0013_DSC_0385/r1l18,Såsom Eon Råthman och Pihr Jonßon,Såsom son Råthman och Påhr Jonßon,2
ord_width_desc_bs16,Svea_Hovraett_etc_export_job_4502446_842250_Svea_Hovraett_-_Advokatfiskalens_Jaemtlands_laen__1702__-7a829e7f/0001_DSC_0332/r2l19,Hr Of Roßans begim Msten,Hr Of Reßans begiam Msten,2
ord_width_desc_bs16,Svea_Hovraett_etc_export_job_4502446_842250_Svea_Hovraett_-_Advokatfiskalens_Jaemtlands_laen__1702__-7a829e7f/0029_DSC_0365/r2l19,2. s. Bhålingna .,2. s. BihålMingna f.,3
ord_shuffled_bs16,Svea_Hovraett_etc_export_job_4502445_845640_Svea_Hovraett_-_Advokatfiskalen_Jaemtlands_laen__1702__3-6edbb12a/0042_DSC_0424/r4l28,isynnen Somsträddare,isynnem Somstäddare,2
ord_shuffled_bs16,Svea_Hovraett_etc_export_job_4502446_842250_Svea_Hovraett_-_Advokatfiskalens_Jaemtlands_laen__1702__-7a829e7f/0021_DSC_0355/r1l1,Ph hastm uhls hulm ö,Ph haßtm uhls hulm d,2
ord_shuffled_bs16,Svea_Hovraett_etc_export_job_4502445_845640_Svea_Hovraett_-_Advokatfiskalen_Jaemtlands_laen__1702__3-6edbb12a/0027_DSC_0405/r2l13,t r,,3
ord_shuffled_bs16,Svea_Hovraett_etc_export_job_4502444_855910_Svea_Hovraett_OCo_Advokatfiskalen_Jaemtlands_laen__1713_-b58e9491/0006_DSC_0439/r1l1,t,,1
ord_shuffled_bs16,Svea_Hovraett_etc_export_job_4502445_845640_Svea_Hovraett_-_Advokatfiskalen_Jaemtlands_laen__1702__3-6edbb12a/0045_DSC_0427/r1l23,s,,1
ord_shuffled_bs16,Svea_Hovraett_etc_export_job_4502445_845640_Svea_Hovraett_-_Advokatfiskalen_Jaemtlands_laen__1702__3-6edbb12a/0011_DSC_0383/r2l22,E des,E es,1
ord_shuffled_bs16,Svea_Hovraett_etc_export_job_4502446_842250_Svea_Hovraett_-_Advokatfiskalens_Jaemtlands_laen__1702__-7a829e7f/0017_DSC_0350/r2l4,H. G,H. ,2
ord_shuffled_bs16,Svea_Hovraett_etc_export_job_4502446_842250_Svea_Hovraett_-_Advokatfiskalens_Jaemtlands_laen__1702__-7a829e7f/0027_DSC_0362/r2l9,sig .,sig   ,2
ord_shuffled_bs16,Svea_Hovraett_etc_export_job_4502446_842250_Svea_Hovraett_-_Advokatfiskalens_Jaemtlands_laen__1702__-7a829e7f/0029_DSC_0365/r2l1,11,1 ,1
ord_shuffled_bs16,Svea_Hovraett_etc_export_job_4502445_845640_Svea_Hovraett_-_Advokatfiskalen_Jaemtlands_laen__1702__3-6edbb12a/0039_DSC_0421/r3l2,h,s,1
ord_shuffled_bs16,Svea_Hovraett_etc_export_job_4502444_855910_Svea_Hovraett_OCo_Advokatfiskalen_Jaemtlands_laen__1713_-b58e9491/0003_DSC_0436/r1l48,Ao Jåßans honßon Pylihmultsa,A  Jåßans honßon Pylihmultsa,1
ord_shuffled_bs16,Svea_Hovraett_etc_export_job_4502445_845640_Svea_Hovraett_-_Advokatfiskalen_Jaemtlands_laen__1702__3-6edbb12a/0019_DSC_0396/r1l19,Ccten som det 8. Cap. Perd: A¬,Ccton som det 8. Cap. Perd: A¬,1
ord_shuffled_bs16,Svea_Hovraett_etc_export_job_4502445_845640_Svea_Hovraett_-_Advokatfiskalen_Jaemtlands_laen__1702__3-6edbb12a/0047_DSC_0429/r2l13,lena H Påhn sw: att honom we¬,kema H Påhn swr: att honom wa,5
ord_shuffled_bs16,Svea_Hovraett_etc_export_job_4502445_845640_Svea_Hovraett_-_Advokatfiskalen_Jaemtlands_laen__1702__3-6edbb12a/0047_DSC_0429/r1l1,"hig datt inskalle, Aenns Lat¬","hign datt inskalle, Aenns Lat¬",1
ord_shuffled_bs16,Svea_Hovraett_etc_export_job_4502445_845640_Svea_Hovraett_-_Advokatfiskalen_Jaemtlands_laen__1702__3-6edbb12a/0017_DSC_0391/r1l3,den skull fördumlgas up,"den skull för demlgs, up",4
ord_shuffled_bs16,Svea_Hovraett_etc_export_job_4502443_858057_Svea_Hovraett_OCo_Advokatfiskalen_Jaemtlands_laen__1713_-f577f7f3/0004_DSC_0452/r2l25,hon Ransporterade och uthan des skyldig Jom,hon Ransporterade och uthan des fkyldig Jom,1
ord_shuffled_bs16,Svea_Hovraett_etc_export_job_4502444_855910_Svea_Hovraett_OCo_Advokatfiskalen_Jaemtlands_laen__1713_-b58e9491/0004_DSC_0437/r2l9,man si ydantya at tills haßamot mäöse,man si ydantya at tills haßamot ndöse,2
ord_shuffled_bs16,Svea_Hovraett_etc_export_job_4502446_842250_Svea_Hovraett_-_Advokatfiskalens_Jaemtlands_laen__1702__-7a829e7f/0021_DSC_0355/r2l14,"mot Kong. Mt förerdningar, ach","mot Kong. Mt förerdningar, af",2
ord_shuffled_bs16,Svea_Hovraett_etc_export_job_4502446_842250_Svea_Hovraett_-_Advokatfiskalens_Jaemtlands_laen__1702__-7a829e7f/0032_DSC_0368/r2l14,hilken C. Capitin mycket utisin libla,hilken C. Capitiin mycket utisinliba,3
ord_shuffled_bs16,Svea_Hovraett_etc_export_job_4502445_845640_Svea_Hovraett_-_Advokatfiskalen_Jaemtlands_laen__1702__3-6edbb12a/0038_DSC_0420/r1l13,H. Förman honom gifwit. Ho,H. Förman honom gifwit. Ho¬,1
ord_shuffled_bs16,Svea_Hovraett_etc_export_job_4502443_858057_Svea_Hovraett_OCo_Advokatfiskalen_Jaemtlands_laen__1713_-f577f7f3/0004_DSC_0452/r1l15,hldne Hans Räßmnsom honom d. 16 Jun 67,hldne Hans Räßmnsom honom d. 16 Jun 167,1
ord_shuffled_bs16,Svea_Hovraett_etc_export_job_4502444_855910_Svea_Hovraett_OCo_Advokatfiskalen_Jaemtlands_laen__1713_-b58e9491/0009_DSC_0442/r1l2,herbärget derast dhe lgt till Mat: 172 hrt om¬,herbärget derast dhe lgt till Mat: 171 hrt om,2
ord_shuffled_bs16,Svea_Hovraett_etc_export_job_4502445_845640_Svea_Hovraett_-_Advokatfiskalen_Jaemtlands_laen__1702__3-6edbb12a/0026_DSC_0404/r1l4,"lifwet fsänke, och till sin Wå¬","lifwet afsänke, och till sin ",5
ord_shuffled_bs16,Svea_Hovraett_etc_export_job_4502444_855910_Svea_Hovraett_OCo_Advokatfiskalen_Jaemtlands_laen__1713_-b58e9491/0005_DSC_0438/r1l19,"koppmt: utifästandes betahlning medh lega, men frick","koppmt: utifästandes betahlning medh lega, men fric",1
ord_shuffled_bs16,Svea_Hovraett_etc_export_job_4502443_858057_Svea_Hovraett_OCo_Advokatfiskalen_Jaemtlands_laen__1713_-f577f7f3/0004_DSC_0452/r1l8,skål wen til 3 asl,skål fwentil Saslom,6
ord_shuffled_bs16,Svea_Hovraett_etc_export_job_4502443_858057_Svea_Hovraett_OCo_Advokatfiskalen_Jaemtlands_laen__1713_-f577f7f3/0005_DSC_0453/r1l4,,n,1
ord_shuffled_bs16,Svea_Hovraett_etc_export_job_4502444_855910_Svea_Hovraett_OCo_Advokatfiskalen_Jaemtlands_laen__1713_-b58e9491/0007_DSC_0440/r1l1,ifigtigå honmg nett somggdt haf,afigtigpå frnig nett somggdt haf,5
ord_shuffled_bs16,Svea_Hovraett_etc_export_job_4502445_845640_Svea_Hovraett_-_Advokatfiskalen_Jaemtlands_laen__1702__3-6edbb12a/0038_DSC_0420/r2l22,btef att inhumptas Neku,utef att inhumptas Neku,1
ord_shuffled_bs16,Svea_Hovraett_etc_export_job_4502445_845640_Svea_Hovraett_-_Advokatfiskalen_Jaemtlands_laen__1702__3-6edbb12a/0030_DSC_0408/r2l11,"herr swårheet skall utstått, adn","herr swårheet skall utstått, aden",1
ord_shuffled_bs16,Svea_Hovraett_etc_export_job_4502443_858057_Svea_Hovraett_OCo_Advokatfiskalen_Jaemtlands_laen__1713_-f577f7f3/0007_DSC_0455/r2l1,doßamma af den inte Brodern Restun hanßon,doßamma af den inte Brodern Restmn hanßon,1
ord_shuffled_bs16,Svea_Hovraett_etc_export_job_4502443_858057_Svea_Hovraett_OCo_Advokatfiskalen_Jaemtlands_laen__1713_-f577f7f3/0005_DSC_0453/r2l12,kräckwäg intygande beöysar at om aftamme,kräckwäg intygande beöysar at om aftom me,2
ord_shuffled_bs16,Svea_Hovraett_etc_export_job_4502445_845640_Svea_Hovraett_-_Advokatfiskalen_Jaemtlands_laen__1702__3-6edbb12a/0037_DSC_0419/r2l10,pC Kmt hoos LiuMen som med,p C Kmt hoos LinMen som med,2
ord_shuffled_bs16,Svea_Hovraett_etc_export_job_4502443_858057_Svea_Hovraett_OCo_Advokatfiskalen_Jaemtlands_laen__1713_-f577f7f3/0001_DSC_0449/r2l25,och boga för Barnfader 4ne mans Soldaten af Rämn,och hoga för Barnfader 4ne mans Soldaten af Ramn,2
ord_shuffled_bs16,Svea_Hovraett_etc_export_job_4502443_858057_Svea_Hovraett_OCo_Advokatfiskalen_Jaemtlands_laen__1713_-f577f7f3/0001_DSC_0449/r2l28,nedh Barn Rådt Juhltdm 1712 Timg komaßt,nedh Barn Rådt Juhltdm 1712 Ting komnaß,3
ord_shuffled_bs16,Svea_Hovraett_etc_export_job_4502444_855910_Svea_Hovraett_OCo_Advokatfiskalen_Jaemtlands_laen__1713_-b58e9491/0001_DSC_0433/r1l51,dotters wägnar påstår föraskedade Cenporalen Jo,dotters wägnar påstår föraskedade Conpocalen Jo,2
ord_shuffled_bs16,Svea_Hovraett_etc_export_job_4502445_845640_Svea_Hovraett_-_Advokatfiskalen_Jaemtlands_laen__1702__3-6edbb12a/0002_DSC_0371/r1l9,3 det förden bken Näs e¬,3 det förden bcken NäsEe¬,2
ord_shuffled_bs16,Svea_Hovraett_etc_export_job_4502445_845640_Svea_Hovraett_-_Advokatfiskalen_Jaemtlands_laen__1702__3-6edbb12a/0013_DSC_0385/r1l18,Såsom Eon Råthman och Pihr Jonßon,Såsom son Råthman och Påhr Jonßon,2
ord_shuffled_bs16,Svea_Hovraett_etc_export_job_4502446_842250_Svea_Hovraett_-_Advokatfiskalens_Jaemtlands_laen__1702__-7a829e7f/0001_DSC_0332/r2l19,Hr Of Roßans begim Msten,Hr Of Reßans begiam Msten,2
ord_shuffled_bs16,Svea_Hovraett_etc_export_job_4502446_842250_Svea_Hovraett_-_Advokatfiskalens_Jaemtlands_laen__1702__-7a829e7f/0029_DSC_0365/r2l19,2. s. Bhålingna .,2. s. BihålMingna f.,3
