context,line_id,own_original_width,own_resized_width,own_content_timesteps,batch_max_resized_width,batch_output_timesteps,uniform_sequence_length_used_for_ctc_decode,extra_fake_timesteps_exposed_to_decoder
context_narrow,Svea_Hovraett_etc_export_job_4502445_845640_Svea_Hovraett_-_Advokatfiskalen_Jaemtlands_laen__1702__3-6edbb12a/0010_DSC_0381/r1l12,747,446.8,56,469.3,59,59,3
context_narrow,Svea_Hovraett_etc_export_job_4502445_845640_Svea_Hovraett_-_Advokatfiskalen_Jaemtlands_laen__1702__3-6edbb12a/0028_DSC_0406/r2l18,704,469.3,59,469.3,59,59,0
context_narrow,Svea_Hovraett_etc_export_job_4502445_845640_Svea_Hovraett_-_Advokatfiskalen_Jaemtlands_laen__1702__3-6edbb12a/0042_DSC_0424/r4l28,705,327.0,41,469.3,59,59,18
context_narrow,Svea_Hovraett_etc_export_job_4502446_842250_Svea_Hovraett_-_Advokatfiskalens_Jaemtlands_laen__1702__-7a829e7f/0021_DSC_0355/r1l1,634,307.4,39,469.3,59,59,20
context_narrow,Svea_Hovraett_etc_export_job_4502443_858057_Svea_Hovraett_OCo_Advokatfiskalen_Jaemtlands_laen__1713_-f577f7f3/0008_DSC_0456/r1l24,25,29.6,4,469.3,59,59,55
context_narrow,Svea_Hovraett_etc_export_job_4502444_855910_Svea_Hovraett_OCo_Advokatfiskalen_Jaemtlands_laen__1713_-b58e9491/0001_DSC_0433/r1l46,47,41.2,6,469.3,59,59,53
context_narrow,Svea_Hovraett_etc_export_job_4502444_855910_Svea_Hovraett_OCo_Advokatfiskalen_Jaemtlands_laen__1713_-b58e9491/0002_DSC_0435/r2l20,41,55.8,7,469.3,59,59,52
context_narrow,Svea_Hovraett_etc_export_job_4502444_855910_Svea_Hovraett_OCo_Advokatfiskalen_Jaemtlands_laen__1713_-b58e9491/0006_DSC_0439/r1l1,25,20.3,3,469.3,59,59,56
context_narrow,Svea_Hovraett_etc_export_job_4502443_858057_Svea_Hovraett_OCo_Advokatfiskalen_Jaemtlands_laen__1713_-f577f7f3/0002_DSC_0450/r1l11,98,98.0,13,469.3,59,59,46
context_narrow,Svea_Hovraett_etc_export_job_4502443_858057_Svea_Hovraett_OCo_Advokatfiskalen_Jaemtlands_laen__1713_-f577f7f3/0007_DSC_0455/r1l22,59,59.9,8,469.3,59,59,51
context_wide,Svea_Hovraett_etc_export_job_4502445_845640_Svea_Hovraett_-_Advokatfiskalen_Jaemtlands_laen__1702__3-6edbb12a/0010_DSC_0381/r1l12,747,446.8,56,760.0,95,95,39
context_wide,Svea_Hovraett_etc_export_job_4502445_845640_Svea_Hovraett_-_Advokatfiskalen_Jaemtlands_laen__1702__3-6edbb12a/0028_DSC_0406/r2l18,704,469.3,59,760.0,95,95,36
context_wide,Svea_Hovraett_etc_export_job_4502445_845640_Svea_Hovraett_-_Advokatfiskalen_Jaemtlands_laen__1702__3-6edbb12a/0042_DSC_0424/r4l28,705,327.0,41,760.0,95,95,54
context_wide,Svea_Hovraett_etc_export_job_4502446_842250_Svea_Hovraett_-_Advokatfiskalens_Jaemtlands_laen__1702__-7a829e7f/0021_DSC_0355/r1l1,634,307.4,39,760.0,95,95,56
context_wide,Svea_Hovraett_etc_export_job_4502443_858057_Svea_Hovraett_OCo_Advokatfiskalen_Jaemtlands_laen__1713_-f577f7f3/0008_DSC_0456/r1l24,25,29.6,4,760.0,95,95,91
context_wide,Svea_Hovraett_etc_export_job_4502444_855910_Svea_Hovraett_OCo_Advokatfiskalen_Jaemtlands_laen__1713_-b58e9491/0001_DSC_0433/r1l46,47,41.2,6,760.0,95,95,89
context_wide,Svea_Hovraett_etc_export_job_4502444_855910_Svea_Hovraett_OCo_Advokatfiskalen_Jaemtlands_laen__1713_-b58e9491/0002_DSC_0435/r2l20,41,55.8,7,760.0,95,95,88
context_wide,Svea_Hovraett_etc_export_job_4502444_855910_Svea_Hovraett_OCo_Advokatfiskalen_Jaemtlands_laen__1713_-b58e9491/0006_DSC_0439/r1l1,25,20.3,3,760.0,95,95,92
context_wide,Svea_Hovraett_etc_export_job_4502443_858057_Svea_Hovraett_OCo_Advokatfiskalen_Jaemtlands_laen__1713_-f577f7f3/0002_DSC_0450/r1l11,98,98.0,13,760.0,95,95,82
context_wide,Svea_Hovraett_etc_export_job_4502443_858057_Svea_Hovraett_OCo_Advokatfiskalen_Jaemtlands_laen__1713_-f577f7f3/0007_DSC_0455/r1l22,59,59.9,8,760.0,95,95,87
context_normal,Svea_Hovraett_etc_export_job_4502445_845640_Svea_Hovraett_-_Advokatfiskalen_Jaemtlands_laen__1702__3-6edbb12a/0010_DSC_0381/r1l12,747,446.8,56,674.3,85,85,29
context_normal,Svea_Hovraett_etc_export_job_4502445_845640_Svea_Hovraett_-_Advokatfiskalen_Jaemtlands_laen__1702__3-6edbb12a/0028_DSC_0406/r2l18,704,469.3,59,674.3,85,85,26
context_normal,Svea_Hovraett_etc_export_job_4502445_845640_Svea_Hovraett_-_Advokatfiskalen_Jaemtlands_laen__1702__3-6edbb12a/0042_DSC_0424/r4l28,705,327.0,41,674.3,85,85,44
context_normal,Svea_Hovraett_etc_export_job_4502446_842250_Svea_Hovraett_-_Advokatfiskalens_Jaemtlands_laen__1702__-7a829e7f/0021_DSC_0355/r1l1,634,307.4,39,674.3,85,85,46
context_normal,Svea_Hovraett_etc_export_job_4502443_858057_Svea_Hovraett_OCo_Advokatfiskalen_Jaemtlands_laen__1713_-f577f7f3/0008_DSC_0456/r1l24,25,29.6,4,674.3,85,85,81
context_normal,Svea_Hovraett_etc_export_job_4502444_855910_Svea_Hovraett_OCo_Advokatfiskalen_Jaemtlands_laen__1713_-b58e9491/0001_DSC_0433/r1l46,47,41.2,6,674.3,85,85,79
context_normal,Svea_Hovraett_etc_export_job_4502444_855910_Svea_Hovraett_OCo_Advokatfiskalen_Jaemtlands_laen__1713_-b58e9491/0002_DSC_0435/r2l20,41,55.8,7,674.3,85,85,78
context_normal,Svea_Hovraett_etc_export_job_4502444_855910_Svea_Hovraett_OCo_Advokatfiskalen_Jaemtlands_laen__1713_-b58e9491/0006_DSC_0439/r1l1,25,20.3,3,674.3,85,85,82
context_normal,Svea_Hovraett_etc_export_job_4502443_858057_Svea_Hovraett_OCo_Advokatfiskalen_Jaemtlands_laen__1713_-f577f7f3/0002_DSC_0450/r1l11,98,98.0,13,674.3,85,85,72
context_normal,Svea_Hovraett_etc_export_job_4502443_858057_Svea_Hovraett_OCo_Advokatfiskalen_Jaemtlands_laen__1713_-f577f7f3/0007_DSC_0455/r1l22,59,59.9,8,674.3,85,85,77
