method_id,method_run_id,controlled_comparison_member,metric_name,metric_value
florence2_htr,method_run_e3209c63bb90458ea8d7a0673dd5c706,true,character_deletions,2.0
florence2_htr,method_run_e3209c63bb90458ea8d7a0673dd5c706,true,character_error_rate_normalized,0.43103448275862066
florence2_htr,method_run_e3209c63bb90458ea8d7a0673dd5c706,true,character_error_rate_raw,0.43103448275862066
florence2_htr,method_run_e3209c63bb90458ea8d7a0673dd5c706,true,character_insertions,4.0
florence2_htr,method_run_e3209c63bb90458ea8d7a0673dd5c706,true,character_substitutions,19.0
florence2_htr,method_run_e3209c63bb90458ea8d7a0673dd5c706,true,exact_word_accuracy,0.19999999999999996
florence2_htr,method_run_e3209c63bb90458ea8d7a0673dd5c706,true,execution_time_ms,646.7250999994576
florence2_htr,method_run_e3209c63bb90458ea8d7a0673dd5c706,true,gpu_memory_mb,1210.64111328125
florence2_htr,method_run_e3209c63bb90458ea8d7a0673dd5c706,true,word_deletions,0.0
florence2_htr,method_run_e3209c63bb90458ea8d7a0673dd5c706,true,word_error_rate_normalized,0.9
florence2_htr,method_run_e3209c63bb90458ea8d7a0673dd5c706,true,word_error_rate_raw,0.9
florence2_htr,method_run_e3209c63bb90458ea8d7a0673dd5c706,true,word_insertions,1.0
florence2_htr,method_run_e3209c63bb90458ea8d7a0673dd5c706,true,word_substitutions,8.0
satrn,method_run_5bd842b5b850442daa0d701b63c3e545,true,character_deletions,38.0
satrn,method_run_5bd842b5b850442daa0d701b63c3e545,true,character_error_rate_normalized,0.7931034482758621
satrn,method_run_5bd842b5b850442daa0d701b63c3e545,true,character_error_rate_raw,0.7931034482758621
satrn,method_run_5bd842b5b850442daa0d701b63c3e545,true,character_insertions,0.0
satrn,method_run_5bd842b5b850442daa0d701b63c3e545,true,character_substitutions,8.0
satrn,method_run_5bd842b5b850442daa0d701b63c3e545,true,exact_word_accuracy,0.0
satrn,method_run_5bd842b5b850442daa0d701b63c3e545,true,execution_time_ms,1131.2847137451172
satrn,method_run_5bd842b5b850442daa0d701b63c3e545,true,gpu_memory_mb,438.78173828125
satrn,method_run_5bd842b5b850442daa0d701b63c3e545,true,word_deletions,6.0
satrn,method_run_5bd842b5b850442daa0d701b63c3e545,true,word_error_rate_normalized,1.0
satrn,method_run_5bd842b5b850442daa0d701b63c3e545,true,word_error_rate_raw,1.0
satrn,method_run_5bd842b5b850442daa0d701b63c3e545,true,word_insertions,0.0
satrn,method_run_5bd842b5b850442daa0d701b63c3e545,true,word_substitutions,4.0
