char,freq,match,sub,del,match_rate,del_rate
 ,24265,19599,922,3744,0.8077065732536576,0.15429631155985987
e,13526,8961,1587,2978,0.6625018482921781,0.2201685642466361
n,11564,8431,1319,1814,0.7290729851262538,0.1568661362850225
a,11086,6728,2344,2014,0.6068915749594083,0.18167057550063143
t,10930,8383,898,1649,0.766971637694419,0.15086916742909423
r,8775,5845,1206,1724,0.6660968660968661,0.19646723646723646
s,8265,5034,1402,1829,0.6090744101633394,0.22129461584996976
l,7179,4898,615,1666,0.6822677253099317,0.23206574731856805
d,6877,4974,714,1189,0.7232805002181184,0.17289515777228442
i,6554,4624,528,1402,0.705523344522429,0.21391516631065
o,5922,3828,963,1131,0.646403242147923,0.19098277608915906
h,5190,3737,548,905,0.720038535645472,0.174373795761079
f,4205,2891,501,813,0.6875148632580261,0.19334126040428062
m,4055,2749,657,649,0.6779284833538841,0.16004932182490753
g,3505,2773,243,489,0.7911554921540657,0.13951497860199716
.,2789,626,817,1346,0.2244532090354966,0.482610254571531
å,2740,1810,481,449,0.6605839416058394,0.16386861313868614
ä,2493,1276,720,497,0.5118331327717609,0.19935820296831128
k,2401,1598,351,452,0.6655560183256977,0.1882548937942524
w,2358,1583,304,471,0.6713316369804919,0.19974554707379136
u,2302,1617,304,381,0.7024326672458732,0.16550825369244135
ö,2086,1210,437,439,0.5800575263662512,0.21045062320230107
c,1807,1089,198,520,0.6026563364692861,0.28776978417266186
",",1761,1042,239,480,0.5917092561044861,0.272572402044293
b,1547,1169,148,230,0.755656108597285,0.1486748545572075
y,1321,887,206,228,0.6714610143830432,0.17259651778955337
p,1320,873,156,291,0.6613636363636364,0.22045454545454546
-,735,1,480,254,0.0013605442176870747,0.345578231292517
S,734,373,154,207,0.5081743869209809,0.28201634877384196
H,600,184,274,142,0.30666666666666664,0.23666666666666666
1,561,291,44,226,0.5187165775401069,0.4028520499108734
M,473,285,114,74,0.6025369978858351,0.15644820295983086
B,405,247,80,78,0.6098765432098765,0.1925925925925926
P,404,244,66,94,0.6039603960396039,0.23267326732673269
E,371,233,44,94,0.628032345013477,0.25336927223719674
L,346,183,77,86,0.5289017341040463,0.24855491329479767
2,328,157,40,131,0.47865853658536583,0.39939024390243905
z,293,104,95,94,0.35494880546075086,0.32081911262798635
C,286,206,26,54,0.7202797202797203,0.1888111888111888
D,270,92,58,120,0.34074074074074073,0.4444444444444444
R,264,175,35,54,0.6628787878787878,0.20454545454545456
N,246,123,61,62,0.5,0.25203252032520324
J,244,166,31,47,0.680327868852459,0.19262295081967212
6,231,127,33,71,0.5497835497835498,0.30735930735930733
3,221,99,25,97,0.4479638009049774,0.43891402714932126
O,184,123,13,48,0.6684782608695652,0.2608695652173913
F,182,73,58,51,0.4010989010989011,0.2802197802197802
A,179,96,37,46,0.5363128491620112,0.2569832402234637
K,171,72,55,44,0.42105263157894735,0.2573099415204678
7,161,93,20,48,0.577639751552795,0.2981366459627329
0,161,88,24,49,0.546583850931677,0.30434782608695654
4,149,71,19,59,0.47651006711409394,0.3959731543624161
9,129,57,40,32,0.4418604651162791,0.24806201550387597
8,114,36,28,50,0.3157894736842105,0.43859649122807015
T,103,34,27,42,0.3300970873786408,0.4077669902912621
5,101,36,16,49,0.3564356435643564,0.48514851485148514
j,89,38,30,21,0.42696629213483145,0.23595505617977527
G,87,37,26,24,0.42528735632183906,0.27586206896551724
v,87,51,17,19,0.5862068965517241,0.21839080459770116
W,67,27,27,13,0.40298507462686567,0.19402985074626866
I,67,33,12,22,0.4925373134328358,0.3283582089552239
x,67,27,27,13,0.40298507462686567,0.19402985074626866
q,58,40,5,13,0.6896551724137931,0.22413793103448276
U,38,22,3,13,0.5789473684210527,0.34210526315789475
/,33,8,5,20,0.24242424242424243,0.6060606060606061
§,33,10,10,13,0.30303030303030304,0.3939393939393939
½,29,3,10,16,0.10344827586206896,0.5517241379310345
Ö,17,4,5,8,0.23529411764705882,0.47058823529411764
:,11,1,5,5,0.09090909090909091,0.45454545454545453
Å,11,3,5,3,0.2727272727272727,0.2727272727272727
V,9,4,2,3,0.4444444444444444,0.3333333333333333
?,6,1,1,4,0.16666666666666666,0.6666666666666666
Y,6,0,3,3,0.0,0.5
Q,5,1,0,4,0.2,0.8
Z,4,0,3,1,0.0,0.25
+,2,0,0,2,0.0,1.0
–,2,0,0,2,0.0,1.0
Ä,2,1,1,0,0.5,0.0
¨,1,0,1,0,0.0,0.0
¼,1,0,0,1,0.0,1.0
