group,line_id,document_id,page_id,image_width,image_height,ref_chars,loghi_cer,lion_cer,line_image_path
A1_empty_loghi_output,Svea_Hovraett_etc_export_job_4502443_858057_Svea_Hovraett_OCo_Advokatfiskalen_Jaemtlands_laen__1713_-f577f7f3/0001_DSC_0449/r2l30,Svea_Hovraett_etc_export_job_4502443_858057_Svea_Hovraett_OCo_Advokatfiskalen_Jaemtlands_laen__1713_-f577f7f3,0001_DSC_0449,108.0,67.0,6.0,1.0,0.16666666666666666,lines/Svea_Hovraett_etc_export_job_4502443_85-c2b50a04/0001_DSC_0449/r2l30.png
A1_empty_loghi_output,Svea_Hovraett_etc_export_job_4502443_858057_Svea_Hovraett_OCo_Advokatfiskalen_Jaemtlands_laen__1713_-f577f7f3/0003_DSC_0451/r1l7,Svea_Hovraett_etc_export_job_4502443_858057_Svea_Hovraett_OCo_Advokatfiskalen_Jaemtlands_laen__1713_-f577f7f3,0003_DSC_0451,649.0,123.0,49.0,1.0,0.6530612244897959,lines/Svea_Hovraett_etc_export_job_4502443_85-c2b50a04/0003_DSC_0451/r1l7.png
A1_empty_loghi_output,Svea_Hovraett_etc_export_job_4502443_858057_Svea_Hovraett_OCo_Advokatfiskalen_Jaemtlands_laen__1713_-f577f7f3/0003_DSC_0451/r1l12,Svea_Hovraett_etc_export_job_4502443_858057_Svea_Hovraett_OCo_Advokatfiskalen_Jaemtlands_laen__1713_-f577f7f3,0003_DSC_0451,672.0,122.0,48.0,1.0,0.3958333333333333,lines/Svea_Hovraett_etc_export_job_4502443_85-c2b50a04/0003_DSC_0451/r1l12.png
A1_empty_loghi_output,Svea_Hovraett_etc_export_job_4502443_858057_Svea_Hovraett_OCo_Advokatfiskalen_Jaemtlands_laen__1713_-f577f7f3/0003_DSC_0451/r2l30,Svea_Hovraett_etc_export_job_4502443_858057_Svea_Hovraett_OCo_Advokatfiskalen_Jaemtlands_laen__1713_-f577f7f3,0003_DSC_0451,101.0,62.0,5.0,1.0,1.0,lines/Svea_Hovraett_etc_export_job_4502443_85-c2b50a04/0003_DSC_0451/r2l30.png
A1_empty_loghi_output,Svea_Hovraett_etc_export_job_4502443_858057_Svea_Hovraett_OCo_Advokatfiskalen_Jaemtlands_laen__1713_-f577f7f3/0005_DSC_0453/r2l30,Svea_Hovraett_etc_export_job_4502443_858057_Svea_Hovraett_OCo_Advokatfiskalen_Jaemtlands_laen__1713_-f577f7f3,0005_DSC_0453,125.0,62.0,6.0,1.0,0.3333333333333333,lines/Svea_Hovraett_etc_export_job_4502443_85-c2b50a04/0005_DSC_0453/r2l30.png
A1_empty_loghi_output,Svea_Hovraett_etc_export_job_4502443_858057_Svea_Hovraett_OCo_Advokatfiskalen_Jaemtlands_laen__1713_-f577f7f3/0006_DSC_0454/r2l29,Svea_Hovraett_etc_export_job_4502443_858057_Svea_Hovraett_OCo_Advokatfiskalen_Jaemtlands_laen__1713_-f577f7f3,0006_DSC_0454,101.0,47.0,3.0,1.0,0.6666666666666666,lines/Svea_Hovraett_etc_export_job_4502443_85-c2b50a04/0006_DSC_0454/r2l29.png
A1_empty_loghi_output,Svea_Hovraett_etc_export_job_4502443_858057_Svea_Hovraett_OCo_Advokatfiskalen_Jaemtlands_laen__1713_-f577f7f3/0008_DSC_0456/r1l24,Svea_Hovraett_etc_export_job_4502443_858057_Svea_Hovraett_OCo_Advokatfiskalen_Jaemtlands_laen__1713_-f577f7f3,0008_DSC_0456,25.0,54.0,3.0,1.0,0.6666666666666666,lines/Svea_Hovraett_etc_export_job_4502443_85-c2b50a04/0008_DSC_0456/r1l24.png
A1_empty_loghi_output,Svea_Hovraett_etc_export_job_4502443_858057_Svea_Hovraett_OCo_Advokatfiskalen_Jaemtlands_laen__1713_-f577f7f3/0008_DSC_0456/r2l20,Svea_Hovraett_etc_export_job_4502443_858057_Svea_Hovraett_OCo_Advokatfiskalen_Jaemtlands_laen__1713_-f577f7f3,0008_DSC_0456,43.0,50.0,3.0,1.0,0.0,lines/Svea_Hovraett_etc_export_job_4502443_85-c2b50a04/0008_DSC_0456/r2l20.png
A1_empty_loghi_output,Svea_Hovraett_etc_export_job_4502444_855910_Svea_Hovraett_OCo_Advokatfiskalen_Jaemtlands_laen__1713_-b58e9491/0001_DSC_0433/r1l46,Svea_Hovraett_etc_export_job_4502444_855910_Svea_Hovraett_OCo_Advokatfiskalen_Jaemtlands_laen__1713_-b58e9491,0001_DSC_0433,47.0,73.0,2.0,1.0,0.0,lines/Svea_Hovraett_etc_export_job_4502444_85-8cffc168/0001_DSC_0433/r1l46.png
A1_empty_loghi_output,Svea_Hovraett_etc_export_job_4502444_855910_Svea_Hovraett_OCo_Advokatfiskalen_Jaemtlands_laen__1713_-b58e9491/0001_DSC_0433/r1l64,Svea_Hovraett_etc_export_job_4502444_855910_Svea_Hovraett_OCo_Advokatfiskalen_Jaemtlands_laen__1713_-b58e9491,0001_DSC_0433,82.0,69.0,3.0,1.0,0.6666666666666666,lines/Svea_Hovraett_etc_export_job_4502444_85-8cffc168/0001_DSC_0433/r1l64.png
A1_empty_loghi_output,Svea_Hovraett_etc_export_job_4502444_855910_Svea_Hovraett_OCo_Advokatfiskalen_Jaemtlands_laen__1713_-b58e9491/0002_DSC_0435/r2l20,Svea_Hovraett_etc_export_job_4502444_855910_Svea_Hovraett_OCo_Advokatfiskalen_Jaemtlands_laen__1713_-b58e9491,0002_DSC_0435,41.0,47.0,2.0,1.0,0.0,lines/Svea_Hovraett_etc_export_job_4502444_85-8cffc168/0002_DSC_0435/r2l20.png
A1_empty_loghi_output,Svea_Hovraett_etc_export_job_4502444_855910_Svea_Hovraett_OCo_Advokatfiskalen_Jaemtlands_laen__1713_-b58e9491/0006_DSC_0439/r1l1,Svea_Hovraett_etc_export_job_4502444_855910_Svea_Hovraett_OCo_Advokatfiskalen_Jaemtlands_laen__1713_-b58e9491,0006_DSC_0439,25.0,79.0,2.0,1.0,0.0,lines/Svea_Hovraett_etc_export_job_4502444_85-8cffc168/0006_DSC_0439/r1l1.png
A1_empty_loghi_output,Svea_Hovraett_etc_export_job_4502444_855910_Svea_Hovraett_OCo_Advokatfiskalen_Jaemtlands_laen__1713_-b58e9491/0007_DSC_0440/r1l32,Svea_Hovraett_etc_export_job_4502444_855910_Svea_Hovraett_OCo_Advokatfiskalen_Jaemtlands_laen__1713_-b58e9491,0007_DSC_0440,56.0,48.0,3.0,1.0,0.0,lines/Svea_Hovraett_etc_export_job_4502444_85-8cffc168/0007_DSC_0440/r1l32.png
A1_empty_loghi_output,Svea_Hovraett_etc_export_job_4502444_855910_Svea_Hovraett_OCo_Advokatfiskalen_Jaemtlands_laen__1713_-b58e9491/0007_DSC_0440/r1l44,Svea_Hovraett_etc_export_job_4502444_855910_Svea_Hovraett_OCo_Advokatfiskalen_Jaemtlands_laen__1713_-b58e9491,0007_DSC_0440,65.0,69.0,5.0,1.0,0.8,lines/Svea_Hovraett_etc_export_job_4502444_85-8cffc168/0007_DSC_0440/r1l44.png
A1_empty_loghi_output,Svea_Hovraett_etc_export_job_4502444_855910_Svea_Hovraett_OCo_Advokatfiskalen_Jaemtlands_laen__1713_-b58e9491/0008_DSC_0441/r1l60,Svea_Hovraett_etc_export_job_4502444_855910_Svea_Hovraett_OCo_Advokatfiskalen_Jaemtlands_laen__1713_-b58e9491,0008_DSC_0441,96.0,68.0,3.0,1.0,0.0,lines/Svea_Hovraett_etc_export_job_4502444_85-8cffc168/0008_DSC_0441/r1l60.png
A1_empty_loghi_output,Svea_Hovraett_etc_export_job_4502444_855910_Svea_Hovraett_OCo_Advokatfiskalen_Jaemtlands_laen__1713_-b58e9491/0009_DSC_0442/r1l54,Svea_Hovraett_etc_export_job_4502444_855910_Svea_Hovraett_OCo_Advokatfiskalen_Jaemtlands_laen__1713_-b58e9491,0009_DSC_0442,128.0,59.0,4.0,1.0,0.25,lines/Svea_Hovraett_etc_export_job_4502444_85-8cffc168/0009_DSC_0442/r1l54.png
A1_empty_loghi_output,Svea_Hovraett_etc_export_job_4502444_855910_Svea_Hovraett_OCo_Advokatfiskalen_Jaemtlands_laen__1713_-b58e9491/0013_DSC_0446/r2l31,Svea_Hovraett_etc_export_job_4502444_855910_Svea_Hovraett_OCo_Advokatfiskalen_Jaemtlands_laen__1713_-b58e9491,0013_DSC_0446,117.0,59.0,7.0,1.0,0.0,lines/Svea_Hovraett_etc_export_job_4502444_85-8cffc168/0013_DSC_0446/r2l31.png
A1_empty_loghi_output,Svea_Hovraett_etc_export_job_4502444_855910_Svea_Hovraett_OCo_Advokatfiskalen_Jaemtlands_laen__1713_-b58e9491/0014_DSC_0447/r1l1,Svea_Hovraett_etc_export_job_4502444_855910_Svea_Hovraett_OCo_Advokatfiskalen_Jaemtlands_laen__1713_-b58e9491,0014_DSC_0447,58.0,55.0,3.0,1.0,0.3333333333333333,lines/Svea_Hovraett_etc_export_job_4502444_85-8cffc168/0014_DSC_0447/r1l1.png
A1_empty_loghi_output,Svea_Hovraett_etc_export_job_4502445_845640_Svea_Hovraett_-_Advokatfiskalen_Jaemtlands_laen__1702__3-6edbb12a/0002_DSC_0371/r1l19,Svea_Hovraett_etc_export_job_4502445_845640_Svea_Hovraett_-_Advokatfiskalen_Jaemtlands_laen__1702__3-6edbb12a,0002_DSC_0371,106.0,70.0,3.0,1.0,1.0,lines/Svea_Hovraett_etc_export_job_4502445_84-707211b8/0002_DSC_0371/r1l19.png
A1_empty_loghi_output,Svea_Hovraett_etc_export_job_4502445_845640_Svea_Hovraett_-_Advokatfiskalen_Jaemtlands_laen__1702__3-6edbb12a/0003_DSC_0372/r2l24,Svea_Hovraett_etc_export_job_4502445_845640_Svea_Hovraett_-_Advokatfiskalen_Jaemtlands_laen__1702__3-6edbb12a,0003_DSC_0372,78.0,86.0,2.0,1.0,0.0,lines/Svea_Hovraett_etc_export_job_4502445_84-707211b8/0003_DSC_0372/r2l24.png
A1_empty_loghi_output,Svea_Hovraett_etc_export_job_4502445_845640_Svea_Hovraett_-_Advokatfiskalen_Jaemtlands_laen__1702__3-6edbb12a/0005_DSC_0375/r1l23,Svea_Hovraett_etc_export_job_4502445_845640_Svea_Hovraett_-_Advokatfiskalen_Jaemtlands_laen__1702__3-6edbb12a,0005_DSC_0375,86.0,93.0,3.0,1.0,0.0,lines/Svea_Hovraett_etc_export_job_4502445_84-707211b8/0005_DSC_0375/r1l23.png
A1_empty_loghi_output,Svea_Hovraett_etc_export_job_4502445_845640_Svea_Hovraett_-_Advokatfiskalen_Jaemtlands_laen__1702__3-6edbb12a/0005_DSC_0375/r2l22,Svea_Hovraett_etc_export_job_4502445_845640_Svea_Hovraett_-_Advokatfiskalen_Jaemtlands_laen__1702__3-6edbb12a,0005_DSC_0375,99.0,69.0,9.0,1.0,0.7777777777777778,lines/Svea_Hovraett_etc_export_job_4502445_84-707211b8/0005_DSC_0375/r2l22.png
A1_empty_loghi_output,Svea_Hovraett_etc_export_job_4502445_845640_Svea_Hovraett_-_Advokatfiskalen_Jaemtlands_laen__1702__3-6edbb12a/0005_DSC_0375/r2l25,Svea_Hovraett_etc_export_job_4502445_845640_Svea_Hovraett_-_Advokatfiskalen_Jaemtlands_laen__1702__3-6edbb12a,0005_DSC_0375,159.0,78.0,6.0,1.0,0.8333333333333334,lines/Svea_Hovraett_etc_export_job_4502445_84-707211b8/0005_DSC_0375/r2l25.png
A1_empty_loghi_output,Svea_Hovraett_etc_export_job_4502445_845640_Svea_Hovraett_-_Advokatfiskalen_Jaemtlands_laen__1702__3-6edbb12a/0011_DSC_0383/r3l26,Svea_Hovraett_etc_export_job_4502445_845640_Svea_Hovraett_-_Advokatfiskalen_Jaemtlands_laen__1702__3-6edbb12a,0011_DSC_0383,95.0,77.0,3.0,1.0,1.0,lines/Svea_Hovraett_etc_export_job_4502445_84-707211b8/0011_DSC_0383/r3l26.png
A1_empty_loghi_output,Svea_Hovraett_etc_export_job_4502445_845640_Svea_Hovraett_-_Advokatfiskalen_Jaemtlands_laen__1702__3-6edbb12a/0013_DSC_0385/r2l22,Svea_Hovraett_etc_export_job_4502445_845640_Svea_Hovraett_-_Advokatfiskalen_Jaemtlands_laen__1702__3-6edbb12a,0013_DSC_0385,98.0,55.0,3.0,1.0,0.0,lines/Svea_Hovraett_etc_export_job_4502445_84-707211b8/0013_DSC_0385/r2l22.png
A1_empty_loghi_output,Svea_Hovraett_etc_export_job_4502445_845640_Svea_Hovraett_-_Advokatfiskalen_Jaemtlands_laen__1702__3-6edbb12a/0015_DSC_0389/r1l23,Svea_Hovraett_etc_export_job_4502445_845640_Svea_Hovraett_-_Advokatfiskalen_Jaemtlands_laen__1702__3-6edbb12a,0015_DSC_0389,70.0,84.0,3.0,1.0,0.0,lines/Svea_Hovraett_etc_export_job_4502445_84-707211b8/0015_DSC_0389/r1l23.png
A1_empty_loghi_output,Svea_Hovraett_etc_export_job_4502445_845640_Svea_Hovraett_-_Advokatfiskalen_Jaemtlands_laen__1702__3-6edbb12a/0015_DSC_0389/r2l22,Svea_Hovraett_etc_export_job_4502445_845640_Svea_Hovraett_-_Advokatfiskalen_Jaemtlands_laen__1702__3-6edbb12a,0015_DSC_0389,152.0,58.0,6.0,1.0,0.16666666666666666,lines/Svea_Hovraett_etc_export_job_4502445_84-707211b8/0015_DSC_0389/r2l22.png
A1_empty_loghi_output,Svea_Hovraett_etc_export_job_4502445_845640_Svea_Hovraett_-_Advokatfiskalen_Jaemtlands_laen__1702__3-6edbb12a/0016_DSC_0390/r2l24,Svea_Hovraett_etc_export_job_4502445_845640_Svea_Hovraett_-_Advokatfiskalen_Jaemtlands_laen__1702__3-6edbb12a,0016_DSC_0390,152.0,57.0,5.0,1.0,0.2,lines/Svea_Hovraett_etc_export_job_4502445_84-707211b8/0016_DSC_0390/r2l24.png
A1_empty_loghi_output,Svea_Hovraett_etc_export_job_4502445_845640_Svea_Hovraett_-_Advokatfiskalen_Jaemtlands_laen__1702__3-6edbb12a/0017_DSC_0391/r2l1,Svea_Hovraett_etc_export_job_4502445_845640_Svea_Hovraett_-_Advokatfiskalen_Jaemtlands_laen__1702__3-6edbb12a,0017_DSC_0391,77.0,43.0,3.0,1.0,0.0,lines/Svea_Hovraett_etc_export_job_4502445_84-707211b8/0017_DSC_0391/r2l1.png
A1_empty_loghi_output,Svea_Hovraett_etc_export_job_4502445_845640_Svea_Hovraett_-_Advokatfiskalen_Jaemtlands_laen__1702__3-6edbb12a/0018_DSC_0392/line_1638277016426_940,Svea_Hovraett_etc_export_job_4502445_845640_Svea_Hovraett_-_Advokatfiskalen_Jaemtlands_laen__1702__3-6edbb12a,0018_DSC_0392,77.0,84.0,3.0,1.0,0.6666666666666666,lines/Svea_Hovraett_etc_export_job_4502445_84-707211b8/0018_DSC_0392/line_1638277016426_940.png
A1_empty_loghi_output,Svea_Hovraett_etc_export_job_4502445_845640_Svea_Hovraett_-_Advokatfiskalen_Jaemtlands_laen__1702__3-6edbb12a/0018_DSC_0392/r2l23,Svea_Hovraett_etc_export_job_4502445_845640_Svea_Hovraett_-_Advokatfiskalen_Jaemtlands_laen__1702__3-6edbb12a,0018_DSC_0392,118.0,125.0,3.0,1.0,1.0,lines/Svea_Hovraett_etc_export_job_4502445_84-707211b8/0018_DSC_0392/r2l23.png
A1_empty_loghi_output,Svea_Hovraett_etc_export_job_4502445_845640_Svea_Hovraett_-_Advokatfiskalen_Jaemtlands_laen__1702__3-6edbb12a/0019_DSC_0396/line_1638277294019_1035,Svea_Hovraett_etc_export_job_4502445_845640_Svea_Hovraett_-_Advokatfiskalen_Jaemtlands_laen__1702__3-6edbb12a,0019_DSC_0396,59.0,98.0,2.0,1.0,0.0,lines/Svea_Hovraett_etc_export_job_4502445_84-707211b8/0019_DSC_0396/line_1638277294019_1035.png
A1_empty_loghi_output,Svea_Hovraett_etc_export_job_4502445_845640_Svea_Hovraett_-_Advokatfiskalen_Jaemtlands_laen__1702__3-6edbb12a/0019_DSC_0396/r2l22,Svea_Hovraett_etc_export_job_4502445_845640_Svea_Hovraett_-_Advokatfiskalen_Jaemtlands_laen__1702__3-6edbb12a,0019_DSC_0396,123.0,98.0,3.0,1.0,0.6666666666666666,lines/Svea_Hovraett_etc_export_job_4502445_84-707211b8/0019_DSC_0396/r2l22.png
A1_empty_loghi_output,Svea_Hovraett_etc_export_job_4502445_845640_Svea_Hovraett_-_Advokatfiskalen_Jaemtlands_laen__1702__3-6edbb12a/0021_DSC_0398/r2l23,Svea_Hovraett_etc_export_job_4502445_845640_Svea_Hovraett_-_Advokatfiskalen_Jaemtlands_laen__1702__3-6edbb12a,0021_DSC_0398,113.0,100.0,4.0,1.0,1.25,lines/Svea_Hovraett_etc_export_job_4502445_84-707211b8/0021_DSC_0398/r2l23.png
A1_empty_loghi_output,Svea_Hovraett_etc_export_job_4502445_845640_Svea_Hovraett_-_Advokatfiskalen_Jaemtlands_laen__1702__3-6edbb12a/0021_DSC_0398/r4l1,Svea_Hovraett_etc_export_job_4502445_845640_Svea_Hovraett_-_Advokatfiskalen_Jaemtlands_laen__1702__3-6edbb12a,0021_DSC_0398,68.0,83.0,3.0,1.0,0.3333333333333333,lines/Svea_Hovraett_etc_export_job_4502445_84-707211b8/0021_DSC_0398/r4l1.png
A1_empty_loghi_output,Svea_Hovraett_etc_export_job_4502445_845640_Svea_Hovraett_-_Advokatfiskalen_Jaemtlands_laen__1702__3-6edbb12a/0021_DSC_0398/r3l22,Svea_Hovraett_etc_export_job_4502445_845640_Svea_Hovraett_-_Advokatfiskalen_Jaemtlands_laen__1702__3-6edbb12a,0021_DSC_0398,133.0,60.0,3.0,1.0,1.0,lines/Svea_Hovraett_etc_export_job_4502445_84-707211b8/0021_DSC_0398/r3l22.png
A1_empty_loghi_output,Svea_Hovraett_etc_export_job_4502445_845640_Svea_Hovraett_-_Advokatfiskalen_Jaemtlands_laen__1702__3-6edbb12a/0024_DSC_0401/r1l24,Svea_Hovraett_etc_export_job_4502445_845640_Svea_Hovraett_-_Advokatfiskalen_Jaemtlands_laen__1702__3-6edbb12a,0024_DSC_0401,80.0,55.0,5.0,1.0,0.6,lines/Svea_Hovraett_etc_export_job_4502445_84-707211b8/0024_DSC_0401/r1l24.png
A1_empty_loghi_output,Svea_Hovraett_etc_export_job_4502445_845640_Svea_Hovraett_-_Advokatfiskalen_Jaemtlands_laen__1702__3-6edbb12a/0026_DSC_0404/line_1638779899103_657,Svea_Hovraett_etc_export_job_4502445_845640_Svea_Hovraett_-_Advokatfiskalen_Jaemtlands_laen__1702__3-6edbb12a,0026_DSC_0404,24.0,62.0,2.0,1.0,1.0,lines/Svea_Hovraett_etc_export_job_4502445_84-707211b8/0026_DSC_0404/line_1638779899103_657.png
A1_empty_loghi_output,Svea_Hovraett_etc_export_job_4502445_845640_Svea_Hovraett_-_Advokatfiskalen_Jaemtlands_laen__1702__3-6edbb12a/0027_DSC_0405/r2l1,Svea_Hovraett_etc_export_job_4502445_845640_Svea_Hovraett_-_Advokatfiskalen_Jaemtlands_laen__1702__3-6edbb12a,0027_DSC_0405,62.0,56.0,3.0,1.0,0.3333333333333333,lines/Svea_Hovraett_etc_export_job_4502445_84-707211b8/0027_DSC_0405/r2l1.png
A1_empty_loghi_output,Svea_Hovraett_etc_export_job_4502445_845640_Svea_Hovraett_-_Advokatfiskalen_Jaemtlands_laen__1702__3-6edbb12a/0027_DSC_0405/r2l13,Svea_Hovraett_etc_export_job_4502445_845640_Svea_Hovraett_-_Advokatfiskalen_Jaemtlands_laen__1702__3-6edbb12a,0027_DSC_0405,83.0,65.0,8.0,1.0,0.5,lines/Svea_Hovraett_etc_export_job_4502445_84-707211b8/0027_DSC_0405/r2l13.png
A1_empty_loghi_output,Svea_Hovraett_etc_export_job_4502445_845640_Svea_Hovraett_-_Advokatfiskalen_Jaemtlands_laen__1702__3-6edbb12a/0028_DSC_0406/line_1638780421838_793,Svea_Hovraett_etc_export_job_4502445_845640_Svea_Hovraett_-_Advokatfiskalen_Jaemtlands_laen__1702__3-6edbb12a,0028_DSC_0406,63.0,71.0,6.0,1.0,0.8333333333333334,lines/Svea_Hovraett_etc_export_job_4502445_84-707211b8/0028_DSC_0406/line_1638780421838_793.png
A1_empty_loghi_output,Svea_Hovraett_etc_export_job_4502445_845640_Svea_Hovraett_-_Advokatfiskalen_Jaemtlands_laen__1702__3-6edbb12a/0028_DSC_0406/r2l1,Svea_Hovraett_etc_export_job_4502445_845640_Svea_Hovraett_-_Advokatfiskalen_Jaemtlands_laen__1702__3-6edbb12a,0028_DSC_0406,85.0,79.0,3.0,1.0,0.3333333333333333,lines/Svea_Hovraett_etc_export_job_4502445_84-707211b8/0028_DSC_0406/r2l1.png
A1_empty_loghi_output,Svea_Hovraett_etc_export_job_4502445_845640_Svea_Hovraett_-_Advokatfiskalen_Jaemtlands_laen__1702__3-6edbb12a/0029_DSC_0407/r1l23,Svea_Hovraett_etc_export_job_4502445_845640_Svea_Hovraett_-_Advokatfiskalen_Jaemtlands_laen__1702__3-6edbb12a,0029_DSC_0407,32.0,41.0,3.0,1.0,0.0,lines/Svea_Hovraett_etc_export_job_4502445_84-707211b8/0029_DSC_0407/r1l23.png
A1_empty_loghi_output,Svea_Hovraett_etc_export_job_4502445_845640_Svea_Hovraett_-_Advokatfiskalen_Jaemtlands_laen__1702__3-6edbb12a/0029_DSC_0407/r2l19,Svea_Hovraett_etc_export_job_4502445_845640_Svea_Hovraett_-_Advokatfiskalen_Jaemtlands_laen__1702__3-6edbb12a,0029_DSC_0407,55.0,56.0,4.0,1.0,0.75,lines/Svea_Hovraett_etc_export_job_4502445_84-707211b8/0029_DSC_0407/r2l19.png
A1_empty_loghi_output,Svea_Hovraett_etc_export_job_4502445_845640_Svea_Hovraett_-_Advokatfiskalen_Jaemtlands_laen__1702__3-6edbb12a/0031_DSC_0410/r1l38,Svea_Hovraett_etc_export_job_4502445_845640_Svea_Hovraett_-_Advokatfiskalen_Jaemtlands_laen__1702__3-6edbb12a,0031_DSC_0410,99.0,69.0,5.0,1.0,0.4,lines/Svea_Hovraett_etc_export_job_4502445_84-707211b8/0031_DSC_0410/r1l38.png
A1_empty_loghi_output,Svea_Hovraett_etc_export_job_4502445_845640_Svea_Hovraett_-_Advokatfiskalen_Jaemtlands_laen__1702__3-6edbb12a/0033_DSC_0412/r2l1,Svea_Hovraett_etc_export_job_4502445_845640_Svea_Hovraett_-_Advokatfiskalen_Jaemtlands_laen__1702__3-6edbb12a,0033_DSC_0412,79.0,48.0,3.0,1.0,1.0,lines/Svea_Hovraett_etc_export_job_4502445_84-707211b8/0033_DSC_0412/r2l1.png
A1_empty_loghi_output,Svea_Hovraett_etc_export_job_4502445_845640_Svea_Hovraett_-_Advokatfiskalen_Jaemtlands_laen__1702__3-6edbb12a/0034_DSC_0413/r3l1,Svea_Hovraett_etc_export_job_4502445_845640_Svea_Hovraett_-_Advokatfiskalen_Jaemtlands_laen__1702__3-6edbb12a,0034_DSC_0413,59.0,72.0,3.0,1.0,0.6666666666666666,lines/Svea_Hovraett_etc_export_job_4502445_84-707211b8/0034_DSC_0413/r3l1.png
A1_empty_loghi_output,Svea_Hovraett_etc_export_job_4502445_845640_Svea_Hovraett_-_Advokatfiskalen_Jaemtlands_laen__1702__3-6edbb12a/0040_DSC_0422/r1l21,Svea_Hovraett_etc_export_job_4502445_845640_Svea_Hovraett_-_Advokatfiskalen_Jaemtlands_laen__1702__3-6edbb12a,0040_DSC_0422,75.0,90.0,4.0,1.0,0.75,lines/Svea_Hovraett_etc_export_job_4502445_84-707211b8/0040_DSC_0422/r1l21.png
A1_empty_loghi_output,Svea_Hovraett_etc_export_job_4502445_845640_Svea_Hovraett_-_Advokatfiskalen_Jaemtlands_laen__1702__3-6edbb12a/0041_DSC_0423/r1l22,Svea_Hovraett_etc_export_job_4502445_845640_Svea_Hovraett_-_Advokatfiskalen_Jaemtlands_laen__1702__3-6edbb12a,0041_DSC_0423,64.0,63.0,3.0,1.0,1.3333333333333333,lines/Svea_Hovraett_etc_export_job_4502445_84-707211b8/0041_DSC_0423/r1l22.png
A1_empty_loghi_output,Svea_Hovraett_etc_export_job_4502445_845640_Svea_Hovraett_-_Advokatfiskalen_Jaemtlands_laen__1702__3-6edbb12a/0043_DSC_0425/r2l2,Svea_Hovraett_etc_export_job_4502445_845640_Svea_Hovraett_-_Advokatfiskalen_Jaemtlands_laen__1702__3-6edbb12a,0043_DSC_0425,86.0,57.0,3.0,1.0,0.3333333333333333,lines/Svea_Hovraett_etc_export_job_4502445_84-707211b8/0043_DSC_0425/r2l2.png
A1_empty_loghi_output,Svea_Hovraett_etc_export_job_4502445_845640_Svea_Hovraett_-_Advokatfiskalen_Jaemtlands_laen__1702__3-6edbb12a/0045_DSC_0427/r1l23,Svea_Hovraett_etc_export_job_4502445_845640_Svea_Hovraett_-_Advokatfiskalen_Jaemtlands_laen__1702__3-6edbb12a,0045_DSC_0427,58.0,71.0,5.0,1.0,1.0,lines/Svea_Hovraett_etc_export_job_4502445_84-707211b8/0045_DSC_0427/r1l23.png
A1_empty_loghi_output,Svea_Hovraett_etc_export_job_4502445_845640_Svea_Hovraett_-_Advokatfiskalen_Jaemtlands_laen__1702__3-6edbb12a/0046_DSC_0428/r2l28,Svea_Hovraett_etc_export_job_4502445_845640_Svea_Hovraett_-_Advokatfiskalen_Jaemtlands_laen__1702__3-6edbb12a,0046_DSC_0428,110.0,87.0,4.0,1.0,0.25,lines/Svea_Hovraett_etc_export_job_4502445_84-707211b8/0046_DSC_0428/r2l28.png
A1_empty_loghi_output,Svea_Hovraett_etc_export_job_4502445_845640_Svea_Hovraett_-_Advokatfiskalen_Jaemtlands_laen__1702__3-6edbb12a/0047_DSC_0429/r2l21,Svea_Hovraett_etc_export_job_4502445_845640_Svea_Hovraett_-_Advokatfiskalen_Jaemtlands_laen__1702__3-6edbb12a,0047_DSC_0429,111.0,102.0,3.0,1.0,0.3333333333333333,lines/Svea_Hovraett_etc_export_job_4502445_84-707211b8/0047_DSC_0429/r2l21.png
A1_empty_loghi_output,Svea_Hovraett_etc_export_job_4502446_842250_Svea_Hovraett_-_Advokatfiskalens_Jaemtlands_laen__1702__-7a829e7f/0001_DSC_0332/r2l22,Svea_Hovraett_etc_export_job_4502446_842250_Svea_Hovraett_-_Advokatfiskalens_Jaemtlands_laen__1702__-7a829e7f,0001_DSC_0332,92.0,65.0,3.0,1.0,0.3333333333333333,lines/Svea_Hovraett_etc_export_job_4502446_84-4ba7fa71/0001_DSC_0332/r2l22.png
A1_empty_loghi_output,Svea_Hovraett_etc_export_job_4502446_842250_Svea_Hovraett_-_Advokatfiskalens_Jaemtlands_laen__1702__-7a829e7f/0002_DSC_0333/r3l1,Svea_Hovraett_etc_export_job_4502446_842250_Svea_Hovraett_-_Advokatfiskalens_Jaemtlands_laen__1702__-7a829e7f,0002_DSC_0333,86.0,53.0,4.0,1.0,0.25,lines/Svea_Hovraett_etc_export_job_4502446_84-4ba7fa71/0002_DSC_0333/r3l1.png
A1_empty_loghi_output,Svea_Hovraett_etc_export_job_4502446_842250_Svea_Hovraett_-_Advokatfiskalens_Jaemtlands_laen__1702__-7a829e7f/0006_DSC_0339/r2l1,Svea_Hovraett_etc_export_job_4502446_842250_Svea_Hovraett_-_Advokatfiskalens_Jaemtlands_laen__1702__-7a829e7f,0006_DSC_0339,104.0,61.0,3.0,1.0,0.0,lines/Svea_Hovraett_etc_export_job_4502446_84-4ba7fa71/0006_DSC_0339/r2l1.png
A1_empty_loghi_output,Svea_Hovraett_etc_export_job_4502446_842250_Svea_Hovraett_-_Advokatfiskalens_Jaemtlands_laen__1702__-7a829e7f/0007_DSC_0340/r3l1,Svea_Hovraett_etc_export_job_4502446_842250_Svea_Hovraett_-_Advokatfiskalens_Jaemtlands_laen__1702__-7a829e7f,0007_DSC_0340,83.0,67.0,3.0,1.0,0.3333333333333333,lines/Svea_Hovraett_etc_export_job_4502446_84-4ba7fa71/0007_DSC_0340/r3l1.png
A1_empty_loghi_output,Svea_Hovraett_etc_export_job_4502446_842250_Svea_Hovraett_-_Advokatfiskalens_Jaemtlands_laen__1702__-7a829e7f/0013_DSC_0346/r2l23,Svea_Hovraett_etc_export_job_4502446_842250_Svea_Hovraett_-_Advokatfiskalens_Jaemtlands_laen__1702__-7a829e7f,0013_DSC_0346,152.0,99.0,5.0,1.0,1.0,lines/Svea_Hovraett_etc_export_job_4502446_84-4ba7fa71/0013_DSC_0346/r2l23.png
A1_empty_loghi_output,Svea_Hovraett_etc_export_job_4502446_842250_Svea_Hovraett_-_Advokatfiskalens_Jaemtlands_laen__1702__-7a829e7f/0015_DSC_0348/r2l22,Svea_Hovraett_etc_export_job_4502446_842250_Svea_Hovraett_-_Advokatfiskalens_Jaemtlands_laen__1702__-7a829e7f,0015_DSC_0348,124.0,122.0,3.0,1.0,0.3333333333333333,lines/Svea_Hovraett_etc_export_job_4502446_84-4ba7fa71/0015_DSC_0348/r2l22.png
A1_empty_loghi_output,Svea_Hovraett_etc_export_job_4502446_842250_Svea_Hovraett_-_Advokatfiskalens_Jaemtlands_laen__1702__-7a829e7f/0019_DSC_0352/r1l20,Svea_Hovraett_etc_export_job_4502446_842250_Svea_Hovraett_-_Advokatfiskalens_Jaemtlands_laen__1702__-7a829e7f,0019_DSC_0352,148.0,112.0,3.0,1.0,0.6666666666666666,lines/Svea_Hovraett_etc_export_job_4502446_84-4ba7fa71/0019_DSC_0352/r1l20.png
A1_empty_loghi_output,Svea_Hovraett_etc_export_job_4502446_842250_Svea_Hovraett_-_Advokatfiskalens_Jaemtlands_laen__1702__-7a829e7f/0019_DSC_0352/r2l21,Svea_Hovraett_etc_export_job_4502446_842250_Svea_Hovraett_-_Advokatfiskalens_Jaemtlands_laen__1702__-7a829e7f,0019_DSC_0352,108.0,78.0,3.0,1.0,0.3333333333333333,lines/Svea_Hovraett_etc_export_job_4502446_84-4ba7fa71/0019_DSC_0352/r2l21.png
A1_empty_loghi_output,Svea_Hovraett_etc_export_job_4502446_842250_Svea_Hovraett_-_Advokatfiskalens_Jaemtlands_laen__1702__-7a829e7f/0019_DSC_0352/r3l1,Svea_Hovraett_etc_export_job_4502446_842250_Svea_Hovraett_-_Advokatfiskalens_Jaemtlands_laen__1702__-7a829e7f,0019_DSC_0352,65.0,77.0,3.0,1.0,0.3333333333333333,lines/Svea_Hovraett_etc_export_job_4502446_84-4ba7fa71/0019_DSC_0352/r3l1.png
A1_empty_loghi_output,Svea_Hovraett_etc_export_job_4502446_842250_Svea_Hovraett_-_Advokatfiskalens_Jaemtlands_laen__1702__-7a829e7f/0020_DSC_0353/r1l21,Svea_Hovraett_etc_export_job_4502446_842250_Svea_Hovraett_-_Advokatfiskalens_Jaemtlands_laen__1702__-7a829e7f,0020_DSC_0353,114.0,109.0,3.0,1.0,0.6666666666666666,lines/Svea_Hovraett_etc_export_job_4502446_84-4ba7fa71/0020_DSC_0353/r1l21.png
A1_empty_loghi_output,Svea_Hovraett_etc_export_job_4502446_842250_Svea_Hovraett_-_Advokatfiskalens_Jaemtlands_laen__1702__-7a829e7f/0020_DSC_0353/r2l18,Svea_Hovraett_etc_export_job_4502446_842250_Svea_Hovraett_-_Advokatfiskalens_Jaemtlands_laen__1702__-7a829e7f,0020_DSC_0353,80.0,50.0,4.0,1.0,0.25,lines/Svea_Hovraett_etc_export_job_4502446_84-4ba7fa71/0020_DSC_0353/r2l18.png
A1_empty_loghi_output,Svea_Hovraett_etc_export_job_4502446_842250_Svea_Hovraett_-_Advokatfiskalens_Jaemtlands_laen__1702__-7a829e7f/0022_DSC_0356/r1l23,Svea_Hovraett_etc_export_job_4502446_842250_Svea_Hovraett_-_Advokatfiskalens_Jaemtlands_laen__1702__-7a829e7f,0022_DSC_0356,104.0,93.0,3.0,1.0,0.0,lines/Svea_Hovraett_etc_export_job_4502446_84-4ba7fa71/0022_DSC_0356/r1l23.png
A1_empty_loghi_output,Svea_Hovraett_etc_export_job_4502446_842250_Svea_Hovraett_-_Advokatfiskalens_Jaemtlands_laen__1702__-7a829e7f/0023_DSC_0357/r2l1,Svea_Hovraett_etc_export_job_4502446_842250_Svea_Hovraett_-_Advokatfiskalens_Jaemtlands_laen__1702__-7a829e7f,0023_DSC_0357,81.0,64.0,3.0,1.0,0.0,lines/Svea_Hovraett_etc_export_job_4502446_84-4ba7fa71/0023_DSC_0357/r2l1.png
A1_empty_loghi_output,Svea_Hovraett_etc_export_job_4502446_842250_Svea_Hovraett_-_Advokatfiskalens_Jaemtlands_laen__1702__-7a829e7f/0029_DSC_0365/r2l21,Svea_Hovraett_etc_export_job_4502446_842250_Svea_Hovraett_-_Advokatfiskalens_Jaemtlands_laen__1702__-7a829e7f,0029_DSC_0365,134.0,100.0,4.0,1.0,0.75,lines/Svea_Hovraett_etc_export_job_4502446_84-4ba7fa71/0029_DSC_0365/r2l21.png
A1_empty_loghi_output,Svea_Hovraett_etc_export_job_4502446_842250_Svea_Hovraett_-_Advokatfiskalens_Jaemtlands_laen__1702__-7a829e7f/0030_DSC_0366/r3l20,Svea_Hovraett_etc_export_job_4502446_842250_Svea_Hovraett_-_Advokatfiskalens_Jaemtlands_laen__1702__-7a829e7f,0030_DSC_0366,135.0,77.0,3.0,1.0,0.3333333333333333,lines/Svea_Hovraett_etc_export_job_4502446_84-4ba7fa71/0030_DSC_0366/r3l20.png
A1_empty_loghi_output,Svea_Hovraett_etc_export_job_4502446_842250_Svea_Hovraett_-_Advokatfiskalens_Jaemtlands_laen__1702__-7a829e7f/0031_DSC_0367/r3l2,Svea_Hovraett_etc_export_job_4502446_842250_Svea_Hovraett_-_Advokatfiskalens_Jaemtlands_laen__1702__-7a829e7f,0031_DSC_0367,74.0,44.0,4.0,1.0,0.5,lines/Svea_Hovraett_etc_export_job_4502446_84-4ba7fa71/0031_DSC_0367/r3l2.png
A1_empty_loghi_output,Svea_Hovraett_etc_export_job_4502446_842250_Svea_Hovraett_-_Advokatfiskalens_Jaemtlands_laen__1702__-7a829e7f/0031_DSC_0367/r3l23,Svea_Hovraett_etc_export_job_4502446_842250_Svea_Hovraett_-_Advokatfiskalens_Jaemtlands_laen__1702__-7a829e7f,0031_DSC_0367,134.0,90.0,3.0,1.0,1.0,lines/Svea_Hovraett_etc_export_job_4502446_84-4ba7fa71/0031_DSC_0367/r3l23.png
A1_empty_loghi_output,Svea_Hovraett_etc_export_job_4502446_842250_Svea_Hovraett_-_Advokatfiskalens_Jaemtlands_laen__1702__-7a829e7f/0032_DSC_0368/r2l22,Svea_Hovraett_etc_export_job_4502446_842250_Svea_Hovraett_-_Advokatfiskalens_Jaemtlands_laen__1702__-7a829e7f,0032_DSC_0368,124.0,52.0,2.0,1.0,2.0,lines/Svea_Hovraett_etc_export_job_4502446_84-4ba7fa71/0032_DSC_0368/r2l22.png
A2_highest_loghi_deletion_rate,Svea_Hovraett_etc_export_job_4502444_855910_Svea_Hovraett_OCo_Advokatfiskalen_Jaemtlands_laen__1713_-b58e9491/0007_DSC_0440/line_1638889589548_2023,Svea_Hovraett_etc_export_job_4502444_855910_Svea_Hovraett_OCo_Advokatfiskalen_Jaemtlands_laen__1713_-b58e9491,0007_DSC_0440,812.0,63.0,56.0,1.0,0.21428571428571427,lines/Svea_Hovraett_etc_export_job_4502444_85-8cffc168/0007_DSC_0440/line_1638889589548_2023.png
A2_highest_loghi_deletion_rate,Svea_Hovraett_etc_export_job_4502443_858057_Svea_Hovraett_OCo_Advokatfiskalen_Jaemtlands_laen__1713_-f577f7f3/0005_DSC_0453/r1l4,Svea_Hovraett_etc_export_job_4502443_858057_Svea_Hovraett_OCo_Advokatfiskalen_Jaemtlands_laen__1713_-f577f7f3,0005_DSC_0453,641.0,114.0,48.0,0.9791666666666666,0.5,lines/Svea_Hovraett_etc_export_job_4502443_85-c2b50a04/0005_DSC_0453/r1l4.png
A2_highest_loghi_deletion_rate,Svea_Hovraett_etc_export_job_4502443_858057_Svea_Hovraett_OCo_Advokatfiskalen_Jaemtlands_laen__1713_-f577f7f3/0008_DSC_0456/r1l4,Svea_Hovraett_etc_export_job_4502443_858057_Svea_Hovraett_OCo_Advokatfiskalen_Jaemtlands_laen__1713_-f577f7f3,0008_DSC_0456,629.0,116.0,48.0,0.9791666666666666,0.5625,lines/Svea_Hovraett_etc_export_job_4502443_85-c2b50a04/0008_DSC_0456/r1l4.png
A2_highest_loghi_deletion_rate,Svea_Hovraett_etc_export_job_4502445_845640_Svea_Hovraett_-_Advokatfiskalen_Jaemtlands_laen__1702__3-6edbb12a/0025_DSC_0403/r1l43,Svea_Hovraett_etc_export_job_4502445_845640_Svea_Hovraett_-_Advokatfiskalen_Jaemtlands_laen__1702__3-6edbb12a,0025_DSC_0403,83.0,91.0,32.0,0.96875,0.9375,lines/Svea_Hovraett_etc_export_job_4502445_84-707211b8/0025_DSC_0403/r1l43.png
A2_highest_loghi_deletion_rate,Svea_Hovraett_etc_export_job_4502443_858057_Svea_Hovraett_OCo_Advokatfiskalen_Jaemtlands_laen__1713_-f577f7f3/0005_DSC_0453/r1l6,Svea_Hovraett_etc_export_job_4502443_858057_Svea_Hovraett_OCo_Advokatfiskalen_Jaemtlands_laen__1713_-f577f7f3,0005_DSC_0453,658.0,125.0,60.0,0.9833333333333333,0.55,lines/Svea_Hovraett_etc_export_job_4502443_85-c2b50a04/0005_DSC_0453/r1l6.png
A2_highest_loghi_deletion_rate,Svea_Hovraett_etc_export_job_4502443_858057_Svea_Hovraett_OCo_Advokatfiskalen_Jaemtlands_laen__1713_-f577f7f3/0003_DSC_0451/r1l11,Svea_Hovraett_etc_export_job_4502443_858057_Svea_Hovraett_OCo_Advokatfiskalen_Jaemtlands_laen__1713_-f577f7f3,0003_DSC_0451,653.0,130.0,50.0,0.96,0.46,lines/Svea_Hovraett_etc_export_job_4502443_85-c2b50a04/0003_DSC_0451/r1l11.png
A2_highest_loghi_deletion_rate,Svea_Hovraett_etc_export_job_4502443_858057_Svea_Hovraett_OCo_Advokatfiskalen_Jaemtlands_laen__1713_-f577f7f3/0004_DSC_0452/r1l10,Svea_Hovraett_etc_export_job_4502443_858057_Svea_Hovraett_OCo_Advokatfiskalen_Jaemtlands_laen__1713_-f577f7f3,0004_DSC_0452,660.0,124.0,46.0,0.9782608695652174,0.5652173913043478,lines/Svea_Hovraett_etc_export_job_4502443_85-c2b50a04/0004_DSC_0452/r1l10.png
A2_highest_loghi_deletion_rate,Svea_Hovraett_etc_export_job_4502443_858057_Svea_Hovraett_OCo_Advokatfiskalen_Jaemtlands_laen__1713_-f577f7f3/0003_DSC_0451/r1l14,Svea_Hovraett_etc_export_job_4502443_858057_Svea_Hovraett_OCo_Advokatfiskalen_Jaemtlands_laen__1713_-f577f7f3,0003_DSC_0451,670.0,135.0,45.0,0.9555555555555556,0.26666666666666666,lines/Svea_Hovraett_etc_export_job_4502443_85-c2b50a04/0003_DSC_0451/r1l14.png
A2_highest_loghi_deletion_rate,Svea_Hovraett_etc_export_job_4502445_845640_Svea_Hovraett_-_Advokatfiskalen_Jaemtlands_laen__1702__3-6edbb12a/0009_DSC_0380/r3l3,Svea_Hovraett_etc_export_job_4502445_845640_Svea_Hovraett_-_Advokatfiskalen_Jaemtlands_laen__1702__3-6edbb12a,0009_DSC_0380,667.0,150.0,39.0,0.9487179487179487,0.7692307692307693,lines/Svea_Hovraett_etc_export_job_4502445_84-707211b8/0009_DSC_0380/r3l3.png
A2_highest_loghi_deletion_rate,Svea_Hovraett_etc_export_job_4502443_858057_Svea_Hovraett_OCo_Advokatfiskalen_Jaemtlands_laen__1713_-f577f7f3/0003_DSC_0451/r1l13,Svea_Hovraett_etc_export_job_4502443_858057_Svea_Hovraett_OCo_Advokatfiskalen_Jaemtlands_laen__1713_-f577f7f3,0003_DSC_0451,668.0,126.0,47.0,0.9361702127659575,0.5319148936170213,lines/Svea_Hovraett_etc_export_job_4502443_85-c2b50a04/0003_DSC_0451/r1l13.png
A2_highest_loghi_deletion_rate,Svea_Hovraett_etc_export_job_4502443_858057_Svea_Hovraett_OCo_Advokatfiskalen_Jaemtlands_laen__1713_-f577f7f3/0003_DSC_0451/r1l2,Svea_Hovraett_etc_export_job_4502443_858057_Svea_Hovraett_OCo_Advokatfiskalen_Jaemtlands_laen__1713_-f577f7f3,0003_DSC_0451,634.0,149.0,46.0,0.9347826086956522,0.5434782608695652,lines/Svea_Hovraett_etc_export_job_4502443_85-c2b50a04/0003_DSC_0451/r1l2.png
A2_highest_loghi_deletion_rate,Svea_Hovraett_etc_export_job_4502443_858057_Svea_Hovraett_OCo_Advokatfiskalen_Jaemtlands_laen__1713_-f577f7f3/0005_DSC_0453/r1l10,Svea_Hovraett_etc_export_job_4502443_858057_Svea_Hovraett_OCo_Advokatfiskalen_Jaemtlands_laen__1713_-f577f7f3,0005_DSC_0453,678.0,125.0,55.0,0.9454545454545454,0.5272727272727272,lines/Svea_Hovraett_etc_export_job_4502443_85-c2b50a04/0005_DSC_0453/r1l10.png
A2_highest_loghi_deletion_rate,Svea_Hovraett_etc_export_job_4502446_842250_Svea_Hovraett_-_Advokatfiskalens_Jaemtlands_laen__1702__-7a829e7f/0024_DSC_0358/r2l5,Svea_Hovraett_etc_export_job_4502446_842250_Svea_Hovraett_-_Advokatfiskalens_Jaemtlands_laen__1702__-7a829e7f,0024_DSC_0358,658.0,144.0,38.0,0.9473684210526315,0.7105263157894737,lines/Svea_Hovraett_etc_export_job_4502446_84-4ba7fa71/0024_DSC_0358/r2l5.png
A2_highest_loghi_deletion_rate,Svea_Hovraett_etc_export_job_4502445_845640_Svea_Hovraett_-_Advokatfiskalen_Jaemtlands_laen__1702__3-6edbb12a/0043_DSC_0425/r1l1,Svea_Hovraett_etc_export_job_4502445_845640_Svea_Hovraett_-_Advokatfiskalen_Jaemtlands_laen__1702__3-6edbb12a,0043_DSC_0425,576.0,176.0,36.0,0.9722222222222222,0.7777777777777778,lines/Svea_Hovraett_etc_export_job_4502445_84-707211b8/0043_DSC_0425/r1l1.png
A2_highest_loghi_deletion_rate,Svea_Hovraett_etc_export_job_4502443_858057_Svea_Hovraett_OCo_Advokatfiskalen_Jaemtlands_laen__1713_-f577f7f3/0008_DSC_0456/r1l3,Svea_Hovraett_etc_export_job_4502443_858057_Svea_Hovraett_OCo_Advokatfiskalen_Jaemtlands_laen__1713_-f577f7f3,0008_DSC_0456,639.0,119.0,56.0,0.9285714285714286,0.6071428571428571,lines/Svea_Hovraett_etc_export_job_4502443_85-c2b50a04/0008_DSC_0456/r1l3.png
A2_highest_loghi_deletion_rate,Svea_Hovraett_etc_export_job_4502443_858057_Svea_Hovraett_OCo_Advokatfiskalen_Jaemtlands_laen__1713_-f577f7f3/0003_DSC_0451/r1l5,Svea_Hovraett_etc_export_job_4502443_858057_Svea_Hovraett_OCo_Advokatfiskalen_Jaemtlands_laen__1713_-f577f7f3,0003_DSC_0451,748.0,151.0,63.0,0.9206349206349206,0.6507936507936508,lines/Svea_Hovraett_etc_export_job_4502443_85-c2b50a04/0003_DSC_0451/r1l5.png
A2_highest_loghi_deletion_rate,Svea_Hovraett_etc_export_job_4502443_858057_Svea_Hovraett_OCo_Advokatfiskalen_Jaemtlands_laen__1713_-f577f7f3/0003_DSC_0451/r1l9,Svea_Hovraett_etc_export_job_4502443_858057_Svea_Hovraett_OCo_Advokatfiskalen_Jaemtlands_laen__1713_-f577f7f3,0003_DSC_0451,658.0,131.0,52.0,0.9230769230769231,0.6730769230769231,lines/Svea_Hovraett_etc_export_job_4502443_85-c2b50a04/0003_DSC_0451/r1l9.png
A2_highest_loghi_deletion_rate,Svea_Hovraett_etc_export_job_4502443_858057_Svea_Hovraett_OCo_Advokatfiskalen_Jaemtlands_laen__1713_-f577f7f3/0003_DSC_0451/r1l1,Svea_Hovraett_etc_export_job_4502443_858057_Svea_Hovraett_OCo_Advokatfiskalen_Jaemtlands_laen__1713_-f577f7f3,0003_DSC_0451,637.0,147.0,48.0,0.9375,0.3333333333333333,lines/Svea_Hovraett_etc_export_job_4502443_85-c2b50a04/0003_DSC_0451/r1l1.png
A2_highest_loghi_deletion_rate,Svea_Hovraett_etc_export_job_4502443_858057_Svea_Hovraett_OCo_Advokatfiskalen_Jaemtlands_laen__1713_-f577f7f3/0002_DSC_0450/r1l7,Svea_Hovraett_etc_export_job_4502443_858057_Svea_Hovraett_OCo_Advokatfiskalen_Jaemtlands_laen__1713_-f577f7f3,0002_DSC_0450,663.0,112.0,47.0,0.9148936170212766,0.425531914893617,lines/Svea_Hovraett_etc_export_job_4502443_85-c2b50a04/0002_DSC_0450/r1l7.png
A2_highest_loghi_deletion_rate,Svea_Hovraett_etc_export_job_4502444_855910_Svea_Hovraett_OCo_Advokatfiskalen_Jaemtlands_laen__1713_-b58e9491/0003_DSC_0436/r1l55,Svea_Hovraett_etc_export_job_4502444_855910_Svea_Hovraett_OCo_Advokatfiskalen_Jaemtlands_laen__1713_-b58e9491,0003_DSC_0436,156.0,61.0,9.0,0.8888888888888888,0.2222222222222222,lines/Svea_Hovraett_etc_export_job_4502444_85-8cffc168/0003_DSC_0436/r1l55.png
A3_largest_lion_minus_loghi_gap,Svea_Hovraett_etc_export_job_4502444_855910_Svea_Hovraett_OCo_Advokatfiskalen_Jaemtlands_laen__1713_-b58e9491/0001_DSC_0433/r1l12,Svea_Hovraett_etc_export_job_4502444_855910_Svea_Hovraett_OCo_Advokatfiskalen_Jaemtlands_laen__1713_-b58e9491,0001_DSC_0433,114.0,53.0,5.0,1.0,0.2,lines/Svea_Hovraett_etc_export_job_4502444_85-8cffc168/0001_DSC_0433/r1l12.png
A3_largest_lion_minus_loghi_gap,Svea_Hovraett_etc_export_job_4502445_845640_Svea_Hovraett_-_Advokatfiskalen_Jaemtlands_laen__1702__3-6edbb12a/0037_DSC_0419/r2l1,Svea_Hovraett_etc_export_job_4502445_845640_Svea_Hovraett_-_Advokatfiskalen_Jaemtlands_laen__1702__3-6edbb12a,0037_DSC_0419,76.0,52.0,4.0,1.0,0.25,lines/Svea_Hovraett_etc_export_job_4502445_84-707211b8/0037_DSC_0419/r2l1.png
A3_largest_lion_minus_loghi_gap,Svea_Hovraett_etc_export_job_4502446_842250_Svea_Hovraett_-_Advokatfiskalens_Jaemtlands_laen__1702__-7a829e7f/0026_DSC_0361/r2l1,Svea_Hovraett_etc_export_job_4502446_842250_Svea_Hovraett_-_Advokatfiskalens_Jaemtlands_laen__1702__-7a829e7f,0026_DSC_0361,70.0,45.0,4.0,1.0,0.25,lines/Svea_Hovraett_etc_export_job_4502446_84-4ba7fa71/0026_DSC_0361/r2l1.png
A3_largest_lion_minus_loghi_gap,Svea_Hovraett_etc_export_job_4502444_855910_Svea_Hovraett_OCo_Advokatfiskalen_Jaemtlands_laen__1713_-b58e9491/0007_DSC_0440/line_1638889589533_2015,Svea_Hovraett_etc_export_job_4502444_855910_Svea_Hovraett_OCo_Advokatfiskalen_Jaemtlands_laen__1713_-b58e9491,0007_DSC_0440,789.0,49.0,51.0,0.8823529411764706,0.17647058823529413,lines/Svea_Hovraett_etc_export_job_4502444_85-8cffc168/0007_DSC_0440/line_1638889589533_2015.png
A3_largest_lion_minus_loghi_gap,Svea_Hovraett_etc_export_job_4502443_858057_Svea_Hovraett_OCo_Advokatfiskalen_Jaemtlands_laen__1713_-f577f7f3/0008_DSC_0456/r1l13,Svea_Hovraett_etc_export_job_4502443_858057_Svea_Hovraett_OCo_Advokatfiskalen_Jaemtlands_laen__1713_-f577f7f3,0008_DSC_0456,649.0,97.0,56.0,0.8392857142857143,0.14285714285714285,lines/Svea_Hovraett_etc_export_job_4502443_85-c2b50a04/0008_DSC_0456/r1l13.png
A3_largest_lion_minus_loghi_gap,Svea_Hovraett_etc_export_job_4502445_845640_Svea_Hovraett_-_Advokatfiskalen_Jaemtlands_laen__1702__3-6edbb12a/0001_DSC_0370/r2l13,Svea_Hovraett_etc_export_job_4502445_845640_Svea_Hovraett_-_Advokatfiskalen_Jaemtlands_laen__1702__3-6edbb12a,0001_DSC_0370,718.0,140.0,44.0,0.8409090909090909,0.1590909090909091,lines/Svea_Hovraett_etc_export_job_4502445_84-707211b8/0001_DSC_0370/r2l13.png
A3_largest_lion_minus_loghi_gap,Svea_Hovraett_etc_export_job_4502444_855910_Svea_Hovraett_OCo_Advokatfiskalen_Jaemtlands_laen__1713_-b58e9491/0011_DSC_0444/r1l33,Svea_Hovraett_etc_export_job_4502444_855910_Svea_Hovraett_OCo_Advokatfiskalen_Jaemtlands_laen__1713_-b58e9491,0011_DSC_0444,58.0,61.0,3.0,1.0,0.3333333333333333,lines/Svea_Hovraett_etc_export_job_4502444_85-8cffc168/0011_DSC_0444/r1l33.png
A3_largest_lion_minus_loghi_gap,Svea_Hovraett_etc_export_job_4502444_855910_Svea_Hovraett_OCo_Advokatfiskalen_Jaemtlands_laen__1713_-b58e9491/0013_DSC_0446/r2l13,Svea_Hovraett_etc_export_job_4502444_855910_Svea_Hovraett_OCo_Advokatfiskalen_Jaemtlands_laen__1713_-b58e9491,0013_DSC_0446,40.0,46.0,3.0,1.0,0.3333333333333333,lines/Svea_Hovraett_etc_export_job_4502444_85-8cffc168/0013_DSC_0446/r2l13.png
A3_largest_lion_minus_loghi_gap,Svea_Hovraett_etc_export_job_4502444_855910_Svea_Hovraett_OCo_Advokatfiskalen_Jaemtlands_laen__1713_-b58e9491/0014_DSC_0447/r2l1,Svea_Hovraett_etc_export_job_4502444_855910_Svea_Hovraett_OCo_Advokatfiskalen_Jaemtlands_laen__1713_-b58e9491,0014_DSC_0447,44.0,59.0,3.0,1.0,0.3333333333333333,lines/Svea_Hovraett_etc_export_job_4502444_85-8cffc168/0014_DSC_0447/r2l1.png
B1_control_both_near_perfect,Svea_Hovraett_etc_export_job_4502445_845640_Svea_Hovraett_-_Advokatfiskalen_Jaemtlands_laen__1702__3-6edbb12a/0026_DSC_0404/r1l16,Svea_Hovraett_etc_export_job_4502445_845640_Svea_Hovraett_-_Advokatfiskalen_Jaemtlands_laen__1702__3-6edbb12a,0026_DSC_0404,689.0,89.0,35.0,0.02857142857142857,0.0,lines/Svea_Hovraett_etc_export_job_4502445_84-707211b8/0026_DSC_0404/r1l16.png
B1_control_both_near_perfect,Svea_Hovraett_etc_export_job_4502446_842250_Svea_Hovraett_-_Advokatfiskalens_Jaemtlands_laen__1702__-7a829e7f/0017_DSC_0350/r2l12,Svea_Hovraett_etc_export_job_4502446_842250_Svea_Hovraett_-_Advokatfiskalens_Jaemtlands_laen__1702__-7a829e7f,0017_DSC_0350,689.0,99.0,34.0,0.058823529411764705,0.029411764705882353,lines/Svea_Hovraett_etc_export_job_4502446_84-4ba7fa71/0017_DSC_0350/r2l12.png
B1_control_both_near_perfect,Svea_Hovraett_etc_export_job_4502445_845640_Svea_Hovraett_-_Advokatfiskalen_Jaemtlands_laen__1702__3-6edbb12a/0045_DSC_0427/r1l14,Svea_Hovraett_etc_export_job_4502445_845640_Svea_Hovraett_-_Advokatfiskalen_Jaemtlands_laen__1702__3-6edbb12a,0045_DSC_0427,688.0,106.0,33.0,0.09090909090909091,0.0,lines/Svea_Hovraett_etc_export_job_4502445_84-707211b8/0045_DSC_0427/r1l14.png
B1_control_both_near_perfect,Svea_Hovraett_etc_export_job_4502445_845640_Svea_Hovraett_-_Advokatfiskalen_Jaemtlands_laen__1702__3-6edbb12a/0002_DSC_0371/r1l17,Svea_Hovraett_etc_export_job_4502445_845640_Svea_Hovraett_-_Advokatfiskalen_Jaemtlands_laen__1702__3-6edbb12a,0002_DSC_0371,791.0,85.0,30.0,0.03333333333333333,0.03333333333333333,lines/Svea_Hovraett_etc_export_job_4502445_84-707211b8/0002_DSC_0371/r1l17.png
B1_control_both_near_perfect,Svea_Hovraett_etc_export_job_4502444_855910_Svea_Hovraett_OCo_Advokatfiskalen_Jaemtlands_laen__1713_-b58e9491/0005_DSC_0438/r1l30,Svea_Hovraett_etc_export_job_4502444_855910_Svea_Hovraett_OCo_Advokatfiskalen_Jaemtlands_laen__1713_-b58e9491,0005_DSC_0438,123.0,59.0,5.0,0.0,0.0,lines/Svea_Hovraett_etc_export_job_4502444_85-8cffc168/0005_DSC_0438/r1l30.png
B1_control_both_near_perfect,Svea_Hovraett_etc_export_job_4502444_855910_Svea_Hovraett_OCo_Advokatfiskalen_Jaemtlands_laen__1713_-b58e9491/0006_DSC_0439/r1l17,Svea_Hovraett_etc_export_job_4502444_855910_Svea_Hovraett_OCo_Advokatfiskalen_Jaemtlands_laen__1713_-b58e9491,0006_DSC_0439,237.0,60.0,15.0,0.06666666666666667,0.0,lines/Svea_Hovraett_etc_export_job_4502444_85-8cffc168/0006_DSC_0439/r1l17.png
B1_control_both_near_perfect,Svea_Hovraett_etc_export_job_4502446_842250_Svea_Hovraett_-_Advokatfiskalens_Jaemtlands_laen__1702__-7a829e7f/0017_DSC_0350/r3l9,Svea_Hovraett_etc_export_job_4502446_842250_Svea_Hovraett_-_Advokatfiskalens_Jaemtlands_laen__1702__-7a829e7f,0017_DSC_0350,721.0,88.0,28.0,0.0,0.0,lines/Svea_Hovraett_etc_export_job_4502446_84-4ba7fa71/0017_DSC_0350/r3l9.png
B1_control_both_near_perfect,Svea_Hovraett_etc_export_job_4502446_842250_Svea_Hovraett_-_Advokatfiskalens_Jaemtlands_laen__1702__-7a829e7f/0008_DSC_0341/r1l10,Svea_Hovraett_etc_export_job_4502446_842250_Svea_Hovraett_-_Advokatfiskalens_Jaemtlands_laen__1702__-7a829e7f,0008_DSC_0341,680.0,94.0,32.0,0.0625,0.03125,lines/Svea_Hovraett_etc_export_job_4502446_84-4ba7fa71/0008_DSC_0341/r1l10.png
B1_control_both_near_perfect,Svea_Hovraett_etc_export_job_4502446_842250_Svea_Hovraett_-_Advokatfiskalens_Jaemtlands_laen__1702__-7a829e7f/0004_DSC_0336/r1l10,Svea_Hovraett_etc_export_job_4502446_842250_Svea_Hovraett_-_Advokatfiskalens_Jaemtlands_laen__1702__-7a829e7f,0004_DSC_0336,695.0,100.0,33.0,0.030303030303030304,0.030303030303030304,lines/Svea_Hovraett_etc_export_job_4502446_84-4ba7fa71/0004_DSC_0336/r1l10.png
B1_control_both_near_perfect,Svea_Hovraett_etc_export_job_4502444_855910_Svea_Hovraett_OCo_Advokatfiskalen_Jaemtlands_laen__1713_-b58e9491/0012_DSC_0445/r1l44,Svea_Hovraett_etc_export_job_4502444_855910_Svea_Hovraett_OCo_Advokatfiskalen_Jaemtlands_laen__1713_-b58e9491,0012_DSC_0445,790.0,76.0,49.0,0.04081632653061224,0.02040816326530612,lines/Svea_Hovraett_etc_export_job_4502444_85-8cffc168/0012_DSC_0445/r1l44.png
B1_control_both_near_perfect,Svea_Hovraett_etc_export_job_4502445_845640_Svea_Hovraett_-_Advokatfiskalen_Jaemtlands_laen__1702__3-6edbb12a/0044_DSC_0426/r1l19,Svea_Hovraett_etc_export_job_4502445_845640_Svea_Hovraett_-_Advokatfiskalen_Jaemtlands_laen__1702__3-6edbb12a,0044_DSC_0426,759.0,103.0,32.0,0.09375,0.03125,lines/Svea_Hovraett_etc_export_job_4502445_84-707211b8/0044_DSC_0426/r1l19.png
B1_control_both_near_perfect,Svea_Hovraett_etc_export_job_4502445_845640_Svea_Hovraett_-_Advokatfiskalen_Jaemtlands_laen__1702__3-6edbb12a/0012_DSC_0384/r1l19,Svea_Hovraett_etc_export_job_4502445_845640_Svea_Hovraett_-_Advokatfiskalen_Jaemtlands_laen__1702__3-6edbb12a,0012_DSC_0384,721.0,100.0,33.0,0.09090909090909091,0.09090909090909091,lines/Svea_Hovraett_etc_export_job_4502445_84-707211b8/0012_DSC_0384/r1l19.png
B1_control_both_near_perfect,Svea_Hovraett_etc_export_job_4502446_842250_Svea_Hovraett_-_Advokatfiskalens_Jaemtlands_laen__1702__-7a829e7f/0014_DSC_0347/r2l18,Svea_Hovraett_etc_export_job_4502446_842250_Svea_Hovraett_-_Advokatfiskalens_Jaemtlands_laen__1702__-7a829e7f,0014_DSC_0347,455.0,84.0,19.0,0.05263157894736842,0.0,lines/Svea_Hovraett_etc_export_job_4502446_84-4ba7fa71/0014_DSC_0347/r2l18.png
B1_control_both_near_perfect,Svea_Hovraett_etc_export_job_4502445_845640_Svea_Hovraett_-_Advokatfiskalen_Jaemtlands_laen__1702__3-6edbb12a/0037_DSC_0419/r2l18,Svea_Hovraett_etc_export_job_4502445_845640_Svea_Hovraett_-_Advokatfiskalen_Jaemtlands_laen__1702__3-6edbb12a,0037_DSC_0419,677.0,97.0,31.0,0.0967741935483871,0.03225806451612903,lines/Svea_Hovraett_etc_export_job_4502445_84-707211b8/0037_DSC_0419/r2l18.png
B1_control_both_near_perfect,Svea_Hovraett_etc_export_job_4502445_845640_Svea_Hovraett_-_Advokatfiskalen_Jaemtlands_laen__1702__3-6edbb12a/0030_DSC_0408/r2l14,Svea_Hovraett_etc_export_job_4502445_845640_Svea_Hovraett_-_Advokatfiskalen_Jaemtlands_laen__1702__3-6edbb12a,0030_DSC_0408,695.0,97.0,33.0,0.06060606060606061,0.09090909090909091,lines/Svea_Hovraett_etc_export_job_4502445_84-707211b8/0030_DSC_0408/r2l14.png
B1_control_both_near_perfect,Svea_Hovraett_etc_export_job_4502443_858057_Svea_Hovraett_OCo_Advokatfiskalen_Jaemtlands_laen__1713_-f577f7f3/0002_DSC_0450/r2l7,Svea_Hovraett_etc_export_job_4502443_858057_Svea_Hovraett_OCo_Advokatfiskalen_Jaemtlands_laen__1713_-f577f7f3,0002_DSC_0450,737.0,66.0,54.0,0.037037037037037035,0.018518518518518517,lines/Svea_Hovraett_etc_export_job_4502443_85-c2b50a04/0002_DSC_0450/r2l7.png
B1_control_both_near_perfect,Svea_Hovraett_etc_export_job_4502445_845640_Svea_Hovraett_-_Advokatfiskalen_Jaemtlands_laen__1702__3-6edbb12a/0003_DSC_0372/r1l20,Svea_Hovraett_etc_export_job_4502445_845640_Svea_Hovraett_-_Advokatfiskalen_Jaemtlands_laen__1702__3-6edbb12a,0003_DSC_0372,800.0,112.0,31.0,0.0967741935483871,0.06451612903225806,lines/Svea_Hovraett_etc_export_job_4502445_84-707211b8/0003_DSC_0372/r1l20.png
B1_control_both_near_perfect,Svea_Hovraett_etc_export_job_4502446_842250_Svea_Hovraett_-_Advokatfiskalens_Jaemtlands_laen__1702__-7a829e7f/0003_DSC_0335/r1l13,Svea_Hovraett_etc_export_job_4502446_842250_Svea_Hovraett_-_Advokatfiskalens_Jaemtlands_laen__1702__-7a829e7f,0003_DSC_0335,667.0,79.0,29.0,0.06896551724137931,0.06896551724137931,lines/Svea_Hovraett_etc_export_job_4502446_84-4ba7fa71/0003_DSC_0335/r1l13.png
B1_control_both_near_perfect,Svea_Hovraett_etc_export_job_4502446_842250_Svea_Hovraett_-_Advokatfiskalens_Jaemtlands_laen__1702__-7a829e7f/0022_DSC_0356/r1l3,Svea_Hovraett_etc_export_job_4502446_842250_Svea_Hovraett_-_Advokatfiskalens_Jaemtlands_laen__1702__-7a829e7f,0022_DSC_0356,621.0,86.0,32.0,0.0625,0.0625,lines/Svea_Hovraett_etc_export_job_4502446_84-4ba7fa71/0022_DSC_0356/r1l3.png
B1_control_both_near_perfect,Svea_Hovraett_etc_export_job_4502446_842250_Svea_Hovraett_-_Advokatfiskalens_Jaemtlands_laen__1702__-7a829e7f/0030_DSC_0366/r3l10,Svea_Hovraett_etc_export_job_4502446_842250_Svea_Hovraett_-_Advokatfiskalens_Jaemtlands_laen__1702__-7a829e7f,0030_DSC_0366,723.0,97.0,33.0,0.06060606060606061,0.0,lines/Svea_Hovraett_etc_export_job_4502446_84-4ba7fa71/0030_DSC_0366/r3l10.png
