document,page_id,lines,loghi_cer,lion_cer,gap_lion_minus_loghi,loghi_empties,catastrophic_loghi,catastrophic_lion,mean_width,mean_aspect_ratio
4502443,0003_DSC_0451,52,0.5775510204081633,0.2926530612244898,-0.2848979591836735,3,27,12,641.1923076923077,6.881105267618958
4502443,0005_DSC_0453,54,0.4787556904400607,0.21282245827010624,-0.26593323216995446,1,21,6,679.0185185185185,7.72093015504354
4502444,0007_DSC_0440,55,0.42887776983559683,0.18406004288777697,-0.24481772694781986,2,19,4,720.2181818181818,11.00460512064381
4502444,0015_DSC_0448,38,0.4048582995951417,0.16936572199730093,-0.23549257759784076,0,11,2,545.3684210526316,6.7663936909431035
4502444,0010_DSC_0443,50,0.35859820700896494,0.1263243683781581,-0.23227383863080683,0,8,0,672.86,8.452737980521011
4502443,0008_DSC_0456,52,0.4367469879518072,0.21557659208261618,-0.22117039586919104,2,17,7,607.7115384615385,7.398481935141815
4502446,0001_DSC_0332,20,0.32,0.1,-0.22,1,4,1,594.5,5.591055363786979
4502443,0002_DSC_0450,54,0.38304943913585376,0.1686746987951807,-0.21437474034067305,0,19,4,653.3148148148148,7.6344865080804745
4502444,0009_DSC_0442,53,0.4005837285662167,0.19591390003648304,-0.20466982852973367,1,14,5,660.0566037735849,8.820518748678825
4502444,0011_DSC_0444,52,0.33579638752052543,0.13382594417077176,-0.20197044334975367,0,11,1,694.1346153846154,7.9409500906175605
4502443,0001_DSC_0449,25,0.3088235294117647,0.10726643598615918,-0.20155709342560554,1,3,0,718.4,8.400487161692372
4502444,0003_DSC_0436,54,0.3609271523178808,0.16225165562913907,-0.19867549668874174,0,16,1,675.5555555555555,9.038657366755741
4502444,0001_DSC_0433,27,0.29022988505747127,0.09674329501915709,-0.1934865900383142,2,6,2,626.0,7.06577641849045
4502446,0025_DSC_0359,38,0.32148900169204736,0.1319796954314721,-0.18950930626057527,0,9,1,613.6842105263158,5.993812854899136
4502445,0001_DSC_0370,24,0.44587628865979384,0.25773195876288657,-0.18814432989690727,0,11,6,649.375,5.895520536163905
4502444,0013_DSC_0446,57,0.2931918008784773,0.11896046852122986,-0.17423133235724741,1,6,0,694.0526315789474,8.341673273096475
4502446,0011_DSC_0344,41,0.35303265940902023,0.17884914463452567,-0.17418351477449456,0,13,4,646.1951219512196,6.251064857527936
4502444,0004_DSC_0437,59,0.31519065190651907,0.14421894218942188,-0.1709717097170972,0,8,0,721.0508474576271,9.493760621949042
4502445,0002_DSC_0371,42,0.35424636572302987,0.18439173680183626,-0.1698546289211936,1,13,4,666.9761904761905,6.4156967097661015
4502445,0043_DSC_0425,45,0.4372093023255814,0.27109634551495015,-0.16611295681063126,1,18,9,629.1555555555556,6.141920894958524
4502443,0007_DSC_0455,51,0.3055675442382391,0.13983599482088907,-0.16573154941735005,0,12,3,640.2941176470588,7.6013289228829874
4502445,0012_DSC_0384,45,0.34407848633496846,0.1800981079187106,-0.16398037841625787,0,10,3,655.9777777777778,6.572266962204589
4502443,0006_DSC_0454,56,0.32326174008008735,0.16053876956680013,-0.1627229705132872,1,13,4,682.6785714285714,8.381203414934912
4502445,0019_DSC_0396,43,0.3459167950693374,0.18412942989214176,-0.16178736517719566,2,9,2,629.7209302325581,6.542385995424698
4502445,0033_DSC_0412,45,0.4068241469816273,0.24868766404199474,-0.15813648293963253,1,13,8,651.3111111111111,6.870335243636292
4502445,0028_DSC_0406,45,0.356551724137931,0.2,-0.156551724137931,2,12,6,618.6666666666666,5.863587721580367
4502446,0006_DSC_0339,41,0.2973186119873817,0.1411671924290221,-0.1561514195583596,1,8,3,606.2926829268292,5.809445242052513
4502443,0004_DSC_0452,53,0.32142857142857145,0.16573033707865167,-0.15569823434991978,0,12,5,673.1698113207547,8.425694913102133
4502445,0022_DSC_0399,44,0.3491346877351392,0.1948833709556057,-0.15425131677953352,0,7,3,625.75,6.40594040924141
4502445,0026_DSC_0404,44,0.3262108262108262,0.17663817663817663,-0.14957264957264957,1,9,5,621.0909090909091,5.802149916788287
4502446,0020_DSC_0353,42,0.27420546932742057,0.12490761271249076,-0.1492978566149298,2,7,2,627.3571428571429,6.15793790763022
4502446,0007_DSC_0340,43,0.2714701601164483,0.12299854439592431,-0.148471615720524,1,4,4,652.0,6.607991892768386
4502445,0040_DSC_0422,43,0.4289793004996431,0.2819414703783012,-0.14703783012134192,1,16,9,635.0697674418604,5.872620365255678
4502445,0038_DSC_0420,43,0.3884057971014493,0.2427536231884058,-0.1456521739130435,0,10,5,629.953488372093,5.739853647366117
4502445,0047_DSC_0429,42,0.3692411924119241,0.22628726287262874,-0.14295392953929537,1,14,8,692.9047619047619,6.409767636104417
4502444,0014_DSC_0447,56,0.3285766556897183,0.19099890230515917,-0.1375777533845591,1,9,5,708.625,8.744862676148388
4502445,0025_DSC_0403,45,0.43209007741027444,0.2955665024630542,-0.13652357494722023,0,14,9,617.5333333333333,6.050342453472916
4502446,0003_DSC_0335,41,0.2450476889214967,0.10931768158473955,-0.13573000733675716,0,4,0,655.2926829268292,6.629754456122028
4502446,0010_DSC_0343,43,0.26850507982583455,0.1328011611030479,-0.13570391872278664,0,6,2,646.1860465116279,6.609776299901907
4502445,0042_DSC_0424,46,0.4708704592186429,0.33584647018505825,-0.13502398903358465,0,18,11,611.5434782608696,5.891645179262813
4502446,0021_DSC_0355,43,0.3502949852507375,0.2153392330383481,-0.1349557522123894,0,13,6,641.8139534883721,6.082325363465697
4502446,0029_DSC_0365,40,0.25227272727272726,0.11742424242424243,-0.13484848484848483,1,7,2,657.075,6.411429355756631
4502446,0004_DSC_0336,43,0.23951670220326937,0.10518834399431415,-0.13432835820895522,0,5,0,654.2558139534884,6.5683983402091055
4502444,0002_DSC_0435,53,0.24678863370961462,0.11405216037368626,-0.13273647333592836,1,4,0,695.0566037735849,9.108899879415892
4502445,0013_DSC_0385,41,0.4078460399703923,0.2753515914137676,-0.13249444855662473,1,14,7,662.8780487804878,6.488285474125039
4502445,0023_DSC_0400,45,0.3243616287094548,0.19392684610075914,-0.13043478260869565,0,8,5,662.9333333333333,6.665731553655376
4502445,0021_DSC_0398,44,0.3848334514528703,0.25442948263642806,-0.13040396881644223,3,10,6,632.5681818181819,6.41787853225323
4502445,0024_DSC_0401,45,0.31735657225853303,0.18736383442265794,-0.1299927378358751,1,9,7,648.7777777777778,6.723198972421642
4502444,0008_DSC_0441,56,0.2506116742397763,0.12093673540720028,-0.12967493883257603,1,4,0,698.9107142857143,9.367678085806515
4502445,0027_DSC_0405,45,0.35714285714285715,0.22759103641456582,-0.12955182072829133,2,11,8,635.3555555555556,6.074096657318631
4502446,0015_DSC_0348,43,0.26410658307210033,0.13479623824451412,-0.12931034482758622,1,5,1,611.5116279069767,6.639046172697237
4502446,0014_DSC_0347,43,0.3,0.1708955223880597,-0.1291044776119403,0,9,4,611.0697674418604,6.195045609280555
4502445,0004_DSC_0374,45,0.38533429187634793,0.2573687994248742,-0.12796549245147376,0,16,9,682.7111111111111,6.280355925411928
4502446,0022_DSC_0356,42,0.23414634146341465,0.10650406504065041,-0.12764227642276424,1,4,1,603.4047619047619,6.354912239088868
4502445,0030_DSC_0408,45,0.3579507651363939,0.23087159015302727,-0.12707917498336663,0,12,7,624.0888888888888,6.588963703692708
4502446,0031_DSC_0367,40,0.2361111111111111,0.11029411764705882,-0.12581699346405228,2,4,2,670.45,6.63857447405797
4502445,0035_DSC_0415,43,0.3067226890756303,0.18137254901960784,-0.12535014005602244,0,8,5,662.8372093023256,6.5637419849337935
4502445,0044_DSC_0426,43,0.43243243243243246,0.3078078078078078,-0.12462462462462465,0,16,11,632.6279069767442,5.784271945577903
4502445,0029_DSC_0407,44,0.3261744966442953,0.20201342281879195,-0.12416107382550337,2,10,5,625.5227272727273,6.277584431688104
4502445,0006_DSC_0377,44,0.31096681096681095,0.18686868686868688,-0.12409812409812407,0,9,4,634.8181818181819,6.365992254751251
4502446,0019_DSC_0352,42,0.25816249050873197,0.13439635535307518,-0.12376613515565679,3,6,3,640.2380952380952,6.552904081591311
4502445,0008_DSC_0379,45,0.3860430586488493,0.2642910170749814,-0.12175204157386788,0,13,8,661.2666666666667,6.22374111564585
4502445,0032_DSC_0411,41,0.3090909090909091,0.18787878787878787,-0.12121212121212122,0,6,3,660.8048780487804,6.690917846670063
4502446,0016_DSC_0349,40,0.2635135135135135,0.14273648648648649,-0.120777027027027,0,6,3,634.4,6.404979943636434
4502446,0009_DSC_0342,43,0.23201174743024963,0.11160058737151249,-0.12041116005873714,0,5,1,668.9069767441861,6.667405474265771
4502446,0013_DSC_0346,42,0.2608695652173913,0.14202898550724638,-0.11884057971014492,1,6,2,658.547619047619,6.753624062745599
4502445,0010_DSC_0381,44,0.33154259401381425,0.21335379892555642,-0.11818879508825783,0,8,6,653.1818181818181,6.290116766963521
4502446,0024_DSC_0358,41,0.28391167192429023,0.167192429022082,-0.11671924290220823,0,4,4,611.7317073170732,6.0570692986746275
4502445,0045_DSC_0427,45,0.37439779766001374,0.258086717136958,-0.11631108052305572,1,14,10,620.5555555555555,5.8695415921962875
4502445,0049_DSC_0432,42,0.3562962962962963,0.24,-0.11629629629629629,0,8,6,651.7142857142857,6.218111266021057
4502445,0009_DSC_0380,41,0.3290468986384266,0.21331316187594554,-0.11573373676248108,0,8,6,653.9024390243902,6.335163654128702
4502445,0020_DSC_0397,45,0.3173943173943174,0.20166320166320167,-0.11573111573111572,0,7,3,626.8,6.648218610854239
4502445,0007_DSC_0378,44,0.3855421686746988,0.2710843373493976,-0.11445783132530124,0,11,8,625.0681818181819,5.949362382673758
4502446,0032_DSC_0368,43,0.23202372127501852,0.1178650852483321,-0.11415863602668642,1,5,1,644.0930232558139,6.9707088338134575
4502445,0018_DSC_0392,45,0.4092159559834938,0.29573590096286106,-0.11348005502063274,2,14,11,671.6,6.181305266078649
4502444,0005_DSC_0438,56,0.22954461310625693,0.11625323954091077,-0.11329137356534616,0,4,1,694.8928571428571,8.844851995482552
4502445,0034_DSC_0413,45,0.2804195804195804,0.16713286713286712,-0.1132867132867133,1,6,5,620.3111111111111,6.709999765631378
4502445,0016_DSC_0390,45,0.34316353887399464,0.2312332439678284,-0.11193029490616624,1,10,7,654.6888888888889,6.698511316600592
4502446,0018_DSC_0351,43,0.22648335745296672,0.1150506512301013,-0.11143270622286541,0,2,1,642.9069767441861,6.642812758196123
4502446,0030_DSC_0366,39,0.22231614539306846,0.11158072696534235,-0.1107354184277261,1,6,3,657.1282051282051,6.362624450418014
4502445,0048_DSC_0430,44,0.41915336571825124,0.30881332408049966,-0.11034004163775157,0,15,13,616.4772727272727,5.653070954681906
4502445,0015_DSC_0389,44,0.4075931232091691,0.2994269340974212,-0.10816618911174786,2,13,8,619.1590909090909,6.3722660156111655
4502445,0014_DSC_0386,45,0.29239766081871343,0.18640350877192982,-0.10599415204678361,0,8,5,663.6222222222223,6.863403723914315
4502446,0005_DSC_0337,43,0.24061302681992336,0.13486590038314175,-0.10574712643678161,0,7,3,654.3720930232558,6.336520323984828
4502446,0012_DSC_0345,39,0.23993288590604026,0.13506711409395974,-0.10486577181208051,0,5,2,653.0769230769231,6.353204093545368
4502446,0002_DSC_0333,42,0.24372759856630824,0.14050179211469535,-0.10322580645161289,1,6,1,673.1666666666666,6.606794416288194
4502445,0031_DSC_0410,44,0.29403508771929826,0.19157894736842104,-0.10245614035087722,1,9,6,633.7727272727273,6.6727153226555656
4502446,0026_DSC_0361,40,0.31711026615969584,0.21901140684410647,-0.09809885931558937,0,11,8,654.375,6.458513583866333
4502446,0017_DSC_0350,41,0.2353870458135861,0.1382306477093207,-0.0971563981042654,0,5,2,654.3658536585366,6.549477715614938
4502446,0008_DSC_0341,43,0.20601503759398496,0.10902255639097744,-0.09699248120300752,0,2,1,651.7441860465116,6.647630087213226
4502445,0036_DSC_0418,45,0.2815126050420168,0.18487394957983194,-0.09663865546218486,0,8,5,651.6444444444444,6.491901540038499
4502446,0028_DSC_0364,41,0.2503805175038052,0.15449010654490106,-0.09589041095890413,0,5,2,690.4634146341464,6.958880554654778
4502446,0023_DSC_0357,41,0.22021943573667713,0.12460815047021943,-0.0956112852664577,1,5,2,637.0731707317074,6.457400455895499
4502445,0041_DSC_0423,46,0.40738299274884643,0.3131179960448253,-0.09426499670402111,1,16,12,652.3260869565217,6.330089481898628
4502444,0012_DSC_0445,53,0.20272435897435898,0.10897435897435898,-0.09375,0,0,0,731.2264150943396,9.981548333175331
4502444,0006_DSC_0439,57,0.20679785330948122,0.11305903398926655,-0.09373881932021468,1,5,2,670.0526315789474,9.56667191282486
4502445,0005_DSC_0375,45,0.3307745987438939,0.23866015352407538,-0.09211444521981854,3,12,9,661.1111111111111,6.339681425827615
4502445,0037_DSC_0419,44,0.2906888720666162,0.2036336109008327,-0.08705526116578349,0,7,5,599.0454545454545,6.260934612129375
4502446,0033_DSC_0369,14,0.23660714285714285,0.14955357142857142,-0.08705357142857142,0,1,1,641.3571428571429,6.299866223315844
4502446,0027_DSC_0362,37,0.21353251318101935,0.12917398945518455,-0.0843585237258348,0,2,2,636.5675675675676,6.451098922819598
4502445,0003_DSC_0372,44,0.31714087439278277,0.23317140874392783,-0.08396946564885494,1,11,8,705.2954545454545,6.573990741153197
4502445,0011_DSC_0383,42,0.37728658536585363,0.29573170731707316,-0.08155487804878048,1,10,11,637.7857142857143,6.239846675447389
4502445,0046_DSC_0428,43,0.31211498973305957,0.23477070499657768,-0.07734428473648189,1,7,7,647.6744186046511,6.757467126830558
4502445,0039_DSC_0421,44,0.32707028531663185,0.25748086290883787,-0.06958942240779398,0,9,8,648.8636363636364,6.145542657178935
4502445,0017_DSC_0391,45,0.341329677861549,0.2762165867032214,-0.06511309115832759,1,15,10,632.4,6.673549039896871
