metric,4502442,4502443,4502444,4502445,4502446,candidate_total,training_ref
lines,1661,595,776,2137,1317,6486,40983
characters,40418,25734,37812,68549,41311,213824,1119124
words,7383,4376,6227,12279,7280,37545,180930
mean_chars_per_line,24.33,43.25,48.73,32.08,31.37,32.97,27.31
pct_lines_ending_-,0.0,8.739,9.923,20.917,11.314,11.178,0.061
pct_lines_ending_¬,2.709,1.513,0.0,0.0,0.0,0.833,27.336
mid_sentence_capitalized_pct,9.381,19.448,18.243,16.749,16.412,15.822,31.724
digits_per10k_chars,95.502,101.034,123.241,148.361,114.739,121.736,146.427
;_per10k_chars,0.0,0.0,0.0,0.0,0.0,0.0,9.829
:_per10k_chars,27.958,11.658,0.0,0.0,1.937,7.062,35.903
",_per10k_chars",95.997,50.517,68.497,114.517,150.081,102.047,124.195
._per10k_chars,74.967,91.319,112.398,215.32,168.478,146.616,135.204
(_per10k_chars,0.0,0.0,0.0,0.0,0.0,0.0,0.027
)_per10k_chars,0.0,0.0,0.0,0.0,0.0,0.0,0.018
&_per10k_chars,0.0,0.0,0.0,0.0,0.0,0.0,0.098
§_per10k_chars,0.0,0.777,0.529,2.918,2.421,1.59,0.465
½_per10k_chars,0.495,1.166,1.322,1.751,2.179,1.45,0.134
/_per10k_chars,0.0,3.109,5.554,0.584,0.242,1.59,7.872
'_per10k_chars,0.0,0.0,0.0,0.0,0.0,0.0,0.018
"""_per10k_chars",0.0,0.0,0.0,0.0,0.0,0.0,0.054
"hist_hw- (hwar, hwilken)_per1000_words",12.597,10.512,10.76,12.705,11.813,11.932,10.656
hist_qw- (qwinna)_per1000_words,0.135,0.457,1.285,0.57,0.137,0.506,0.497
"hist_dh (medh, godh)_per1000_words",38.873,22.395,32.761,1.955,2.473,16.806,0.26
"hist_fw (hafwa, af)_per1000_words",21.265,22.166,22.483,21.011,20.604,21.361,23.374
"hist_ff (aff, ...)_per1000_words",18.962,16.91,18.147,18.894,19.093,18.591,9.672
hist_ck word-final_per1000_words,1.761,2.742,3.694,2.688,3.571,2.85,4.035
hist_æ_per1000_words,0.271,0.0,0.0,0.0,0.0,0.053,2.172
hist_ß_per1000_words,0.0,0.0,0.0,0.0,0.0,0.0,5.953
hist_ſ long s_per1000_words,0.0,0.0,0.0,0.0,0.0,0.0,0.0
A1_abbr_candidates_per1000_words,12.326,20.567,24.089,47.887,38.874,32.015,53.877
