group,mark,codepoint,line_final,line_final_pct_of_lines,internal_letter_mark_letter,internal_space_mark_space,line_initial,next_line_starts_lower,next_line_starts_upper,next_line_starts_other,next_line_not_in_candidate
4502442,-,U+002D,0,0.0,0,0,0,0,0,0,0
4502442,¬,U+00AC,45,2.709,0,0,0,37,8,0,0
4502442,=,U+003D,0,0.0,0,0,0,0,0,0,0
4502442,⸗,U+2E17,0,0.0,0,0,0,0,0,0,0
4502442,‐,U+2010,0,0.0,0,0,0,0,0,0,0
4502442,‑,U+2011,0,0.0,0,0,0,0,0,0,0
4502442,–,U+2013,0,0.0,0,0,0,0,0,0,0
4502442,—,U+2014,0,0.0,0,0,0,0,0,0,0
4502443,-,U+002D,52,8.739,0,0,0,52,0,0,0
4502443,¬,U+00AC,9,1.513,0,0,0,9,0,0,0
4502443,=,U+003D,0,0.0,0,0,0,0,0,0,0
4502443,⸗,U+2E17,0,0.0,0,0,0,0,0,0,0
4502443,‐,U+2010,0,0.0,0,0,0,0,0,0,0
4502443,‑,U+2011,0,0.0,0,0,0,0,0,0,0
4502443,–,U+2013,0,0.0,0,0,0,0,0,0,0
4502443,—,U+2014,0,0.0,0,0,0,0,0,0,0
4502444,-,U+002D,77,9.923,0,0,0,77,0,0,0
4502444,¬,U+00AC,0,0.0,0,0,0,0,0,0,0
4502444,=,U+003D,0,0.0,0,0,0,0,0,0,0
4502444,⸗,U+2E17,0,0.0,0,0,0,0,0,0,0
4502444,‐,U+2010,0,0.0,0,0,0,0,0,0,0
4502444,‑,U+2011,0,0.0,0,0,0,0,0,0,0
4502444,–,U+2013,0,0.0,0,2,0,0,0,0,0
4502444,—,U+2014,0,0.0,0,0,0,0,0,0,0
4502445,-,U+002D,447,20.917,0,1,1,418,14,7,8
4502445,¬,U+00AC,0,0.0,0,0,0,0,0,0,0
4502445,=,U+003D,0,0.0,0,0,0,0,0,0,0
4502445,⸗,U+2E17,0,0.0,0,0,0,0,0,0,0
4502445,‐,U+2010,0,0.0,0,0,0,0,0,0,0
4502445,‑,U+2011,0,0.0,0,0,0,0,0,0,0
4502445,–,U+2013,0,0.0,0,0,0,0,0,0,0
4502445,—,U+2014,0,0.0,0,0,0,0,0,0,0
4502446,-,U+002D,149,11.314,1,0,0,138,5,2,4
4502446,¬,U+00AC,0,0.0,0,0,0,0,0,0,0
4502446,=,U+003D,0,0.0,0,0,0,0,0,0,0
4502446,⸗,U+2E17,0,0.0,0,0,0,0,0,0,0
4502446,‐,U+2010,0,0.0,0,0,0,0,0,0,0
4502446,‑,U+2011,0,0.0,0,0,0,0,0,0,0
4502446,–,U+2013,0,0.0,0,0,0,0,0,0,0
4502446,—,U+2014,0,0.0,0,0,0,0,0,0,0
candidate_total,-,U+002D,725,11.178,1,1,1,685,19,9,12
candidate_total,¬,U+00AC,54,0.833,0,0,0,46,8,0,0
candidate_total,=,U+003D,0,0.0,0,0,0,0,0,0,0
candidate_total,⸗,U+2E17,0,0.0,0,0,0,0,0,0,0
candidate_total,‐,U+2010,0,0.0,0,0,0,0,0,0,0
candidate_total,‑,U+2011,0,0.0,0,0,0,0,0,0,0
candidate_total,–,U+2013,0,0.0,0,2,0,0,0,0,0
candidate_total,—,U+2014,0,0.0,0,0,0,0,0,0,0
training_ref,-,U+002D,25,0.061,28,4,3,0,0,0,0
training_ref,¬,U+00AC,11203,27.336,0,0,0,0,0,0,0
training_ref,=,U+003D,0,0.0,0,1,0,0,0,0,0
training_ref,⸗,U+2E17,0,0.0,0,0,0,0,0,0,0
training_ref,‐,U+2010,0,0.0,0,0,0,0,0,0,0
training_ref,‑,U+2011,0,0.0,0,0,0,0,0,0,0
training_ref,–,U+2013,0,0.0,0,0,0,0,0,0,0
training_ref,—,U+2014,3,0.007,0,0,15,0,0,0,0
