char,codepoint,name,count_4502442,count_4502443,count_4502444,count_4502445,count_4502446,count_candidate_total,count_training_ref,per10k_4502442,per10k_4502443,per10k_4502444,per10k_4502445,per10k_4502446,per10k_candidate_total,per10k_training_ref,line_final_4502442,line_final_4502443,line_final_4502444,line_final_4502445,line_final_4502446,line_final_candidate_total,line_final_training_ref,line_initial_4502442,line_initial_4502443,line_initial_4502444,line_initial_4502445,line_initial_4502446,line_initial_candidate_total,line_initial_training_ref
!,U+0021,EXCLAMATION MARK,0,0,0,0,0,0,1,0.0,0.0,0.0,0.0,0.0,0.0,0.009,0,0,0,0,0,0,0,0,0,0,0,0,0,0
"""",U+0022,QUOTATION MARK,0,0,0,0,0,0,6,0.0,0.0,0.0,0.0,0.0,0.0,0.054,0,0,0,0,0,0,0,0,0,0,0,0,0,0
#,U+0023,NUMBER SIGN,0,0,0,0,0,0,2,0.0,0.0,0.0,0.0,0.0,0.0,0.018,0,0,0,0,0,0,1,0,0,0,0,0,0,1
&,U+0026,AMPERSAND,0,0,0,0,0,0,11,0.0,0.0,0.0,0.0,0.0,0.0,0.098,0,0,0,0,0,0,1,0,0,0,0,0,0,1
',U+0027,APOSTROPHE,0,0,0,0,0,0,2,0.0,0.0,0.0,0.0,0.0,0.0,0.018,0,0,0,0,0,0,0,0,0,0,0,0,0,0
(,U+0028,LEFT PARENTHESIS,0,0,0,0,0,0,3,0.0,0.0,0.0,0.0,0.0,0.0,0.027,0,0,0,0,0,0,0,0,0,0,0,0,0,0
),U+0029,RIGHT PARENTHESIS,0,0,0,0,0,0,2,0.0,0.0,0.0,0.0,0.0,0.0,0.018,0,0,0,0,0,0,0,0,0,0,0,0,0,0
+,U+002B,PLUS SIGN,0,0,2,0,0,2,3,0.0,0.0,0.529,0.0,0.0,0.094,0.027,0,0,0,0,0,0,0,0,0,0,0,0,0,1
",",U+002C,COMMA,388,130,259,785,620,2182,13899,95.997,50.517,68.497,114.517,150.081,102.047,124.195,8,7,16,73,54,158,2175,1,0,0,0,0,1,1
-,U+002D,HYPHEN-MINUS,0,52,79,453,154,738,81,0.0,20.207,20.893,66.084,37.278,34.514,0.724,0,52,77,447,149,725,25,0,0,0,1,0,1,3
.,U+002E,FULL STOP,303,235,425,1476,696,3135,15131,74.967,91.319,112.398,215.32,168.478,146.616,135.204,174,58,100,286,163,781,5326,61,0,0,0,0,61,3
/,U+002F,SOLIDUS,0,8,21,4,1,34,881,0.0,3.109,5.554,0.584,0.242,1.59,7.872,0,0,0,0,0,0,79,0,0,0,0,0,0,2
:,U+003A,COLON,113,30,0,0,8,151,4018,27.958,11.658,0.0,0.0,1.937,7.062,35.903,1,1,0,0,0,2,575,1,0,0,0,0,1,0
;,U+003B,SEMICOLON,0,0,0,0,0,0,1100,0.0,0.0,0.0,0.0,0.0,0.0,9.829,0,0,0,0,0,0,192,0,0,0,0,0,0,0
<,U+003C,LESS-THAN SIGN,0,0,0,0,0,0,16,0.0,0.0,0.0,0.0,0.0,0.0,0.143,0,0,0,0,0,0,9,0,0,0,0,0,0,0
=,U+003D,EQUALS SIGN,0,0,0,0,0,0,1,0.0,0.0,0.0,0.0,0.0,0.0,0.009,0,0,0,0,0,0,0,0,0,0,0,0,0,0
?,U+003F,QUESTION MARK,0,0,1,3,2,6,88,0.0,0.0,0.264,0.438,0.484,0.281,0.786,0,0,0,1,0,1,20,0,0,0,0,0,0,0
|,U+007C,VERTICAL LINE,0,0,0,0,0,0,2,0.0,0.0,0.0,0.0,0.0,0.0,0.018,0,0,0,0,0,0,1,0,0,0,0,0,0,0
},U+007D,RIGHT CURLY BRACKET,0,0,0,0,0,0,8,0.0,0.0,0.0,0.0,0.0,0.0,0.071,0,0,0,0,0,0,0,0,0,0,0,0,0,8
§,U+00A7,SECTION SIGN,0,2,2,20,10,34,52,0.0,0.777,0.529,2.918,2.421,1.59,0.465,0,0,0,0,0,0,3,0,0,0,1,0,1,0
¨,U+00A8,DIAERESIS,0,0,0,1,0,1,0,0.0,0.0,0.0,0.146,0.0,0.047,0.0,0,0,0,1,0,1,0,0,0,0,0,0,0,0
¬,U+00AC,NOT SIGN,45,9,0,0,0,54,11217,11.134,3.497,0.0,0.0,0.0,2.525,100.23,45,9,0,0,0,54,11203,0,0,0,0,0,0,0
–,U+2013,EN DASH,0,0,2,0,0,2,0,0.0,0.0,0.529,0.0,0.0,0.094,0.0,0,0,0,0,0,0,0,0,0,0,0,0,0,0
—,U+2014,EM DASH,0,0,0,0,0,0,20,0.0,0.0,0.0,0.0,0.0,0.0,0.179,0,0,0,0,0,0,3,0,0,0,0,0,0,15
⁒,U+2052,COMMERCIAL MINUS SIGN,0,0,0,0,0,0,3,0.0,0.0,0.0,0.0,0.0,0.0,0.027,0,0,0,0,0,0,0,0,0,0,0,0,0,0
