char,codepoint,name,category,in_loghi_charset,count_4502442,count_4502443,count_4502444,count_4502445,count_4502446,count_candidate_total,count_training_ref,per10k_4502442,per10k_4502443,per10k_4502444,per10k_4502445,per10k_4502446,per10k_candidate_total,per10k_training_ref
 ,U+0020,SPACE,Zs,True,5724,3782,5452,10157,5967,31082,139977,1416.201,1469.651,1441.87,1481.714,1444.409,1453.625,1250.773
!,U+0021,EXCLAMATION MARK,Po,True,0,0,0,0,0,0,1,0.0,0.0,0.0,0.0,0.0,0.0,0.009
"""",U+0022,QUOTATION MARK,Po,True,0,0,0,0,0,0,6,0.0,0.0,0.0,0.0,0.0,0.0,0.054
#,U+0023,NUMBER SIGN,Po,True,0,0,0,0,0,0,2,0.0,0.0,0.0,0.0,0.0,0.0,0.018
&,U+0026,AMPERSAND,Po,True,0,0,0,0,0,0,11,0.0,0.0,0.0,0.0,0.0,0.0,0.098
',U+0027,APOSTROPHE,Po,True,0,0,0,0,0,0,2,0.0,0.0,0.0,0.0,0.0,0.0,0.018
(,U+0028,LEFT PARENTHESIS,Ps,True,0,0,0,0,0,0,3,0.0,0.0,0.0,0.0,0.0,0.0,0.027
),U+0029,RIGHT PARENTHESIS,Pe,True,0,0,0,0,0,0,2,0.0,0.0,0.0,0.0,0.0,0.0,0.018
+,U+002B,PLUS SIGN,Sm,True,0,0,2,0,0,2,3,0.0,0.0,0.529,0.0,0.0,0.094,0.027
",",U+002C,COMMA,Po,True,388,130,259,785,620,2182,13899,95.997,50.517,68.497,114.517,150.081,102.047,124.195
-,U+002D,HYPHEN-MINUS,Pd,True,0,52,79,453,154,738,81,0.0,20.207,20.893,66.084,37.278,34.514,0.724
.,U+002E,FULL STOP,Po,True,303,235,425,1476,696,3135,15131,74.967,91.319,112.398,215.32,168.478,146.616,135.204
/,U+002F,SOLIDUS,Po,True,0,8,21,4,1,34,881,0.0,3.109,5.554,0.584,0.242,1.59,7.872
0,U+0030,DIGIT ZERO,Nd,True,13,16,30,87,34,180,1533,3.216,6.217,7.934,12.692,8.23,8.418,13.698
1,U+0031,DIGIT ONE,Nd,True,91,88,141,226,123,669,3751,22.515,34.196,37.29,32.969,29.774,31.287,33.517
2,U+0032,DIGIT TWO,Nd,True,105,40,84,130,83,442,2255,25.979,15.544,22.215,18.965,20.092,20.671,20.15
3,U+0033,DIGIT THREE,Nd,True,38,24,43,115,47,267,1479,9.402,9.326,11.372,16.776,11.377,12.487,13.216
4,U+0034,DIGIT FOUR,Nd,True,16,16,29,69,40,170,1308,3.959,6.217,7.67,10.066,9.683,7.95,11.688
5,U+0035,DIGIT FIVE,Nd,True,14,8,26,46,24,118,1135,3.464,3.109,6.876,6.711,5.81,5.519,10.142
6,U+0036,DIGIT SIX,Nd,True,54,22,30,134,51,291,1084,13.36,8.549,7.934,19.548,12.345,13.609,9.686
7,U+0037,DIGIT SEVEN,Nd,True,17,28,55,61,19,180,1723,4.206,10.881,14.546,8.899,4.599,8.418,15.396
8,U+0038,DIGIT EIGHT,Nd,True,24,11,15,65,26,141,999,5.938,4.275,3.967,9.482,6.294,6.594,8.927
9,U+0039,DIGIT NINE,Nd,True,14,7,13,84,27,145,1120,3.464,2.72,3.438,12.254,6.536,6.781,10.008
:,U+003A,COLON,Po,True,113,30,0,0,8,151,4018,27.958,11.658,0.0,0.0,1.937,7.062,35.903
;,U+003B,SEMICOLON,Po,True,0,0,0,0,0,0,1100,0.0,0.0,0.0,0.0,0.0,0.0,9.829
<,U+003C,LESS-THAN SIGN,Sm,True,0,0,0,0,0,0,16,0.0,0.0,0.0,0.0,0.0,0.0,0.143
=,U+003D,EQUALS SIGN,Sm,True,0,0,0,0,0,0,1,0.0,0.0,0.0,0.0,0.0,0.0,0.009
?,U+003F,QUESTION MARK,Po,True,0,0,1,3,2,6,88,0.0,0.0,0.264,0.438,0.484,0.281,0.786
A,U+0041,LATIN CAPITAL LETTER A,Lu,True,22,15,24,99,43,203,4004,5.443,5.829,6.347,14.442,10.409,9.494,35.778
B,U+0042,LATIN CAPITAL LETTER B,Lu,True,72,75,59,162,119,487,2747,17.814,29.144,15.604,23.633,28.806,22.776,24.546
C,U+0043,LATIN CAPITAL LETTER C,Lu,True,15,22,57,138,70,302,4320,3.711,8.549,15.075,20.132,16.945,14.124,38.602
D,U+0044,LATIN CAPITAL LETTER D,Lu,True,13,21,48,149,54,285,1785,3.216,8.16,12.694,21.736,13.072,13.329,15.95
E,U+0045,LATIN CAPITAL LETTER E,Lu,True,75,50,81,99,147,452,2192,18.556,19.43,21.422,14.442,35.584,21.139,19.587
F,U+0046,LATIN CAPITAL LETTER F,Lu,True,14,22,32,87,46,201,2910,3.464,8.549,8.463,12.692,11.135,9.4,26.002
G,U+0047,LATIN CAPITAL LETTER G,Lu,True,22,20,18,43,12,115,2078,5.443,7.772,4.76,6.273,2.905,5.378,18.568
H,U+0048,LATIN CAPITAL LETTER H,Lu,True,54,134,110,251,124,673,5785,13.36,52.071,29.091,36.616,30.016,31.474,51.692
I,U+0049,LATIN CAPITAL LETTER I,Lu,True,17,11,11,35,12,86,563,4.206,4.275,2.909,5.106,2.905,4.022,5.031
J,U+004A,LATIN CAPITAL LETTER J,Lu,True,73,67,77,66,41,324,2689,18.061,26.036,20.364,9.628,9.925,15.153,24.028
K,U+004B,LATIN CAPITAL LETTER K,Lu,True,25,21,27,93,34,200,3930,6.185,8.16,7.141,13.567,8.23,9.353,35.117
L,U+004C,LATIN CAPITAL LETTER L,Lu,True,31,39,100,135,80,385,2812,7.67,15.155,26.447,19.694,19.365,18.005,25.127
M,U+004D,LATIN CAPITAL LETTER M,Lu,True,49,20,78,269,116,532,2623,12.123,7.772,20.628,39.242,28.08,24.88,23.438
N,U+004E,LATIN CAPITAL LETTER N,Lu,True,43,51,29,113,62,298,1228,10.639,19.818,7.67,16.485,15.008,13.937,10.973
O,U+004F,LATIN CAPITAL LETTER O,Lu,True,48,13,19,93,62,235,1641,11.876,5.052,5.025,13.567,15.008,10.99,14.663
P,U+0050,LATIN CAPITAL LETTER P,Lu,True,87,60,93,176,86,502,1938,21.525,23.315,24.595,25.675,20.818,23.477,17.317
Q,U+0051,LATIN CAPITAL LETTER Q,Lu,True,0,2,3,0,0,5,32,0.0,0.777,0.793,0.0,0.0,0.234,0.286
R,U+0052,LATIN CAPITAL LETTER R,Lu,True,23,75,104,56,40,298,5004,5.691,29.144,27.504,8.169,9.683,13.937,44.714
S,U+0053,LATIN CAPITAL LETTER S,Lu,True,57,139,185,280,151,812,7307,14.103,54.014,48.926,40.847,36.552,37.975,65.292
T,U+0054,LATIN CAPITAL LETTER T,Lu,True,24,30,19,31,27,131,1253,5.938,11.658,5.025,4.522,6.536,6.127,11.196
U,U+0055,LATIN CAPITAL LETTER U,Lu,True,0,3,4,15,17,39,1083,0.0,1.166,1.058,2.188,4.115,1.824,9.677
V,U+0056,LATIN CAPITAL LETTER V,Lu,True,1,2,0,6,1,10,384,0.247,0.777,0.0,0.875,0.242,0.468,3.431
W,U+0057,LATIN CAPITAL LETTER W,Lu,True,4,11,9,24,27,75,2199,0.99,4.275,2.38,3.501,6.536,3.508,19.649
X,U+0058,LATIN CAPITAL LETTER X,Lu,True,0,0,0,0,0,0,4,0.0,0.0,0.0,0.0,0.0,0.0,0.036
Y,U+0059,LATIN CAPITAL LETTER Y,Lu,True,1,0,0,3,3,7,8,0.247,0.0,0.0,0.438,0.726,0.327,0.071
Z,U+005A,LATIN CAPITAL LETTER Z,Lu,True,0,0,3,0,1,4,35,0.0,0.0,0.793,0.0,0.242,0.187,0.313
a,U+0061,LATIN SMALL LETTER A,Ll,True,2442,1701,2512,4609,2789,14053,71798,604.186,660.993,664.339,672.366,675.123,657.223,641.555
b,U+0062,LATIN SMALL LETTER B,Ll,True,423,243,348,639,385,2038,11633,104.656,94.428,92.034,93.218,93.196,95.312,103.947
c,U+0063,LATIN SMALL LETTER C,Ll,True,407,299,435,702,447,2290,16417,100.698,116.189,115.043,102.408,108.204,107.097,146.695
d,U+0064,LATIN SMALL LETTER D,Ll,True,1931,996,1462,2925,1834,9148,42475,477.757,387.037,386.65,426.702,443.95,427.828,379.538
e,U+0065,LATIN SMALL LETTER E,Ll,True,4063,2039,3095,5495,3479,18171,99740,1005.245,792.337,818.523,801.616,842.149,849.811,891.233
f,U+0066,LATIN SMALL LETTER F,Ll,True,1089,705,934,1766,1023,5517,25841,269.434,273.957,247.012,257.626,247.634,258.016,230.904
g,U+0067,LATIN SMALL LETTER G,Ll,True,880,548,895,1352,870,4545,23720,217.725,212.948,236.697,197.231,210.598,212.558,211.951
h,U+0068,LATIN SMALL LETTER H,Ll,True,1755,850,1272,2071,1207,7155,26183,434.212,330.302,336.401,302.12,292.174,334.621,233.96
i,U+0069,LATIN SMALL LETTER I,Ll,True,1810,1165,1561,2614,1589,8739,50947,447.82,452.708,412.832,381.333,384.643,408.701,455.24
j,U+006A,LATIN SMALL LETTER J,Ll,True,166,28,35,14,29,272,3434,41.071,10.881,9.256,2.042,7.02,12.721,30.685
k,U+006B,LATIN SMALL LETTER K,Ll,True,554,350,503,1001,633,3041,13614,137.068,136.007,133.027,146.027,153.228,142.22,121.649
l,U+006C,LATIN SMALL LETTER L,Ll,True,1633,1109,1576,2925,1902,9145,44019,404.028,430.947,416.799,426.702,460.41,427.688,393.334
m,U+006D,LATIN SMALL LETTER M,Ll,True,890,720,1060,1560,922,5152,27548,220.199,279.785,280.334,227.574,223.185,240.946,246.157
n,U+006E,LATIN SMALL LETTER N,Ll,True,2958,2063,2932,4632,2623,15208,76024,731.852,801.663,775.415,675.721,634.94,711.239,679.317
o,U+006F,LATIN SMALL LETTER O,Ll,True,1422,963,1285,2385,1510,7565,40437,351.823,374.213,339.839,347.926,365.52,353.796,361.327
p,U+0070,LATIN SMALL LETTER P,Ll,True,303,176,328,533,340,1680,9264,74.967,68.392,86.745,77.755,82.303,78.569,82.779
q,U+0071,LATIN SMALL LETTER Q,Ll,True,5,4,16,28,10,63,845,1.237,1.554,4.231,4.085,2.421,2.946,7.551
r,U+0072,LATIN SMALL LETTER R,Ll,True,2393,1303,2027,3639,2152,11514,69556,592.063,506.334,536.073,530.861,520.927,538.48,621.522
s,U+0073,LATIN SMALL LETTER S,Ll,True,2047,1446,1821,3251,2147,10712,50592,506.458,561.903,481.593,474.259,519.716,500.973,452.068
t,U+0074,LATIN SMALL LETTER T,Ll,True,2761,1579,2532,4474,2746,14092,66828,683.111,613.585,669.629,652.672,664.714,659.047,597.146
u,U+0075,LATIN SMALL LETTER U,Ll,True,459,443,624,858,535,2919,19818,113.563,172.146,165.027,125.166,129.505,136.514,177.085
v,U+0076,LATIN SMALL LETTER V,Ll,True,9,7,22,42,20,100,3340,2.227,2.72,5.818,6.127,4.841,4.677,29.845
w,U+0077,LATIN SMALL LETTER W,Ll,True,529,322,518,1000,582,2951,13711,130.882,125.126,136.994,145.881,140.883,138.011,122.515
x,U+0078,LATIN SMALL LETTER X,Ll,True,7,21,16,25,12,81,960,1.732,8.16,4.231,3.647,2.905,3.788,8.578
y,U+0079,LATIN SMALL LETTER Y,Ll,True,82,159,305,543,338,1427,2607,20.288,61.786,80.662,79.213,81.818,66.737,23.295
z,U+007A,LATIN SMALL LETTER Z,Ll,True,99,35,91,100,78,403,1494,24.494,13.601,24.066,14.588,18.881,18.847,13.35
|,U+007C,VERTICAL LINE,Sm,True,0,0,0,0,0,0,2,0.0,0.0,0.0,0.0,0.0,0.0,0.018
},U+007D,RIGHT CURLY BRACKET,Pe,True,0,0,0,0,0,0,8,0.0,0.0,0.0,0.0,0.0,0.0,0.071
§,U+00A7,SECTION SIGN,Po,True,0,2,2,20,10,34,52,0.0,0.777,0.529,2.918,2.421,1.59,0.465
¨,U+00A8,DIAERESIS,Sk,True,0,0,0,1,0,1,0,0.0,0.0,0.0,0.146,0.0,0.047,0.0
¬,U+00AC,NOT SIGN,Sm,True,45,9,0,0,0,54,11217,11.134,3.497,0.0,0.0,0.0,2.525,100.23
¼,U+00BC,VULGAR FRACTION ONE QUARTER,No,False,0,0,0,1,0,1,0,0.0,0.0,0.0,0.146,0.0,0.047,0.0
½,U+00BD,VULGAR FRACTION ONE HALF,No,True,2,3,5,12,9,31,15,0.495,1.166,1.322,1.751,2.179,1.45,0.134
Ä,U+00C4,LATIN CAPITAL LETTER A WITH DIAERESIS,Lu,True,1,0,0,2,0,3,385,0.247,0.0,0.0,0.292,0.0,0.14,3.44
Å,U+00C5,LATIN CAPITAL LETTER A WITH RING ABOVE,Lu,True,4,0,1,1,9,15,407,0.99,0.0,0.264,0.146,2.179,0.702,3.637
Ö,U+00D6,LATIN CAPITAL LETTER O WITH DIAERESIS,Lu,True,5,2,5,8,3,23,419,1.237,0.777,1.322,1.167,0.726,1.076,3.744
Ü,U+00DC,LATIN CAPITAL LETTER U WITH DIAERESIS,Lu,False,0,0,0,0,0,0,1,0.0,0.0,0.0,0.0,0.0,0.0,0.009
ß,U+00DF,LATIN SMALL LETTER SHARP S,Ll,True,0,0,0,0,0,0,1077,0.0,0.0,0.0,0.0,0.0,0.0,9.624
à,U+00E0,LATIN SMALL LETTER A WITH GRAVE,Ll,True,0,0,0,0,0,0,1,0.0,0.0,0.0,0.0,0.0,0.0,0.009
á,U+00E1,LATIN SMALL LETTER A WITH ACUTE,Ll,True,0,0,0,0,0,0,15,0.0,0.0,0.0,0.0,0.0,0.0,0.134
ä,U+00E4,LATIN SMALL LETTER A WITH DIAERESIS,Ll,True,483,345,577,1029,599,3033,15550,119.501,134.064,152.597,150.112,144.998,141.846,138.948
å,U+00E5,LATIN SMALL LETTER A WITH RING ABOVE,Ll,True,478,384,631,1116,694,3303,11997,118.264,149.219,166.878,162.803,167.994,154.473,107.2
æ,U+00E6,LATIN SMALL LETTER AE,Ll,False,2,0,0,0,0,2,393,0.495,0.0,0.0,0.0,0.0,0.094,3.512
é,U+00E9,LATIN SMALL LETTER E WITH ACUTE,Ll,True,0,0,0,0,0,0,92,0.0,0.0,0.0,0.0,0.0,0.0,0.822
ë,U+00EB,LATIN SMALL LETTER E WITH DIAERESIS,Ll,True,0,0,0,0,0,0,13,0.0,0.0,0.0,0.0,0.0,0.0,0.116
ö,U+00F6,LATIN SMALL LETTER O WITH DIAERESIS,Ll,True,597,315,489,858,488,2747,12343,147.706,122.406,129.324,125.166,118.128,128.47,110.292
ü,U+00FC,LATIN SMALL LETTER U WITH DIAERESIS,Ll,True,0,0,0,0,0,0,102,0.0,0.0,0.0,0.0,0.0,0.0,0.911
Ψ,U+03A8,GREEK CAPITAL LETTER PSI,Lu,False,0,0,0,0,0,0,2,0.0,0.0,0.0,0.0,0.0,0.0,0.018
ӕ,U+04D5,CYRILLIC SMALL LIGATURE A IE,Ll,False,0,0,0,0,0,0,1,0.0,0.0,0.0,0.0,0.0,0.0,0.009
َ,U+064E,ARABIC FATHA,Mn,False,0,0,0,0,0,0,1,0.0,0.0,0.0,0.0,0.0,0.0,0.009
–,U+2013,EN DASH,Pd,True,0,0,2,0,0,2,0,0.0,0.0,0.529,0.0,0.0,0.094,0.0
—,U+2014,EM DASH,Pd,True,0,0,0,0,0,0,20,0.0,0.0,0.0,0.0,0.0,0.0,0.179
⁒,U+2052,COMMERCIAL MINUS SIGN,Sm,False,0,0,0,0,0,0,3,0.0,0.0,0.0,0.0,0.0,0.0,0.027
