tag,optimizer_iterations,learning_rate,loss,CER_metric,WER_metric
train_begin,0,9.999999747378752e-05,,,
batch_end_step_500,500,9.998569294111803e-05,41.6972770690918,0.33475178480148315,0.9661608934402466
batch_end_step_1000,1000,9.997139568440616e-05,39.60652542114258,0.3223206102848053,0.9621565341949463
batch_end_step_1500,1500,9.995709115173668e-05,38.26319122314453,0.31327441334724426,0.9606237411499023
batch_end_step_2000,2000,9.994280117098242e-05,37.39326477050781,0.3066052794456482,0.9577761292457581
batch_end_step_2500,2500,9.992851119022816e-05,36.5329704284668,0.3003148138523102,0.9559275507926941
batch_end_step_3000,3000,9.99142139335163e-05,35.86356735229492,0.29526442289352417,0.954449474811554
batch_end_step_3500,3500,9.989992395276204e-05,35.212501525878906,0.2904585301876068,0.9525035619735718
batch_end_step_4000,4000,9.988563397200778e-05,34.685096740722656,0.28613829612731934,0.9510261416435242
batch_end_step_4500,4500,9.987135126721114e-05,34.20703125,0.28230607509613037,0.9496240019798279
batch_end_step_5000,5000,9.98570685624145e-05,33.798824310302734,0.27887803316116333,0.9483170509338379
batch_end_step_5500,5500,9.984278585761786e-05,33.434391021728516,0.2758200168609619,0.9469978213310242
batch_end_step_6000,6000,9.982850315282121e-05,33.013221740722656,0.2726139426231384,0.9455032348632812
batch_end_step_6500,6500,9.981422772398219e-05,32.633567810058594,0.269499808549881,0.944621205329895
batch_end_step_7000,7000,9.979995229514316e-05,32.249820709228516,0.2663460671901703,0.9430806636810303
batch_end_step_7500,7500,9.978567686630413e-05,31.882057189941406,0.2635052800178528,0.9416877031326294
batch_end_step_8000,8000,9.977140871342272e-05,31.546567916870117,0.26063331961631775,0.9398918747901917
batch_end_step_8500,8500,9.97571405605413e-05,31.240135192871094,0.2581160068511963,0.9386880993843079
batch_end_step_9000,9000,9.974287240765989e-05,30.940513610839844,0.2557344138622284,0.9374099373817444
batch_end_step_9500,9500,9.972860425477847e-05,30.629045486450195,0.2533264458179474,0.935957670211792
batch_end_step_10000,10000,9.971434337785468e-05,30.377422332763672,0.2511254847049713,0.9349371194839478
batch_end_step_10500,10500,9.970007522497326e-05,30.094303131103516,0.2489045262336731,0.9337165951728821
batch_end_step_11000,11000,9.968582162400708e-05,29.861446380615234,0.24694746732711792,0.932544469833374
batch_end_step_11500,11500,9.967156074708328e-05,29.619766235351562,0.24494953453540802,0.9315504431724548
batch_end_step_12000,12000,9.965730714611709e-05,29.390562057495117,0.2430456578731537,0.9306750893592834
batch_end_step_12500,12500,9.96430535451509e-05,29.15591049194336,0.2411707490682602,0.9293057322502136
batch_end_step_13000,13000,9.962880722014233e-05,28.933439254760742,0.2393440306186676,0.9282382726669312
batch_end_step_13500,13500,9.961455361917615e-05,28.724279403686523,0.2376510202884674,0.9267182350158691
batch_end_step_14000,14000,9.960030729416758e-05,28.533540725708008,0.23603878915309906,0.9255748391151428
batch_end_step_14500,14500,9.958606096915901e-05,28.352333068847656,0.23447884619235992,0.9247289299964905
batch_end_step_15000,15000,9.957182192010805e-05,28.163530349731445,0.2329244315624237,0.9237062931060791
batch_end_step_15500,15500,9.955757559509948e-05,27.984100341796875,0.2314309924840927,0.9227818250656128
batch_end_step_16000,16000,9.954333654604852e-05,27.817546844482422,0.23004402220249176,0.9219120740890503
batch_end_step_16500,16500,9.952910477295518e-05,27.640810012817383,0.2285979688167572,0.9208141565322876
batch_end_step_17000,17000,9.951486572390422e-05,27.47955322265625,0.2272789478302002,0.9200083613395691
batch_end_step_17500,17500,9.950063395081088e-05,27.322160720825195,0.2259904444217682,0.9192913174629211
batch_end_step_18000,18000,9.948640217771754e-05,27.148174285888672,0.2246652990579605,0.918258011341095
batch_end_step_18500,18500,9.947217768058181e-05,26.98731231689453,0.22339250147342682,0.9171546697616577
batch_end_step_19000,19000,9.945794590748847e-05,26.8441219329834,0.22217994928359985,0.916385293006897
batch_end_step_19500,19500,9.944372868631035e-05,26.69911003112793,0.2209680676460266,0.9154632091522217
batch_end_step_20000,20000,9.942950418917462e-05,26.560537338256836,0.21979081630706787,0.9146320223808289
batch_end_step_20500,20500,9.94152796920389e-05,26.426530838012695,0.218705952167511,0.9138798117637634
batch_end_step_21000,21000,9.940106247086078e-05,26.290847778320312,0.21759362518787384,0.913074254989624
batch_end_step_21500,21500,9.938684524968266e-05,26.157346725463867,0.21647727489471436,0.9123380184173584
batch_end_step_22000,22000,9.937262802850455e-05,26.039714813232422,0.2155025601387024,0.9115966558456421
batch_end_step_22500,22500,9.935841808328405e-05,25.923015594482422,0.21454556286334991,0.9109370112419128
batch_end_step_23000,23000,9.934420813806355e-05,25.793624877929688,0.2134731262922287,0.9100862145423889
batch_end_step_23500,23500,9.932999819284305e-05,25.683837890625,0.21252985298633575,0.9094362258911133
batch_end_step_24000,24000,9.931578824762255e-05,25.575031280517578,0.21160711348056793,0.9087416529655457
batch_end_step_24500,24500,9.930158557835966e-05,25.465721130371094,0.21068786084651947,0.9080182313919067
batch_end_step_25000,25000,9.928739018505439e-05,25.346086502075195,0.20972248911857605,0.9071289300918579
batch_end_step_25500,25500,9.92731875157915e-05,25.24183464050293,0.20888569951057434,0.9064752459526062
batch_end_step_26000,26000,9.925898484652862e-05,25.15424919128418,0.20811915397644043,0.9058430194854736
batch_end_step_26500,26500,9.924478945322335e-05,25.05117416381836,0.20730233192443848,0.9052688479423523
batch_end_step_27000,27000,9.923059405991808e-05,24.94788932800293,0.20644663274288177,0.9045262932777405
batch_end_step_27500,27500,9.921640594257042e-05,24.849224090576172,0.20562094449996948,0.9038106799125671
batch_end_step_28000,28000,9.920221054926515e-05,24.754117965698242,0.20480863749980927,0.9030381441116333
batch_end_step_28500,28500,9.91880297078751e-05,24.658491134643555,0.20403818786144257,0.9025446176528931
batch_end_step_29000,29000,9.917384159052745e-05,24.563066482543945,0.20327803492546082,0.901845395565033
batch_end_step_29500,29500,9.915965347317979e-05,24.480209350585938,0.20256692171096802,0.9011241793632507
batch_end_step_30000,30000,9.914547263178974e-05,24.38153648376465,0.2017856240272522,0.9004998803138733
batch_end_step_30500,30500,9.913129906635731e-05,24.29615592956543,0.2010406106710434,0.8998141288757324
batch_end_step_31000,31000,9.911711822496727e-05,24.211915969848633,0.20035555958747864,0.8992270231246948
batch_end_step_31500,31500,9.910294465953484e-05,24.115663528442383,0.1995900273323059,0.8985613584518433
batch_end_step_32000,32000,9.908877109410241e-05,24.032197952270508,0.1989075094461441,0.8979353308677673
batch_end_step_32500,32500,9.907459025271237e-05,23.944379806518555,0.19817933440208435,0.8973100185394287
batch_end_step_33000,33000,9.906042396323755e-05,23.873411178588867,0.19757473468780518,0.8968550562858582
batch_end_step_33500,33500,9.904625767376274e-05,23.792585372924805,0.19691599905490875,0.8962942957878113
batch_end_step_34000,34000,9.903209138428792e-05,23.7176456451416,0.19627909362316132,0.8958247900009155
batch_end_step_34500,34500,9.901792509481311e-05,23.638465881347656,0.19563576579093933,0.895304262638092
batch_end_step_35000,35000,9.900376608129591e-05,23.55746078491211,0.1949855089187622,0.8948646187782288
train_end,35099,9.900096483761445e-05,23.543516159057617,0.19487333297729492,0.8947499394416809
