collection,corpus_cer,corpus_wer,line_error_rate,mean_per_line_cer,sample_count,mean_confidence
alvsborgs_losen,0.2860322760155815,0.5201698513800425,0.9010989010989011,0.279464239020311,91,0.7049851651497923
jonkopings_radhusratt_och_magistrat,0.25930301240401654,0.7072758037225042,0.989010989010989,0.2528932044324094,91,0.7262319865135046
gota_hovratt,0.2399013259327783,0.6181172291296625,0.978021978021978,0.2486422217616763,91,0.7733111771253439
bergmastaren_i_nora_htr,0.23294629898403482,0.6673960612691466,0.9560439560439561,0.23145046163031066,91,0.7584574325726583
trolldomskommissionen,0.2204724409448819,0.5807017543859649,0.9555555555555556,0.21089227017620185,90,0.7834557944494817
krigshovrattens_dombocker,0.16660953033938977,0.4930139720558882,0.8791208791208791,0.16483243913518655,91,0.8182651714145482
goteborgs_poliskammare_fore_1900,0.1341513292433538,0.40540540540540543,0.8461538461538461,0.14627296000362194,91,0.8832877166978605
carl_fredrik_pahlmans_resejournaler,0.11729171910395167,0.39473684210526316,0.945054945054945,0.12097838926357034,91,0.883850674707811
svea_hovratt,0.1153104512148091,0.38235294117647056,0.8681318681318682,0.11856755440269702,91,0.8887940501118754
frihetstidens_utskottshandlingar,0.09867330016583747,0.36829268292682926,0.8241758241758241,0.11260210172509595,91,0.8789066010779076
bergskollegium_relationer_och_skrivelser,0.05714285714285714,0.2318840579710145,0.7142857142857143,0.05468037404561649,91,0.9463145483981122
