collection,exp0_corpus_cer,exp1_corpus_cer,cer_delta,exp0_corpus_wer,exp1_corpus_wer,wer_delta
alvsborgs_losen,0.2760155815247635,0.2860322760155815,0.01,0.5031847133757962,0.5201698513800425,0.017
bergmastaren_i_nora_htr,0.2195210449927431,0.23294629898403482,0.0134,0.6389496717724289,0.6673960612691466,0.0284
bergskollegium_relationer_och_skrivelser,0.05641025641025641,0.05714285714285714,0.0007,0.2277432712215321,0.2318840579710145,0.0041
carl_fredrik_pahlmans_resejournaler,0.11855021394412282,0.11729171910395167,-0.0013,0.402046783625731,0.39473684210526316,-0.0073
frihetstidens_utskottshandlingar,0.09950248756218906,0.09867330016583747,-0.0008,0.36585365853658536,0.36829268292682926,0.0024
gota_hovratt,0.22818378045020044,0.2399013259327783,0.0117,0.5985790408525755,0.6181172291296625,0.0195
goteborgs_poliskammare_fore_1900,0.13374233128834356,0.1341513292433538,0.0004,0.40540540540540543,0.40540540540540543,0.0
jonkopings_radhusratt_och_magistrat,0.26580035440047256,0.25930301240401654,-0.0065,0.7326565143824028,0.7072758037225042,-0.0254
krigshovrattens_dombocker,0.164552622557422,0.16660953033938977,0.0021,0.48502994011976047,0.4930139720558882,0.008
svea_hovratt,0.11723871962977246,0.1153104512148091,-0.0019,0.40441176470588236,0.38235294117647056,-0.0221
trolldomskommissionen,0.2225923682616596,0.2204724409448819,-0.0021,0.5877192982456141,0.5807017543859649,-0.007
