geometry_key,bucket,n,range,loghi_official_mean_cer,loghi_padded_mean_cer,lion_mean_cer,loghi_official_empty_rate,loghi_padded_empty_rate
by_width,0,945,"[24.0, 651.0]",0.5377,0.5503,0.3443,0.0741,0.145
by_width,1,935,"[652.0, 682.0]",0.3966,0.3966,0.2577,0.0011,0.0011
by_width,2,906,"[683.0, 706.0]",0.3005,0.3005,0.1649,0.0,0.0
by_width,3,933,"[707.0, 740.0]",0.2694,0.2694,0.1405,0.0,0.0
by_width,4,908,"[741.0, 936.0]",0.2514,0.2514,0.1163,0.0,0.0
by_aspect_ratio,0,926,"[0.31645569620253167, 5.691666666666666]",0.6425,0.6554,0.436,0.0767,0.149
by_aspect_ratio,1,925,"[5.693548387096774, 6.673076923076923]",0.3599,0.3599,0.1955,0.0,0.0
by_aspect_ratio,2,925,"[6.673267326732673, 7.376146788990826]",0.2568,0.2567,0.1324,0.0,0.0
by_aspect_ratio,3,925,"[7.376237623762377, 8.493827160493828]",0.2595,0.2595,0.1474,0.0,0.0
by_aspect_ratio,4,926,"[8.493975903614459, 17.47826086956522]",0.2433,0.2433,0.1177,0.0,0.0
by_pixel_area,0,926,"[1240.0, 54285.0]",0.4462,0.4591,0.2589,0.0745,0.1469
by_pixel_area,1,925,"[54312.0, 63356.0]",0.2529,0.2529,0.1296,0.0,0.0
by_pixel_area,2,925,"[63360.0, 69870.0]",0.2803,0.2803,0.1552,0.0,0.0
by_pixel_area,3,925,"[69871.0, 77376.0]",0.3144,0.3144,0.1788,0.0,0.0
by_pixel_area,4,926,"[77380.0, 169035.0]",0.4682,0.4682,0.3064,0.0022,0.0022
by_ref_chars,0,1107,"[1.0, 31.0]",0.4238,0.4346,0.2621,0.0623,0.1229
by_ref_chars,1,938,"[32.0, 34.0]",0.2863,0.2863,0.177,0.0,0.0
by_ref_chars,2,924,"[35.0, 37.0]",0.3263,0.3263,0.1947,0.0,0.0
by_ref_chars,3,774,"[38.0, 47.0]",0.3744,0.3744,0.226,0.0,0.0
by_ref_chars,4,884,"[48.0, 77.0]",0.3414,0.3414,0.1599,0.0023,0.0023
