collection,page_xml,page,page_nr,text_regions,source_lines_geometric,source_lines_with_gt,source_lines_empty_gt,pct_source_lines_with_gt,retained_lines,protocol_excluded_lines,missing_gt_lines,retained_chars,retained_words,median_nonspace_chars_per_gt_line,mean_nonspace_chars_per_gt_line,short_lines_le3,pct_short_lines,unfinished_tail_lines,internal_empty_lines
4502442,Svea Hovra╠êtt etc/export_job_4502442/858109/Svea_Hovra╠êtt_ÔÇô_Advokatfiskalen_Ja╠êmtlands_la╠ên_(1708)_320_ÔÇô_350_/page/0001_DSC_0549.xml,0001_DSC_0549,1,3,31,31,0,100.0,31,0,0,616,104,20,17.52,7,22.581,0,0
4502442,Svea Hovra╠êtt etc/export_job_4502442/858109/Svea_Hovra╠êtt_ÔÇô_Advokatfiskalen_Ja╠êmtlands_la╠ên_(1708)_320_ÔÇô_350_/page/0002_DSC_0550.xml,0002_DSC_0550,2,2,56,56,0,100.0,56,0,0,1641,292,28.5,25.09,3,5.357,0,0
4502442,Svea Hovra╠êtt etc/export_job_4502442/858109/Svea_Hovra╠êtt_ÔÇô_Advokatfiskalen_Ja╠êmtlands_la╠ên_(1708)_320_ÔÇô_350_/page/0003_DSC_0551.xml,0003_DSC_0551,3,5,61,61,0,100.0,61,0,0,1525,270,25,21.57,9,14.754,0,0
4502442,Svea Hovra╠êtt etc/export_job_4502442/858109/Svea_Hovra╠êtt_ÔÇô_Advokatfiskalen_Ja╠êmtlands_la╠ên_(1708)_320_ÔÇô_350_/page/0004_DSC_0552.xml,0004_DSC_0552,4,3,55,55,0,100.0,55,0,0,1607,275,28,25.22,6,10.909,0,0
4502442,Svea Hovra╠êtt etc/export_job_4502442/858109/Svea_Hovra╠êtt_ÔÇô_Advokatfiskalen_Ja╠êmtlands_la╠ên_(1708)_320_ÔÇô_350_/page/0005_DSC_0553.xml,0005_DSC_0553,5,5,61,61,0,100.0,61,0,0,1412,249,25,20.05,15,24.59,0,0
4502442,Svea Hovra╠êtt etc/export_job_4502442/858109/Svea_Hovra╠êtt_ÔÇô_Advokatfiskalen_Ja╠êmtlands_la╠ên_(1708)_320_ÔÇô_350_/page/0006_DSC_0554.xml,0006_DSC_0554,6,3,53,53,0,100.0,53,0,0,1457,263,25,23.53,5,9.434,0,0
4502442,Svea Hovra╠êtt etc/export_job_4502442/858109/Svea_Hovra╠êtt_ÔÇô_Advokatfiskalen_Ja╠êmtlands_la╠ên_(1708)_320_ÔÇô_350_/page/0007_DSC_0555.xml,0007_DSC_0555,7,3,55,55,0,100.0,55,0,0,1517,289,27,23.33,8,14.545,0,0
4502442,Svea Hovra╠êtt etc/export_job_4502442/858109/Svea_Hovra╠êtt_ÔÇô_Advokatfiskalen_Ja╠êmtlands_la╠ên_(1708)_320_ÔÇô_350_/page/0008_DSC_0556.xml,0008_DSC_0556,8,3,57,57,0,100.0,57,0,0,1410,258,27,21.21,10,17.544,0,0
4502442,Svea Hovra╠êtt etc/export_job_4502442/858109/Svea_Hovra╠êtt_ÔÇô_Advokatfiskalen_Ja╠êmtlands_la╠ên_(1708)_320_ÔÇô_350_/page/0009_DSC_0557.xml,0009_DSC_0557,9,3,57,57,0,100.0,57,0,0,1489,285,26,22.12,9,15.789,0,0
4502442,Svea Hovra╠êtt etc/export_job_4502442/858109/Svea_Hovra╠êtt_ÔÇô_Advokatfiskalen_Ja╠êmtlands_la╠ên_(1708)_320_ÔÇô_350_/page/0010_DSC_0558.xml,0010_DSC_0558,10,3,53,53,0,100.0,53,0,0,1370,245,25,22.23,6,11.321,0,0
4502442,Svea Hovra╠êtt etc/export_job_4502442/858109/Svea_Hovra╠êtt_ÔÇô_Advokatfiskalen_Ja╠êmtlands_la╠ên_(1708)_320_ÔÇô_350_/page/0011_DSC_0559.xml,0011_DSC_0559,11,2,60,60,0,100.0,60,0,0,1335,249,22.5,19.1,12,20.0,0,0
4502442,Svea Hovra╠êtt etc/export_job_4502442/858109/Svea_Hovra╠êtt_ÔÇô_Advokatfiskalen_Ja╠êmtlands_la╠ên_(1708)_320_ÔÇô_350_/page/0012_DSC_0560.xml,0012_DSC_0560,12,3,53,53,0,100.0,53,0,0,1341,238,25,21.81,6,11.321,0,0
4502442,Svea Hovra╠êtt etc/export_job_4502442/858109/Svea_Hovra╠êtt_ÔÇô_Advokatfiskalen_Ja╠êmtlands_la╠ên_(1708)_320_ÔÇô_350_/page/0013_DSC_0561.xml,0013_DSC_0561,13,4,57,57,0,100.0,57,0,0,1412,256,24,21.28,6,10.526,0,0
4502442,Svea Hovra╠êtt etc/export_job_4502442/858109/Svea_Hovra╠êtt_ÔÇô_Advokatfiskalen_Ja╠êmtlands_la╠ên_(1708)_320_ÔÇô_350_/page/0014_DSC_0562.xml,0014_DSC_0562,14,2,59,59,0,100.0,59,0,0,1316,241,22,19.22,9,15.254,0,0
4502442,Svea Hovra╠êtt etc/export_job_4502442/858109/Svea_Hovra╠êtt_ÔÇô_Advokatfiskalen_Ja╠êmtlands_la╠ên_(1708)_320_ÔÇô_350_/page/0015_DSC_0563.xml,0015_DSC_0563,15,3,57,57,0,100.0,57,0,0,1358,262,23,20.23,9,15.789,0,0
4502442,Svea Hovra╠êtt etc/export_job_4502442/858109/Svea_Hovra╠êtt_ÔÇô_Advokatfiskalen_Ja╠êmtlands_la╠ên_(1708)_320_ÔÇô_350_/page/0016_DSC_0564.xml,0016_DSC_0564,16,3,55,55,0,100.0,55,0,0,1394,256,25,21.69,6,10.909,0,0
4502442,Svea Hovra╠êtt etc/export_job_4502442/858109/Svea_Hovra╠êtt_ÔÇô_Advokatfiskalen_Ja╠êmtlands_la╠ên_(1708)_320_ÔÇô_350_/page/0017_DSC_0565.xml,0017_DSC_0565,17,2,52,52,0,100.0,52,0,0,1348,242,25.0,22.27,4,7.692,0,0
4502442,Svea Hovra╠êtt etc/export_job_4502442/858109/Svea_Hovra╠êtt_ÔÇô_Advokatfiskalen_Ja╠êmtlands_la╠ên_(1708)_320_ÔÇô_350_/page/0018_DSC_0566.xml,0018_DSC_0566,18,4,56,56,0,100.0,56,0,0,1308,245,25.0,19.98,10,17.857,0,0
4502442,Svea Hovra╠êtt etc/export_job_4502442/858109/Svea_Hovra╠êtt_ÔÇô_Advokatfiskalen_Ja╠êmtlands_la╠ên_(1708)_320_ÔÇô_350_/page/0019_DSC_0567.xml,0019_DSC_0567,19,3,48,48,0,100.0,48,0,0,1249,224,25.0,22.33,7,14.583,0,0
4502442,Svea Hovra╠êtt etc/export_job_4502442/858109/Svea_Hovra╠êtt_ÔÇô_Advokatfiskalen_Ja╠êmtlands_la╠ên_(1708)_320_ÔÇô_350_/page/0020_DSC_0568.xml,0020_DSC_0568,20,2,54,54,0,100.0,54,0,0,1283,234,24.0,20.43,7,12.963,0,0
4502442,Svea Hovra╠êtt etc/export_job_4502442/858109/Svea_Hovra╠êtt_ÔÇô_Advokatfiskalen_Ja╠êmtlands_la╠ên_(1708)_320_ÔÇô_350_/page/0021_DSC_0569.xml,0021_DSC_0569,21,2,52,52,0,100.0,52,0,0,1365,248,25.0,22.48,4,7.692,0,0
4502442,Svea Hovra╠êtt etc/export_job_4502442/858109/Svea_Hovra╠êtt_ÔÇô_Advokatfiskalen_Ja╠êmtlands_la╠ên_(1708)_320_ÔÇô_350_/page/0022_DSC_0570.xml,0022_DSC_0570,22,2,54,54,0,100.0,54,0,0,1141,209,21.0,18.26,9,16.667,0,0
4502442,Svea Hovra╠êtt etc/export_job_4502442/858109/Svea_Hovra╠êtt_ÔÇô_Advokatfiskalen_Ja╠êmtlands_la╠ên_(1708)_320_ÔÇô_350_/page/0023_DSC_0571.xml,0023_DSC_0571,23,2,55,55,0,100.0,55,0,0,1268,234,22,19.8,10,18.182,0,0
4502442,Svea Hovra╠êtt etc/export_job_4502442/858109/Svea_Hovra╠êtt_ÔÇô_Advokatfiskalen_Ja╠êmtlands_la╠ên_(1708)_320_ÔÇô_350_/page/0024_DSC_0572.xml,0024_DSC_0572,24,2,53,53,0,100.0,53,0,0,1270,233,23,20.57,8,15.094,0,0
4502442,Svea Hovra╠êtt etc/export_job_4502442/858109/Svea_Hovra╠êtt_ÔÇô_Advokatfiskalen_Ja╠êmtlands_la╠ên_(1708)_320_ÔÇô_350_/page/0025_DSC_0573.xml,0025_DSC_0573,25,3,53,53,0,100.0,53,0,0,1208,225,22,19.55,8,15.094,0,0
4502442,Svea Hovra╠êtt etc/export_job_4502442/858109/Svea_Hovra╠êtt_ÔÇô_Advokatfiskalen_Ja╠êmtlands_la╠ên_(1708)_320_ÔÇô_350_/page/0026_DSC_0574.xml,0026_DSC_0574,26,2,50,50,0,100.0,50,0,0,1253,229,23.0,21.48,5,10.0,0,0
4502442,Svea Hovra╠êtt etc/export_job_4502442/858109/Svea_Hovra╠êtt_ÔÇô_Advokatfiskalen_Ja╠êmtlands_la╠ên_(1708)_320_ÔÇô_350_/page/0027_DSC_0575.xml,0027_DSC_0575,27,2,51,51,0,100.0,51,0,0,1278,246,24,21.24,7,13.725,0,0
4502442,Svea Hovra╠êtt etc/export_job_4502442/858109/Svea_Hovra╠êtt_ÔÇô_Advokatfiskalen_Ja╠êmtlands_la╠ên_(1708)_320_ÔÇô_350_/page/0028_DSC_0576.xml,0028_DSC_0576,28,1,54,54,0,100.0,54,0,0,1269,237,23.5,20.11,8,14.815,0,0
4502442,Svea Hovra╠êtt etc/export_job_4502442/858109/Svea_Hovra╠êtt_ÔÇô_Advokatfiskalen_Ja╠êmtlands_la╠ên_(1708)_320_ÔÇô_350_/page/0029_DSC_0577.xml,0029_DSC_0577,29,4,59,58,1,98.305,58,0,1,1219,232,21.5,18.02,10,17.241,0,1
4502442,Svea Hovra╠êtt etc/export_job_4502442/858109/Svea_Hovra╠êtt_ÔÇô_Advokatfiskalen_Ja╠êmtlands_la╠ên_(1708)_320_ÔÇô_350_/page/0030_DSC_0578.xml,0030_DSC_0578,30,2,54,54,0,100.0,54,0,0,1085,199,20.0,17.41,10,18.519,0,0
4502442,Svea Hovra╠êtt etc/export_job_4502442/858109/Svea_Hovra╠êtt_ÔÇô_Advokatfiskalen_Ja╠êmtlands_la╠ên_(1708)_320_ÔÇô_350_/page/0031_DSC_0579.xml,0031_DSC_0579,31,4,37,37,0,100.0,37,0,0,674,114,19,16.14,6,16.216,0,0
4502443,Svea Hovra╠êtt etc/export_job_4502443/858057/Svea_Hovra╠êtt_ÔÇô_Advokatfiskalen_Ja╠êmtlands_la╠ên_(1713)_372_ÔÇô_383_/page/0001_DSC_0449.xml,0001_DSC_0449,1,1,25,25,0,100.0,25,0,0,1156,198,42,39.32,0,0.0,0,0
4502443,Svea Hovra╠êtt etc/export_job_4502443/858057/Svea_Hovra╠êtt_ÔÇô_Advokatfiskalen_Ja╠êmtlands_la╠ên_(1713)_372_ÔÇô_383_/page/0002_DSC_0450.xml,0002_DSC_0450,2,2,56,56,0,100.0,54,2,0,2407,396,41.5,38.38,2,3.571,0,0
4502443,Svea Hovra╠êtt etc/export_job_4502443/858057/Svea_Hovra╠êtt_ÔÇô_Advokatfiskalen_Ja╠êmtlands_la╠ên_(1713)_372_ÔÇô_383_/page/0003_DSC_0451.xml,0003_DSC_0451,3,2,55,55,0,100.0,52,3,0,2450,405,42,40.55,1,1.818,0,0
4502443,Svea Hovra╠êtt etc/export_job_4502443/858057/Svea_Hovra╠êtt_ÔÇô_Advokatfiskalen_Ja╠êmtlands_la╠ên_(1713)_372_ÔÇô_383_/page/0004_DSC_0452.xml,0004_DSC_0452,4,2,54,54,0,100.0,53,1,0,2492,411,41.5,40.46,0,0.0,0,0
4502443,Svea Hovra╠êtt etc/export_job_4502443/858057/Svea_Hovra╠êtt_ÔÇô_Advokatfiskalen_Ja╠êmtlands_la╠ên_(1713)_372_ÔÇô_383_/page/0005_DSC_0453.xml,0005_DSC_0453,5,2,56,56,0,100.0,54,2,0,2636,438,44.0,41.77,2,3.571,0,0
4502443,Svea Hovra╠êtt etc/export_job_4502443/858057/Svea_Hovra╠êtt_ÔÇô_Advokatfiskalen_Ja╠êmtlands_la╠ên_(1713)_372_ÔÇô_383_/page/0006_DSC_0454.xml,0006_DSC_0454,6,2,56,56,0,100.0,56,0,0,2747,476,44.0,41.55,2,3.571,0,0
4502443,Svea Hovra╠êtt etc/export_job_4502443/858057/Svea_Hovra╠êtt_ÔÇô_Advokatfiskalen_Ja╠êmtlands_la╠ên_(1713)_372_ÔÇô_383_/page/0007_DSC_0455.xml,0007_DSC_0455,7,2,53,53,0,100.0,51,2,0,2317,393,41,38.81,2,3.774,0,0
4502443,Svea Hovra╠êtt etc/export_job_4502443/858057/Svea_Hovra╠êtt_ÔÇô_Advokatfiskalen_Ja╠êmtlands_la╠ên_(1713)_372_ÔÇô_383_/page/0008_DSC_0456.xml,0008_DSC_0456,8,2,54,54,0,100.0,52,2,0,2324,369,43.0,38.91,3,5.556,0,0
4502443,Svea Hovra╠êtt etc/export_job_4502443/858057/Svea_Hovra╠êtt_ÔÇô_Advokatfiskalen_Ja╠êmtlands_la╠ên_(1713)_372_ÔÇô_383_/page/0009_DSC_0457.xml,0009_DSC_0457,9,2,56,56,0,100.0,56,0,0,2272,396,38.5,34.5,4,7.143,0,0
4502443,Svea Hovra╠êtt etc/export_job_4502443/858057/Svea_Hovra╠êtt_ÔÇô_Advokatfiskalen_Ja╠êmtlands_la╠ên_(1713)_372_ÔÇô_383_/page/0010_DSC_0458.xml,0010_DSC_0458,10,2,61,61,0,100.0,61,0,0,2215,397,34,30.8,5,8.197,0,0
4502443,Svea Hovra╠êtt etc/export_job_4502443/858057/Svea_Hovra╠êtt_ÔÇô_Advokatfiskalen_Ja╠êmtlands_la╠ên_(1713)_372_ÔÇô_383_/page/0011_DSC_0459.xml,0011_DSC_0459,11,2,64,64,0,100.0,64,0,0,2184,399,33.0,28.88,6,9.375,0,0
4502443,Svea Hovra╠êtt etc/export_job_4502443/858057/Svea_Hovra╠êtt_ÔÇô_Advokatfiskalen_Ja╠êmtlands_la╠ên_(1713)_372_ÔÇô_383_/page/0012_DSC_0460.xml,0012_DSC_0460,12,1,17,17,0,100.0,17,0,0,534,98,28,26.65,0,0.0,0,0
4502444,Svea Hovra╠êtt etc/export_job_4502444/855910/Svea_Hovra╠êtt_ÔÇô_Advokatfiskalen_Ja╠êmtlands_la╠ên_(1713)_103_ÔÇô_117/page/0001_DSC_0433.xml,0001_DSC_0433,1,1,27,27,0,100.0,27,0,0,1044,169,39,33.41,3,11.111,0,0
4502444,Svea Hovra╠êtt etc/export_job_4502444/855910/Svea_Hovra╠êtt_ÔÇô_Advokatfiskalen_Ja╠êmtlands_la╠ên_(1713)_103_ÔÇô_117/page/0002_DSC_0435.xml,0002_DSC_0435,2,2,54,54,0,100.0,53,1,0,2569,418,43.0,41.67,1,1.852,0,0
4502444,Svea Hovra╠êtt etc/export_job_4502444/855910/Svea_Hovra╠êtt_ÔÇô_Advokatfiskalen_Ja╠êmtlands_la╠ên_(1713)_103_ÔÇô_117/page/0003_DSC_0436.xml,0003_DSC_0436,3,2,55,55,0,100.0,54,1,0,2718,460,44,42.95,1,1.818,0,0
4502444,Svea Hovra╠êtt etc/export_job_4502444/855910/Svea_Hovra╠êtt_ÔÇô_Advokatfiskalen_Ja╠êmtlands_la╠ên_(1713)_103_ÔÇô_117/page/0004_DSC_0437.xml,0004_DSC_0437,4,2,59,59,0,100.0,59,0,0,3252,526,49,47.2,0,0.0,0,0
4502444,Svea Hovra╠êtt etc/export_job_4502444/855910/Svea_Hovra╠êtt_ÔÇô_Advokatfiskalen_Ja╠êmtlands_la╠ên_(1713)_103_ÔÇô_117/page/0005_DSC_0438.xml,0005_DSC_0438,5,2,56,56,0,100.0,56,0,0,2701,446,45.0,41.27,2,3.571,0,0
4502444,Svea Hovra╠êtt etc/export_job_4502444/855910/Svea_Hovra╠êtt_ÔÇô_Advokatfiskalen_Ja╠êmtlands_la╠ên_(1713)_103_ÔÇô_117/page/0006_DSC_0439.xml,0006_DSC_0439,6,2,58,58,0,100.0,57,1,0,2795,458,47.5,42.14,4,6.897,0,0
4502444,Svea Hovra╠êtt etc/export_job_4502444/855910/Svea_Hovra╠êtt_ÔÇô_Advokatfiskalen_Ja╠êmtlands_la╠ên_(1713)_103_ÔÇô_117/page/0007_DSC_0440.xml,0007_DSC_0440,7,2,56,56,0,100.0,55,1,0,2798,438,46.0,43.86,2,3.571,0,0
4502444,Svea Hovra╠êtt etc/export_job_4502444/855910/Svea_Hovra╠êtt_ÔÇô_Advokatfiskalen_Ja╠êmtlands_la╠ên_(1713)_103_ÔÇô_117/page/0008_DSC_0441.xml,0008_DSC_0441,8,2,56,56,0,100.0,56,0,0,2861,483,45.0,43.46,2,3.571,0,0
4502444,Svea Hovra╠êtt etc/export_job_4502444/855910/Svea_Hovra╠êtt_ÔÇô_Advokatfiskalen_Ja╠êmtlands_la╠ên_(1713)_103_ÔÇô_117/page/0009_DSC_0442.xml,0009_DSC_0442,9,2,56,56,0,100.0,53,3,0,2741,472,46.0,43.8,1,1.786,0,0
4502444,Svea Hovra╠êtt etc/export_job_4502444/855910/Svea_Hovra╠êtt_ÔÇô_Advokatfiskalen_Ja╠êmtlands_la╠ên_(1713)_103_ÔÇô_117/page/0010_DSC_0443.xml,0010_DSC_0443,10,2,56,56,0,100.0,50,6,0,2454,415,45.0,42.34,1,1.786,0,0
4502444,Svea Hovra╠êtt etc/export_job_4502444/855910/Svea_Hovra╠êtt_ÔÇô_Advokatfiskalen_Ja╠êmtlands_la╠ên_(1713)_103_ÔÇô_117/page/0011_DSC_0444.xml,0011_DSC_0444,11,2,56,56,0,100.0,52,4,0,2436,406,43.0,40.29,2,3.571,0,0
4502444,Svea Hovra╠êtt etc/export_job_4502444/855910/Svea_Hovra╠êtt_ÔÇô_Advokatfiskalen_Ja╠êmtlands_la╠ên_(1713)_103_ÔÇô_117/page/0012_DSC_0445.xml,0012_DSC_0445,12,2,55,55,0,100.0,53,2,0,2496,415,42,40.56,1,1.818,0,0
4502444,Svea Hovra╠êtt etc/export_job_4502444/855910/Svea_Hovra╠êtt_ÔÇô_Advokatfiskalen_Ja╠êmtlands_la╠ên_(1713)_103_ÔÇô_117/page/0013_DSC_0446.xml,0013_DSC_0446,13,2,57,57,0,100.0,57,0,0,2732,440,44,41.21,2,3.509,0,0
4502444,Svea Hovra╠êtt etc/export_job_4502444/855910/Svea_Hovra╠êtt_ÔÇô_Advokatfiskalen_Ja╠êmtlands_la╠ên_(1713)_103_ÔÇô_117/page/0014_DSC_0447.xml,0014_DSC_0447,14,2,57,57,0,100.0,56,1,0,2733,438,44,42.02,3,5.263,0,0
4502444,Svea Hovra╠êtt etc/export_job_4502444/855910/Svea_Hovra╠êtt_ÔÇô_Advokatfiskalen_Ja╠êmtlands_la╠ên_(1713)_103_ÔÇô_117/page/0015_DSC_0448.xml,0015_DSC_0448,15,2,46,46,0,100.0,38,8,0,1482,243,40.0,33.72,4,8.696,0,0
4502445,Svea Hovra╠êtt etc/export_job_4502445/845640/Svea_Hovra╠êtt_-_Advokatfiskalen_Ja╠êmtlands_la╠ên_(1702)_366_-_414/page/0001_DSC_0370.xml,0001_DSC_0370,1,2,24,24,0,100.0,24,0,0,776,132,32.0,27.79,2,8.333,0,0
4502445,Svea Hovra╠êtt etc/export_job_4502445/845640/Svea_Hovra╠êtt_-_Advokatfiskalen_Ja╠êmtlands_la╠ên_(1702)_366_-_414/page/0002_DSC_0371.xml,0002_DSC_0371,2,2,42,42,0,100.0,42,0,0,1307,225,29.0,26.76,2,4.762,0,0
4502445,Svea Hovra╠êtt etc/export_job_4502445/845640/Svea_Hovra╠êtt_-_Advokatfiskalen_Ja╠êmtlands_la╠ên_(1702)_366_-_414/page/0003_DSC_0372.xml,0003_DSC_0372,3,2,44,44,0,100.0,44,0,0,1441,259,29.0,27.86,2,4.545,0,0
4502445,Svea Hovra╠êtt etc/export_job_4502445/845640/Svea_Hovra╠êtt_-_Advokatfiskalen_Ja╠êmtlands_la╠ên_(1702)_366_-_414/page/0004_DSC_0374.xml,0004_DSC_0374,4,2,45,45,0,100.0,45,0,0,1391,253,27,26.29,1,2.222,0,0
4502445,Svea Hovra╠êtt etc/export_job_4502445/845640/Svea_Hovra╠êtt_-_Advokatfiskalen_Ja╠êmtlands_la╠ên_(1702)_366_-_414/page/0005_DSC_0375.xml,0005_DSC_0375,5,2,45,45,0,100.0,45,0,0,1433,257,29,27.13,2,4.444,0,0
4502445,Svea Hovra╠êtt etc/export_job_4502445/845640/Svea_Hovra╠êtt_-_Advokatfiskalen_Ja╠êmtlands_la╠ên_(1702)_366_-_414/page/0006_DSC_0377.xml,0006_DSC_0377,6,2,44,44,0,100.0,44,0,0,1386,248,28.0,26.86,1,2.273,0,0
4502445,Svea Hovra╠êtt etc/export_job_4502445/845640/Svea_Hovra╠êtt_-_Advokatfiskalen_Ja╠êmtlands_la╠ên_(1702)_366_-_414/page/0007_DSC_0378.xml,0007_DSC_0378,7,2,44,44,0,100.0,44,0,0,1328,242,27.0,25.68,1,2.273,0,0
4502445,Svea Hovra╠êtt etc/export_job_4502445/845640/Svea_Hovra╠êtt_-_Advokatfiskalen_Ja╠êmtlands_la╠ên_(1702)_366_-_414/page/0008_DSC_0379.xml,0008_DSC_0379,8,2,45,45,0,100.0,45,0,0,1347,224,28,25.96,2,4.444,0,0
4502445,Svea Hovra╠êtt etc/export_job_4502445/845640/Svea_Hovra╠êtt_-_Advokatfiskalen_Ja╠êmtlands_la╠ên_(1702)_366_-_414/page/0009_DSC_0380.xml,0009_DSC_0380,9,2,41,41,0,100.0,41,0,0,1322,228,29,27.68,0,0.0,0,0
4502445,Svea Hovra╠êtt etc/export_job_4502445/845640/Svea_Hovra╠êtt_-_Advokatfiskalen_Ja╠êmtlands_la╠ên_(1702)_366_-_414/page/0010_DSC_0381.xml,0010_DSC_0381,10,3,44,44,0,100.0,44,0,0,1303,232,27.0,25.34,2,4.545,0,0
4502445,Svea Hovra╠êtt etc/export_job_4502445/845640/Svea_Hovra╠êtt_-_Advokatfiskalen_Ja╠êmtlands_la╠ên_(1702)_366_-_414/page/0011_DSC_0383.xml,0011_DSC_0383,11,2,44,44,0,100.0,42,2,0,1312,236,28.0,26.82,1,2.273,0,0
4502445,Svea Hovra╠êtt etc/export_job_4502445/845640/Svea_Hovra╠êtt_-_Advokatfiskalen_Ja╠êmtlands_la╠ên_(1702)_366_-_414/page/0012_DSC_0384.xml,0012_DSC_0384,12,3,45,45,0,100.0,45,0,0,1427,252,29,27.11,2,4.444,0,0
4502445,Svea Hovra╠êtt etc/export_job_4502445/845640/Svea_Hovra╠êtt_-_Advokatfiskalen_Ja╠êmtlands_la╠ên_(1702)_366_-_414/page/0013_DSC_0385.xml,0013_DSC_0385,13,2,41,41,0,100.0,41,0,0,1351,237,30,28.1,3,7.317,0,0
4502445,Svea Hovra╠êtt etc/export_job_4502445/845640/Svea_Hovra╠êtt_-_Advokatfiskalen_Ja╠êmtlands_la╠ên_(1702)_366_-_414/page/0014_DSC_0386.xml,0014_DSC_0386,14,2,45,45,0,100.0,45,0,0,1368,244,27,25.96,1,2.222,0,0
4502445,Svea Hovra╠êtt etc/export_job_4502445/845640/Svea_Hovra╠êtt_-_Advokatfiskalen_Ja╠êmtlands_la╠ên_(1702)_366_-_414/page/0015_DSC_0389.xml,0015_DSC_0389,15,2,44,44,0,100.0,44,0,0,1396,251,29.5,27.02,2,4.545,0,0
4502445,Svea Hovra╠êtt etc/export_job_4502445/845640/Svea_Hovra╠êtt_-_Advokatfiskalen_Ja╠êmtlands_la╠ên_(1702)_366_-_414/page/0016_DSC_0390.xml,0016_DSC_0390,16,2,45,45,0,100.0,45,0,0,1492,268,29,28.2,1,2.222,0,0
4502445,Svea Hovra╠êtt etc/export_job_4502445/845640/Svea_Hovra╠êtt_-_Advokatfiskalen_Ja╠êmtlands_la╠ên_(1702)_366_-_414/page/0017_DSC_0391.xml,0017_DSC_0391,17,2,45,45,0,100.0,45,0,0,1459,257,30,27.71,1,2.222,0,0
4502445,Svea Hovra╠êtt etc/export_job_4502445/845640/Svea_Hovra╠êtt_-_Advokatfiskalen_Ja╠êmtlands_la╠ên_(1702)_366_-_414/page/0018_DSC_0392.xml,0018_DSC_0392,18,2,45,45,0,100.0,45,0,0,1454,260,29,27.53,3,6.667,0,0
4502445,Svea Hovra╠êtt etc/export_job_4502445/845640/Svea_Hovra╠êtt_-_Advokatfiskalen_Ja╠êmtlands_la╠ên_(1702)_366_-_414/page/0019_DSC_0396.xml,0019_DSC_0396,19,2,43,43,0,100.0,43,0,0,1298,230,27,25.84,3,6.977,0,0
4502445,Svea Hovra╠êtt etc/export_job_4502445/845640/Svea_Hovra╠êtt_-_Advokatfiskalen_Ja╠êmtlands_la╠ên_(1702)_366_-_414/page/0020_DSC_0397.xml,0020_DSC_0397,20,2,45,45,0,100.0,45,0,0,1443,266,28,27.02,1,2.222,0,0
4502445,Svea Hovra╠êtt etc/export_job_4502445/845640/Svea_Hovra╠êtt_-_Advokatfiskalen_Ja╠êmtlands_la╠ên_(1702)_366_-_414/page/0021_DSC_0398.xml,0021_DSC_0398,21,2,44,44,0,100.0,44,0,0,1411,259,28.0,27.18,2,4.545,0,0
4502445,Svea Hovra╠êtt etc/export_job_4502445/845640/Svea_Hovra╠êtt_-_Advokatfiskalen_Ja╠êmtlands_la╠ên_(1702)_366_-_414/page/0022_DSC_0399.xml,0022_DSC_0399,22,2,44,44,0,100.0,44,0,0,1329,249,27.0,25.55,1,2.273,0,0
4502445,Svea Hovra╠êtt etc/export_job_4502445/845640/Svea_Hovra╠êtt_-_Advokatfiskalen_Ja╠êmtlands_la╠ên_(1702)_366_-_414/page/0023_DSC_0400.xml,0023_DSC_0400,23,2,45,45,0,100.0,45,0,0,1449,266,29,27.29,2,4.444,0,0
4502445,Svea Hovra╠êtt etc/export_job_4502445/845640/Svea_Hovra╠êtt_-_Advokatfiskalen_Ja╠êmtlands_la╠ên_(1702)_366_-_414/page/0024_DSC_0401.xml,0024_DSC_0401,24,2,45,45,0,100.0,45,0,0,1377,246,28,26.13,2,4.444,0,0
4502445,Svea Hovra╠êtt etc/export_job_4502445/845640/Svea_Hovra╠êtt_-_Advokatfiskalen_Ja╠êmtlands_la╠ên_(1702)_366_-_414/page/0025_DSC_0403.xml,0025_DSC_0403,25,2,45,45,0,100.0,45,0,0,1421,259,29,26.82,3,6.667,0,0
4502445,Svea Hovra╠êtt etc/export_job_4502445/845640/Svea_Hovra╠êtt_-_Advokatfiskalen_Ja╠êmtlands_la╠ên_(1702)_366_-_414/page/0026_DSC_0404.xml,0026_DSC_0404,26,2,45,45,0,100.0,44,1,0,1404,260,30,27.02,3,6.667,0,0
4502445,Svea Hovra╠êtt etc/export_job_4502445/845640/Svea_Hovra╠êtt_-_Advokatfiskalen_Ja╠êmtlands_la╠ên_(1702)_366_-_414/page/0027_DSC_0405.xml,0027_DSC_0405,27,2,45,45,0,100.0,45,0,0,1428,257,29,27.02,1,2.222,0,0
4502445,Svea Hovra╠êtt etc/export_job_4502445/845640/Svea_Hovra╠êtt_-_Advokatfiskalen_Ja╠êmtlands_la╠ên_(1702)_366_-_414/page/0028_DSC_0406.xml,0028_DSC_0406,28,2,45,45,0,100.0,45,0,0,1450,261,30,27.42,1,2.222,0,0
4502445,Svea Hovra╠êtt etc/export_job_4502445/845640/Svea_Hovra╠êtt_-_Advokatfiskalen_Ja╠êmtlands_la╠ên_(1702)_366_-_414/page/0029_DSC_0407.xml,0029_DSC_0407,29,2,44,44,0,100.0,44,0,0,1490,262,31.0,28.91,2,4.545,0,0
4502445,Svea Hovra╠êtt etc/export_job_4502445/845640/Svea_Hovra╠êtt_-_Advokatfiskalen_Ja╠êmtlands_la╠ên_(1702)_366_-_414/page/0030_DSC_0408.xml,0030_DSC_0408,30,2,45,45,0,100.0,45,0,0,1503,281,30,28.16,2,4.444,0,0
4502445,Svea Hovra╠êtt etc/export_job_4502445/845640/Svea_Hovra╠êtt_-_Advokatfiskalen_Ja╠êmtlands_la╠ên_(1702)_366_-_414/page/0031_DSC_0410.xml,0031_DSC_0410,31,2,44,44,0,100.0,44,0,0,1425,259,28.0,27.5,1,2.273,0,0
4502445,Svea Hovra╠êtt etc/export_job_4502445/845640/Svea_Hovra╠êtt_-_Advokatfiskalen_Ja╠êmtlands_la╠ên_(1702)_366_-_414/page/0032_DSC_0411.xml,0032_DSC_0411,32,2,41,41,0,100.0,41,0,0,1485,256,32,30.98,0,0.0,0,0
4502445,Svea Hovra╠êtt etc/export_job_4502445/845640/Svea_Hovra╠êtt_-_Advokatfiskalen_Ja╠êmtlands_la╠ên_(1702)_366_-_414/page/0033_DSC_0412.xml,0033_DSC_0412,33,2,45,45,0,100.0,45,0,0,1524,263,30,29.02,3,6.667,0,0
4502445,Svea Hovra╠êtt etc/export_job_4502445/845640/Svea_Hovra╠êtt_-_Advokatfiskalen_Ja╠êmtlands_la╠ên_(1702)_366_-_414/page/0034_DSC_0413.xml,0034_DSC_0413,34,2,45,45,0,100.0,45,0,0,1430,263,28,26.93,1,2.222,0,0
4502445,Svea Hovra╠êtt etc/export_job_4502445/845640/Svea_Hovra╠êtt_-_Advokatfiskalen_Ja╠êmtlands_la╠ên_(1702)_366_-_414/page/0035_DSC_0415.xml,0035_DSC_0415,35,2,44,44,0,100.0,43,1,0,1428,266,29.0,28.09,1,2.273,0,0
4502445,Svea Hovra╠êtt etc/export_job_4502445/845640/Svea_Hovra╠êtt_-_Advokatfiskalen_Ja╠êmtlands_la╠ên_(1702)_366_-_414/page/0036_DSC_0418.xml,0036_DSC_0418,36,2,45,45,0,100.0,45,0,0,1428,259,29,26.98,0,0.0,0,0
4502445,Svea Hovra╠êtt etc/export_job_4502445/845640/Svea_Hovra╠êtt_-_Advokatfiskalen_Ja╠êmtlands_la╠ên_(1702)_366_-_414/page/0037_DSC_0419.xml,0037_DSC_0419,37,2,45,45,0,100.0,44,1,0,1321,240,27,25.47,1,2.222,0,0
4502445,Svea Hovra╠êtt etc/export_job_4502445/845640/Svea_Hovra╠êtt_-_Advokatfiskalen_Ja╠êmtlands_la╠ên_(1702)_366_-_414/page/0038_DSC_0420.xml,0038_DSC_0420,38,3,44,44,0,100.0,43,1,0,1380,240,29.0,27.52,2,4.545,0,0
4502445,Svea Hovra╠êtt etc/export_job_4502445/845640/Svea_Hovra╠êtt_-_Advokatfiskalen_Ja╠êmtlands_la╠ên_(1702)_366_-_414/page/0039_DSC_0421.xml,0039_DSC_0421,39,3,44,44,0,100.0,44,0,0,1437,252,29.0,27.93,1,2.273,0,0
4502445,Svea Hovra╠êtt etc/export_job_4502445/845640/Svea_Hovra╠êtt_-_Advokatfiskalen_Ja╠êmtlands_la╠ên_(1702)_366_-_414/page/0040_DSC_0422.xml,0040_DSC_0422,40,2,43,43,0,100.0,43,0,0,1401,237,30,28.07,1,2.326,0,0
4502445,Svea Hovra╠êtt etc/export_job_4502445/845640/Svea_Hovra╠êtt_-_Advokatfiskalen_Ja╠êmtlands_la╠ên_(1702)_366_-_414/page/0041_DSC_0423.xml,0041_DSC_0423,41,3,46,46,0,100.0,46,0,0,1517,266,29.0,28.2,1,2.174,0,0
4502445,Svea Hovra╠êtt etc/export_job_4502445/845640/Svea_Hovra╠êtt_-_Advokatfiskalen_Ja╠êmtlands_la╠ên_(1702)_366_-_414/page/0042_DSC_0424.xml,0042_DSC_0424,42,2,46,46,0,100.0,46,0,0,1459,262,29.0,27.02,2,4.348,0,0
4502445,Svea Hovra╠êtt etc/export_job_4502445/845640/Svea_Hovra╠êtt_-_Advokatfiskalen_Ja╠êmtlands_la╠ên_(1702)_366_-_414/page/0043_DSC_0425.xml,0043_DSC_0425,43,2,45,45,0,100.0,45,0,0,1505,282,29,28.18,1,2.222,0,0
4502445,Svea Hovra╠êtt etc/export_job_4502445/845640/Svea_Hovra╠êtt_-_Advokatfiskalen_Ja╠êmtlands_la╠ên_(1702)_366_-_414/page/0044_DSC_0426.xml,0044_DSC_0426,44,2,43,43,0,100.0,43,0,0,1332,242,28,26.33,1,2.326,0,0
4502445,Svea Hovra╠êtt etc/export_job_4502445/845640/Svea_Hovra╠êtt_-_Advokatfiskalen_Ja╠êmtlands_la╠ên_(1702)_366_-_414/page/0045_DSC_0427.xml,0045_DSC_0427,45,2,45,45,0,100.0,45,0,0,1453,268,29,27.33,1,2.222,0,0
4502445,Svea Hovra╠êtt etc/export_job_4502445/845640/Svea_Hovra╠êtt_-_Advokatfiskalen_Ja╠êmtlands_la╠ên_(1702)_366_-_414/page/0046_DSC_0428.xml,0046_DSC_0428,46,2,44,44,0,100.0,43,1,0,1461,255,30.0,29.16,1,2.273,0,0
4502445,Svea Hovra╠êtt etc/export_job_4502445/845640/Svea_Hovra╠êtt_-_Advokatfiskalen_Ja╠êmtlands_la╠ên_(1702)_366_-_414/page/0047_DSC_0429.xml,0047_DSC_0429,47,2,42,42,0,100.0,42,0,0,1476,271,31.0,29.69,1,2.381,0,0
4502445,Svea Hovra╠êtt etc/export_job_4502445/845640/Svea_Hovra╠êtt_-_Advokatfiskalen_Ja╠êmtlands_la╠ên_(1702)_366_-_414/page/0048_DSC_0430.xml,0048_DSC_0430,48,2,44,44,0,100.0,44,0,0,1441,265,30.0,27.73,3,6.818,0,0
4502445,Svea Hovra╠êtt etc/export_job_4502445/845640/Svea_Hovra╠êtt_-_Advokatfiskalen_Ja╠êmtlands_la╠ên_(1702)_366_-_414/page/0049_DSC_0432.xml,0049_DSC_0432,49,2,43,43,0,100.0,42,1,0,1350,232,28,27.6,1,2.326,0,0
4502446,Svea Hovra╠êtt etc/export_job_4502446/842250/Svea_Hovra╠êtt_-_Advokatfiskalens_Ja╠êmtlands_la╠ên_(1702)_124-156/page/0001_DSC_0332.xml,0001_DSC_0332,1,1,20,20,0,100.0,20,0,0,550,90,25.0,24,2,10.0,0,0
4502446,Svea Hovra╠êtt etc/export_job_4502446/842250/Svea_Hovra╠êtt_-_Advokatfiskalens_Ja╠êmtlands_la╠ên_(1702)_124-156/page/0002_DSC_0333.xml,0002_DSC_0333,2,2,42,42,0,100.0,42,0,0,1395,235,30.0,28.62,0,0.0,0,0
4502446,Svea Hovra╠êtt etc/export_job_4502446/842250/Svea_Hovra╠êtt_-_Advokatfiskalens_Ja╠êmtlands_la╠ên_(1702)_124-156/page/0003_DSC_0335.xml,0003_DSC_0335,3,3,41,41,0,100.0,41,0,0,1363,237,30,28.46,1,2.439,0,0
4502446,Svea Hovra╠êtt etc/export_job_4502446/842250/Svea_Hovra╠êtt_-_Advokatfiskalens_Ja╠êmtlands_la╠ên_(1702)_124-156/page/0004_DSC_0336.xml,0004_DSC_0336,4,2,43,43,0,100.0,43,0,0,1407,262,30,27.63,0,0.0,0,0
4502446,Svea Hovra╠êtt etc/export_job_4502446/842250/Svea_Hovra╠êtt_-_Advokatfiskalens_Ja╠êmtlands_la╠ên_(1702)_124-156/page/0005_DSC_0337.xml,0005_DSC_0337,5,2,43,43,0,100.0,43,0,0,1305,225,28,26.12,2,4.651,0,0
4502446,Svea Hovra╠êtt etc/export_job_4502446/842250/Svea_Hovra╠êtt_-_Advokatfiskalens_Ja╠êmtlands_la╠ên_(1702)_124-156/page/0006_DSC_0339.xml,0006_DSC_0339,6,2,41,41,0,100.0,41,0,0,1268,209,28,26.78,2,4.878,0,0
4502446,Svea Hovra╠êtt etc/export_job_4502446/842250/Svea_Hovra╠êtt_-_Advokatfiskalens_Ja╠êmtlands_la╠ên_(1702)_124-156/page/0007_DSC_0340.xml,0007_DSC_0340,7,3,43,43,0,100.0,43,0,0,1374,250,29,27.14,2,4.651,0,0
4502446,Svea Hovra╠êtt etc/export_job_4502446/842250/Svea_Hovra╠êtt_-_Advokatfiskalens_Ja╠êmtlands_la╠ên_(1702)_124-156/page/0008_DSC_0341.xml,0008_DSC_0341,8,2,43,43,0,100.0,43,0,0,1330,244,28,26.26,2,4.651,0,0
4502446,Svea Hovra╠êtt etc/export_job_4502446/842250/Svea_Hovra╠êtt_-_Advokatfiskalens_Ja╠êmtlands_la╠ên_(1702)_124-156/page/0009_DSC_0342.xml,0009_DSC_0342,9,2,43,43,0,100.0,43,0,0,1362,236,29,27.19,1,2.326,0,0
4502446,Svea Hovra╠êtt etc/export_job_4502446/842250/Svea_Hovra╠êtt_-_Advokatfiskalens_Ja╠êmtlands_la╠ên_(1702)_124-156/page/0010_DSC_0343.xml,0010_DSC_0343,10,2,43,43,0,100.0,43,0,0,1378,248,29,27.28,2,4.651,0,0
4502446,Svea Hovra╠êtt etc/export_job_4502446/842250/Svea_Hovra╠êtt_-_Advokatfiskalens_Ja╠êmtlands_la╠ên_(1702)_124-156/page/0011_DSC_0344.xml,0011_DSC_0344,11,2,41,41,0,100.0,41,0,0,1286,223,29,26.93,1,2.439,0,0
4502446,Svea Hovra╠êtt etc/export_job_4502446/842250/Svea_Hovra╠êtt_-_Advokatfiskalens_Ja╠êmtlands_la╠ên_(1702)_124-156/page/0012_DSC_0345.xml,0012_DSC_0345,12,2,40,40,0,100.0,39,1,0,1192,208,29.0,26.4,3,7.5,0,0
4502446,Svea Hovra╠êtt etc/export_job_4502446/842250/Svea_Hovra╠êtt_-_Advokatfiskalens_Ja╠êmtlands_la╠ên_(1702)_124-156/page/0013_DSC_0346.xml,0013_DSC_0346,13,2,43,43,0,100.0,42,1,0,1380,253,30,27.91,1,2.326,0,0
4502446,Svea Hovra╠êtt etc/export_job_4502446/842250/Svea_Hovra╠êtt_-_Advokatfiskalens_Ja╠êmtlands_la╠ên_(1702)_124-156/page/0014_DSC_0347.xml,0014_DSC_0347,14,2,43,43,0,100.0,43,0,0,1340,255,28,26.23,2,4.651,0,0
4502446,Svea Hovra╠êtt etc/export_job_4502446/842250/Svea_Hovra╠êtt_-_Advokatfiskalens_Ja╠êmtlands_la╠ên_(1702)_124-156/page/0015_DSC_0348.xml,0015_DSC_0348,15,2,43,43,0,100.0,43,0,0,1276,230,28,25.33,3,6.977,0,0
4502446,Svea Hovra╠êtt etc/export_job_4502446/842250/Svea_Hovra╠êtt_-_Advokatfiskalens_Ja╠êmtlands_la╠ên_(1702)_124-156/page/0016_DSC_0349.xml,0016_DSC_0349,16,2,40,40,0,100.0,40,0,0,1184,211,28.5,25.32,2,5.0,0,0
4502446,Svea Hovra╠êtt etc/export_job_4502446/842250/Svea_Hovra╠êtt_-_Advokatfiskalens_Ja╠êmtlands_la╠ên_(1702)_124-156/page/0017_DSC_0350.xml,0017_DSC_0350,17,2,42,42,0,100.0,41,1,0,1266,241,28.0,26.17,1,2.381,0,0
4502446,Svea Hovra╠êtt etc/export_job_4502446/842250/Svea_Hovra╠êtt_-_Advokatfiskalens_Ja╠êmtlands_la╠ên_(1702)_124-156/page/0018_DSC_0351.xml,0018_DSC_0351,18,3,43,43,0,100.0,43,0,0,1382,252,29,27.28,2,4.651,0,0
4502446,Svea Hovra╠êtt etc/export_job_4502446/842250/Svea_Hovra╠êtt_-_Advokatfiskalens_Ja╠êmtlands_la╠ên_(1702)_124-156/page/0019_DSC_0352.xml,0019_DSC_0352,19,3,42,42,0,100.0,42,0,0,1317,231,29.0,26.86,3,7.143,0,0
4502446,Svea Hovra╠êtt etc/export_job_4502446/842250/Svea_Hovra╠êtt_-_Advokatfiskalens_Ja╠êmtlands_la╠ên_(1702)_124-156/page/0020_DSC_0353.xml,0020_DSC_0353,20,2,42,42,0,100.0,42,0,0,1353,240,30.0,27.5,2,4.762,0,0
4502446,Svea Hovra╠êtt etc/export_job_4502446/842250/Svea_Hovra╠êtt_-_Advokatfiskalens_Ja╠êmtlands_la╠ên_(1702)_124-156/page/0021_DSC_0355.xml,0021_DSC_0355,21,2,43,43,0,100.0,43,0,0,1356,230,29,27.19,2,4.651,0,0
4502446,Svea Hovra╠êtt etc/export_job_4502446/842250/Svea_Hovra╠êtt_-_Advokatfiskalens_Ja╠êmtlands_la╠ên_(1702)_124-156/page/0022_DSC_0356.xml,0022_DSC_0356,22,2,42,42,0,100.0,42,0,0,1230,208,27.0,25.33,1,2.381,0,0
4502446,Svea Hovra╠êtt etc/export_job_4502446/842250/Svea_Hovra╠êtt_-_Advokatfiskalens_Ja╠êmtlands_la╠ên_(1702)_124-156/page/0023_DSC_0357.xml,0023_DSC_0357,23,2,41,41,0,100.0,41,0,0,1276,229,28,26.54,2,4.878,0,0
4502446,Svea Hovra╠êtt etc/export_job_4502446/842250/Svea_Hovra╠êtt_-_Advokatfiskalens_Ja╠êmtlands_la╠ên_(1702)_124-156/page/0024_DSC_0358.xml,0024_DSC_0358,24,2,41,41,0,100.0,41,0,0,1268,218,29,26.61,0,0.0,0,0
4502446,Svea Hovra╠êtt etc/export_job_4502446/842250/Svea_Hovra╠êtt_-_Advokatfiskalens_Ja╠êmtlands_la╠ên_(1702)_124-156/page/0025_DSC_0359.xml,0025_DSC_0359,25,2,38,38,0,100.0,38,0,0,1182,207,29.5,26.61,1,2.632,0,0
4502446,Svea Hovra╠êtt etc/export_job_4502446/842250/Svea_Hovra╠êtt_-_Advokatfiskalens_Ja╠êmtlands_la╠ên_(1702)_124-156/page/0026_DSC_0361.xml,0026_DSC_0361,26,2,43,43,0,100.0,40,3,0,1315,237,30,28.19,0,0.0,0,0
4502446,Svea Hovra╠êtt etc/export_job_4502446/842250/Svea_Hovra╠êtt_-_Advokatfiskalens_Ja╠êmtlands_la╠ên_(1702)_124-156/page/0027_DSC_0362.xml,0027_DSC_0362,27,2,39,39,0,100.0,37,2,0,1138,201,29,26.49,1,2.564,0,0
4502446,Svea Hovra╠êtt etc/export_job_4502446/842250/Svea_Hovra╠êtt_-_Advokatfiskalens_Ja╠êmtlands_la╠ên_(1702)_124-156/page/0028_DSC_0364.xml,0028_DSC_0364,28,2,42,42,0,100.0,41,1,0,1314,223,29.0,27.74,0,0.0,0,0
4502446,Svea Hovra╠êtt etc/export_job_4502446/842250/Svea_Hovra╠êtt_-_Advokatfiskalens_Ja╠êmtlands_la╠ên_(1702)_124-156/page/0029_DSC_0365.xml,0029_DSC_0365,29,2,41,41,0,100.0,40,1,0,1320,230,30,28.34,0,0.0,0,0
4502446,Svea Hovra╠êtt etc/export_job_4502446/842250/Svea_Hovra╠êtt_-_Advokatfiskalens_Ja╠êmtlands_la╠ên_(1702)_124-156/page/0030_DSC_0366.xml,0030_DSC_0366,30,2,39,39,0,100.0,39,0,0,1183,209,28,25.97,2,5.128,0,0
4502446,Svea Hovra╠êtt etc/export_job_4502446/842250/Svea_Hovra╠êtt_-_Advokatfiskalens_Ja╠êmtlands_la╠ên_(1702)_124-156/page/0031_DSC_0367.xml,0031_DSC_0367,31,2,41,41,0,100.0,40,1,0,1224,206,27,26.51,1,2.439,0,0
4502446,Svea Hovra╠êtt etc/export_job_4502446/842250/Svea_Hovra╠êtt_-_Advokatfiskalens_Ja╠êmtlands_la╠ên_(1702)_124-156/page/0032_DSC_0368.xml,0032_DSC_0368,32,2,43,43,0,100.0,43,0,0,1349,230,29,27.02,2,4.651,0,0
4502446,Svea Hovra╠êtt etc/export_job_4502446/842250/Svea_Hovra╠êtt_-_Advokatfiskalens_Ja╠êmtlands_la╠ên_(1702)_124-156/page/0033_DSC_0369.xml,0033_DSC_0369,33,1,14,14,0,100.0,14,0,0,448,72,30.0,27.86,0,0.0,0,0
