collection,page_xml,page,page_nr,transkribus_status,created,last_change,tsid,sec_since_previous_save_in_document,source_lines,sec_per_line_since_previous_save,lines_with_human_editorial_marks,line_final_hyphen,line_final_not_sign,line_final_mark_sequence,recognition_tools,user_id_present_redacted,class,oov_rate_vs_training_vocabulary
4502442,Svea Hovra╠êtt etc/export_job_4502442/858109/Svea_Hovra╠êtt_ÔÇô_Advokatfiskalen_Ja╠êmtlands_la╠ên_(1708)_320_ÔÇô_350_/page/0001_DSC_0549.xml,0001_DSC_0549,1,IN_PROGRESS,2021-12-08T16:00:02.927+01:00,2021-12-09T09:08:34.327+01:00,70042518,59267.6,31,1911.859,0,0,1,¬,/net_tf/LA73_249_0mod360.pb | Jaemtlands_domsagas_M1+(htr_id=13685) | de.uros.citlab.module.baseline2polygon.B2PSeamMultiOriented,True,ambiguous_no_student_convention,0.4096
4502442,Svea Hovra╠êtt etc/export_job_4502442/858109/Svea_Hovra╠êtt_ÔÇô_Advokatfiskalen_Ja╠êmtlands_la╠ên_(1708)_320_ÔÇô_350_/page/0002_DSC_0550.xml,0002_DSC_0550,2,IN_PROGRESS,2021-12-08T16:00:02.974+01:00,2021-12-09T09:17:35.461+01:00,70043498,541.1,56,9.663,0,0,3,¬¬¬,/net_tf/LA73_249_0mod360.pb | Jaemtlands_domsagas_M1+(htr_id=13685) | de.uros.citlab.module.baseline2polygon.B2PSeamMultiOriented,True,ambiguous_no_student_convention,0.3948
4502442,Svea Hovra╠êtt etc/export_job_4502442/858109/Svea_Hovra╠êtt_ÔÇô_Advokatfiskalen_Ja╠êmtlands_la╠ên_(1708)_320_ÔÇô_350_/page/0003_DSC_0551.xml,0003_DSC_0551,3,IN_PROGRESS,2021-12-08T16:00:03.001+01:00,2021-12-09T09:35:49.172+01:00,70045679,1093.7,61,17.93,0,0,3,¬¬¬,/net_tf/LA73_249_0mod360.pb | Jaemtlands_domsagas_M1+(htr_id=13685) | de.uros.citlab.module.baseline2polygon.B2PSeamMultiOriented,True,ambiguous_no_student_convention,0.326
4502442,Svea Hovra╠êtt etc/export_job_4502442/858109/Svea_Hovra╠êtt_ÔÇô_Advokatfiskalen_Ja╠êmtlands_la╠ên_(1708)_320_ÔÇô_350_/page/0004_DSC_0552.xml,0004_DSC_0552,4,IN_PROGRESS,2021-12-08T16:00:03.033+01:00,2021-12-08T16:32:04.385+01:00,69945356,,55,,0,0,2,¬¬,/net_tf/LA73_249_0mod360.pb | Jaemtlands_domsagas_M1+(htr_id=13685) | de.uros.citlab.module.baseline2polygon.B2PSeamMultiOriented,True,ambiguous_no_student_convention,0.4059
4502442,Svea Hovra╠êtt etc/export_job_4502442/858109/Svea_Hovra╠êtt_ÔÇô_Advokatfiskalen_Ja╠êmtlands_la╠ên_(1708)_320_ÔÇô_350_/page/0005_DSC_0553.xml,0005_DSC_0553,5,IN_PROGRESS,2021-12-08T16:00:03.076+01:00,2021-12-08T16:32:24.699+01:00,69945421,20.3,61,0.333,0,0,1,¬,/net_tf/LA73_249_0mod360.pb | Jaemtlands_domsagas_M1+(htr_id=13685) | de.uros.citlab.module.baseline2polygon.B2PSeamMultiOriented,True,likely_uncorrected_recognition_output,0.3147
4502442,Svea Hovra╠êtt etc/export_job_4502442/858109/Svea_Hovra╠êtt_ÔÇô_Advokatfiskalen_Ja╠êmtlands_la╠ên_(1708)_320_ÔÇô_350_/page/0006_DSC_0554.xml,0006_DSC_0554,6,IN_PROGRESS,2021-12-08T16:00:03.114+01:00,2021-12-08T16:32:45.562+01:00,69945511,20.9,53,0.394,0,0,1,¬,/net_tf/LA73_249_0mod360.pb | Jaemtlands_domsagas_M1+(htr_id=13685) | de.uros.citlab.module.baseline2polygon.B2PSeamMultiOriented,True,likely_uncorrected_recognition_output,0.318
4502442,Svea Hovra╠êtt etc/export_job_4502442/858109/Svea_Hovra╠êtt_ÔÇô_Advokatfiskalen_Ja╠êmtlands_la╠ên_(1708)_320_ÔÇô_350_/page/0007_DSC_0555.xml,0007_DSC_0555,7,IN_PROGRESS,2021-12-08T16:00:03.152+01:00,2021-12-08T16:33:07.653+01:00,69945638,22.1,55,0.402,0,0,1,¬,/net_tf/LA73_249_0mod360.pb | Jaemtlands_domsagas_M1+(htr_id=13685) | de.uros.citlab.module.baseline2polygon.B2PSeamMultiOriented,True,likely_uncorrected_recognition_output,0.3017
4502442,Svea Hovra╠êtt etc/export_job_4502442/858109/Svea_Hovra╠êtt_ÔÇô_Advokatfiskalen_Ja╠êmtlands_la╠ên_(1708)_320_ÔÇô_350_/page/0008_DSC_0556.xml,0008_DSC_0556,8,IN_PROGRESS,2021-12-08T16:00:03.181+01:00,2021-12-08T16:33:29.289+01:00,69945770,21.6,57,0.38,0,0,0,,/net_tf/LA73_249_0mod360.pb | Jaemtlands_domsagas_M1+(htr_id=13685) | de.uros.citlab.module.baseline2polygon.B2PSeamMultiOriented,True,likely_uncorrected_recognition_output,0.3445
4502442,Svea Hovra╠êtt etc/export_job_4502442/858109/Svea_Hovra╠êtt_ÔÇô_Advokatfiskalen_Ja╠êmtlands_la╠ên_(1708)_320_ÔÇô_350_/page/0009_DSC_0557.xml,0009_DSC_0557,9,IN_PROGRESS,2021-12-08T16:00:03.213+01:00,2021-12-08T16:33:49.909+01:00,69945859,20.6,57,0.362,0,0,2,¬¬,/net_tf/LA73_249_0mod360.pb | Jaemtlands_domsagas_M1+(htr_id=13685) | de.uros.citlab.module.baseline2polygon.B2PSeamMultiOriented,True,likely_uncorrected_recognition_output,0.3196
4502442,Svea Hovra╠êtt etc/export_job_4502442/858109/Svea_Hovra╠êtt_ÔÇô_Advokatfiskalen_Ja╠êmtlands_la╠ên_(1708)_320_ÔÇô_350_/page/0010_DSC_0558.xml,0010_DSC_0558,10,IN_PROGRESS,2021-12-08T16:00:03.240+01:00,2021-12-08T16:34:08.329+01:00,69945930,18.4,53,0.348,0,0,1,¬,/net_tf/LA73_249_0mod360.pb | Jaemtlands_domsagas_M1+(htr_id=13685) | de.uros.citlab.module.baseline2polygon.B2PSeamMultiOriented,True,likely_uncorrected_recognition_output,0.401
4502442,Svea Hovra╠êtt etc/export_job_4502442/858109/Svea_Hovra╠êtt_ÔÇô_Advokatfiskalen_Ja╠êmtlands_la╠ên_(1708)_320_ÔÇô_350_/page/0011_DSC_0559.xml,0011_DSC_0559,11,IN_PROGRESS,2021-12-08T16:00:03.274+01:00,2021-12-08T16:34:30.678+01:00,69946015,22.3,60,0.372,0,0,1,¬,/net_tf/LA73_249_0mod360.pb | Jaemtlands_domsagas_M1+(htr_id=13685) | de.uros.citlab.module.baseline2polygon.B2PSeamMultiOriented,True,likely_uncorrected_recognition_output,0.3085
4502442,Svea Hovra╠êtt etc/export_job_4502442/858109/Svea_Hovra╠êtt_ÔÇô_Advokatfiskalen_Ja╠êmtlands_la╠ên_(1708)_320_ÔÇô_350_/page/0012_DSC_0560.xml,0012_DSC_0560,12,IN_PROGRESS,2021-12-08T16:00:03.313+01:00,2021-12-08T16:34:50.424+01:00,69946118,19.7,53,0.373,0,0,2,¬¬,/net_tf/LA73_249_0mod360.pb | Jaemtlands_domsagas_M1+(htr_id=13685) | de.uros.citlab.module.baseline2polygon.B2PSeamMultiOriented,True,likely_uncorrected_recognition_output,0.4167
4502442,Svea Hovra╠êtt etc/export_job_4502442/858109/Svea_Hovra╠êtt_ÔÇô_Advokatfiskalen_Ja╠êmtlands_la╠ên_(1708)_320_ÔÇô_350_/page/0013_DSC_0561.xml,0013_DSC_0561,13,IN_PROGRESS,2021-12-08T16:00:03.344+01:00,2021-12-08T16:35:07.579+01:00,69946237,17.2,57,0.301,0,0,1,¬,/net_tf/LA73_249_0mod360.pb | Jaemtlands_domsagas_M1+(htr_id=13685) | de.uros.citlab.module.baseline2polygon.B2PSeamMultiOriented,True,likely_uncorrected_recognition_output,0.3705
4502442,Svea Hovra╠êtt etc/export_job_4502442/858109/Svea_Hovra╠êtt_ÔÇô_Advokatfiskalen_Ja╠êmtlands_la╠ên_(1708)_320_ÔÇô_350_/page/0014_DSC_0562.xml,0014_DSC_0562,14,IN_PROGRESS,2021-12-08T16:00:03.372+01:00,2021-12-08T16:35:31.245+01:00,69946354,23.7,59,0.401,0,0,2,¬¬,/net_tf/LA73_249_0mod360.pb | Jaemtlands_domsagas_M1+(htr_id=13685) | de.uros.citlab.module.baseline2polygon.B2PSeamMultiOriented,True,likely_uncorrected_recognition_output,0.3333
4502442,Svea Hovra╠êtt etc/export_job_4502442/858109/Svea_Hovra╠êtt_ÔÇô_Advokatfiskalen_Ja╠êmtlands_la╠ên_(1708)_320_ÔÇô_350_/page/0015_DSC_0563.xml,0015_DSC_0563,15,IN_PROGRESS,2021-12-08T16:00:03.408+01:00,2021-12-08T16:35:50.867+01:00,69946446,19.6,57,0.344,0,0,3,¬¬¬,/net_tf/LA73_249_0mod360.pb | Jaemtlands_domsagas_M1+(htr_id=13685) | de.uros.citlab.module.baseline2polygon.B2PSeamMultiOriented,True,likely_uncorrected_recognition_output,0.3853
4502442,Svea Hovra╠êtt etc/export_job_4502442/858109/Svea_Hovra╠êtt_ÔÇô_Advokatfiskalen_Ja╠êmtlands_la╠ên_(1708)_320_ÔÇô_350_/page/0016_DSC_0564.xml,0016_DSC_0564,16,IN_PROGRESS,2021-12-08T16:00:03.442+01:00,2021-12-08T16:36:10.242+01:00,69946494,19.4,55,0.352,0,0,0,,/net_tf/LA73_249_0mod360.pb | Jaemtlands_domsagas_M1+(htr_id=13685) | de.uros.citlab.module.baseline2polygon.B2PSeamMultiOriented,True,likely_uncorrected_recognition_output,0.3273
4502442,Svea Hovra╠êtt etc/export_job_4502442/858109/Svea_Hovra╠êtt_ÔÇô_Advokatfiskalen_Ja╠êmtlands_la╠ên_(1708)_320_ÔÇô_350_/page/0017_DSC_0565.xml,0017_DSC_0565,17,IN_PROGRESS,2021-12-08T16:00:03.479+01:00,2021-12-08T16:36:28.148+01:00,69946557,17.9,52,0.344,0,0,0,,/net_tf/LA73_249_0mod360.pb | Jaemtlands_domsagas_M1+(htr_id=13685) | de.uros.citlab.module.baseline2polygon.B2PSeamMultiOriented,True,likely_uncorrected_recognition_output,0.3239
4502442,Svea Hovra╠êtt etc/export_job_4502442/858109/Svea_Hovra╠êtt_ÔÇô_Advokatfiskalen_Ja╠êmtlands_la╠ên_(1708)_320_ÔÇô_350_/page/0018_DSC_0566.xml,0018_DSC_0566,18,IN_PROGRESS,2021-12-08T16:00:03.505+01:00,2021-12-08T16:36:44.893+01:00,69946639,16.7,56,0.299,0,0,2,¬¬,/net_tf/LA73_249_0mod360.pb | Jaemtlands_domsagas_M1+(htr_id=13685) | de.uros.citlab.module.baseline2polygon.B2PSeamMultiOriented,True,likely_uncorrected_recognition_output,0.3333
4502442,Svea Hovra╠êtt etc/export_job_4502442/858109/Svea_Hovra╠êtt_ÔÇô_Advokatfiskalen_Ja╠êmtlands_la╠ên_(1708)_320_ÔÇô_350_/page/0019_DSC_0567.xml,0019_DSC_0567,19,IN_PROGRESS,2021-12-08T16:00:03.546+01:00,2021-12-08T16:37:01.560+01:00,69946726,16.7,48,0.347,0,0,2,¬¬,/net_tf/LA73_249_0mod360.pb | Jaemtlands_domsagas_M1+(htr_id=13685) | de.uros.citlab.module.baseline2polygon.B2PSeamMultiOriented,True,likely_uncorrected_recognition_output,0.369
4502442,Svea Hovra╠êtt etc/export_job_4502442/858109/Svea_Hovra╠êtt_ÔÇô_Advokatfiskalen_Ja╠êmtlands_la╠ên_(1708)_320_ÔÇô_350_/page/0020_DSC_0568.xml,0020_DSC_0568,20,IN_PROGRESS,2021-12-08T16:00:03.577+01:00,2021-12-08T16:37:20.853+01:00,69946841,19.3,54,0.357,0,0,6,¬¬¬¬¬¬,/net_tf/LA73_249_0mod360.pb | Jaemtlands_domsagas_M1+(htr_id=13685) | de.uros.citlab.module.baseline2polygon.B2PSeamMultiOriented,True,likely_uncorrected_recognition_output,0.3918
4502442,Svea Hovra╠êtt etc/export_job_4502442/858109/Svea_Hovra╠êtt_ÔÇô_Advokatfiskalen_Ja╠êmtlands_la╠ên_(1708)_320_ÔÇô_350_/page/0021_DSC_0569.xml,0021_DSC_0569,21,IN_PROGRESS,2021-12-08T16:00:03.602+01:00,2021-12-08T16:37:40.210+01:00,69946922,19.4,52,0.372,0,0,1,¬,/net_tf/LA73_249_0mod360.pb | Jaemtlands_domsagas_M1+(htr_id=13685) | de.uros.citlab.module.baseline2polygon.B2PSeamMultiOriented,True,likely_uncorrected_recognition_output,0.3288
4502442,Svea Hovra╠êtt etc/export_job_4502442/858109/Svea_Hovra╠êtt_ÔÇô_Advokatfiskalen_Ja╠êmtlands_la╠ên_(1708)_320_ÔÇô_350_/page/0022_DSC_0570.xml,0022_DSC_0570,22,IN_PROGRESS,2021-12-08T16:00:03.635+01:00,2021-12-08T16:37:58.823+01:00,69946990,18.6,54,0.345,0,0,3,¬¬¬,/net_tf/LA73_249_0mod360.pb | Jaemtlands_domsagas_M1+(htr_id=13685) | de.uros.citlab.module.baseline2polygon.B2PSeamMultiOriented,True,likely_uncorrected_recognition_output,0.3977
4502442,Svea Hovra╠êtt etc/export_job_4502442/858109/Svea_Hovra╠êtt_ÔÇô_Advokatfiskalen_Ja╠êmtlands_la╠ên_(1708)_320_ÔÇô_350_/page/0023_DSC_0571.xml,0023_DSC_0571,23,IN_PROGRESS,2021-12-08T16:00:03.662+01:00,2021-12-08T16:38:17.000+01:00,69947097,18.2,55,0.33,0,0,0,,/net_tf/LA73_249_0mod360.pb | Jaemtlands_domsagas_M1+(htr_id=13685) | de.uros.citlab.module.baseline2polygon.B2PSeamMultiOriented,True,likely_uncorrected_recognition_output,0.3854
4502442,Svea Hovra╠êtt etc/export_job_4502442/858109/Svea_Hovra╠êtt_ÔÇô_Advokatfiskalen_Ja╠êmtlands_la╠ên_(1708)_320_ÔÇô_350_/page/0024_DSC_0572.xml,0024_DSC_0572,24,IN_PROGRESS,2021-12-08T16:00:03.695+01:00,2021-12-08T16:38:36.130+01:00,69947211,19.1,53,0.361,0,0,0,,/net_tf/LA73_249_0mod360.pb | Jaemtlands_domsagas_M1+(htr_id=13685) | de.uros.citlab.module.baseline2polygon.B2PSeamMultiOriented,True,likely_uncorrected_recognition_output,0.3812
4502442,Svea Hovra╠êtt etc/export_job_4502442/858109/Svea_Hovra╠êtt_ÔÇô_Advokatfiskalen_Ja╠êmtlands_la╠ên_(1708)_320_ÔÇô_350_/page/0025_DSC_0573.xml,0025_DSC_0573,25,IN_PROGRESS,2021-12-08T16:00:03.725+01:00,2021-12-08T16:38:57.199+01:00,69947328,21.1,53,0.398,0,0,1,¬,/net_tf/LA73_249_0mod360.pb | Jaemtlands_domsagas_M1+(htr_id=13685) | de.uros.citlab.module.baseline2polygon.B2PSeamMultiOriented,True,likely_uncorrected_recognition_output,0.3333
4502442,Svea Hovra╠êtt etc/export_job_4502442/858109/Svea_Hovra╠êtt_ÔÇô_Advokatfiskalen_Ja╠êmtlands_la╠ên_(1708)_320_ÔÇô_350_/page/0026_DSC_0574.xml,0026_DSC_0574,26,IN_PROGRESS,2021-12-08T16:00:03.747+01:00,2021-12-08T16:39:17.046+01:00,69947410,19.8,50,0.397,0,0,2,¬¬,/net_tf/LA73_249_0mod360.pb | Jaemtlands_domsagas_M1+(htr_id=13685) | de.uros.citlab.module.baseline2polygon.B2PSeamMultiOriented,True,likely_uncorrected_recognition_output,0.31
4502442,Svea Hovra╠êtt etc/export_job_4502442/858109/Svea_Hovra╠êtt_ÔÇô_Advokatfiskalen_Ja╠êmtlands_la╠ên_(1708)_320_ÔÇô_350_/page/0027_DSC_0575.xml,0027_DSC_0575,27,IN_PROGRESS,2021-12-08T16:00:03.779+01:00,2021-12-08T16:39:36.116+01:00,69947484,19.1,51,0.374,0,0,2,¬¬,/net_tf/LA73_249_0mod360.pb | Jaemtlands_domsagas_M1+(htr_id=13685) | de.uros.citlab.module.baseline2polygon.B2PSeamMultiOriented,True,likely_uncorrected_recognition_output,0.3399
4502442,Svea Hovra╠êtt etc/export_job_4502442/858109/Svea_Hovra╠êtt_ÔÇô_Advokatfiskalen_Ja╠êmtlands_la╠ên_(1708)_320_ÔÇô_350_/page/0028_DSC_0576.xml,0028_DSC_0576,28,IN_PROGRESS,2021-12-08T16:00:03.803+01:00,2021-12-08T16:39:57.040+01:00,69947550,20.9,54,0.387,0,0,0,,/net_tf/LA73_249_0mod360.pb | Jaemtlands_domsagas_M1+(htr_id=13685) | de.uros.citlab.module.baseline2polygon.B2PSeamMultiOriented,True,likely_uncorrected_recognition_output,0.3267
4502442,Svea Hovra╠êtt etc/export_job_4502442/858109/Svea_Hovra╠êtt_ÔÇô_Advokatfiskalen_Ja╠êmtlands_la╠ên_(1708)_320_ÔÇô_350_/page/0029_DSC_0577.xml,0029_DSC_0577,29,IN_PROGRESS,2021-12-08T16:00:03.827+01:00,2021-12-08T16:40:16.983+01:00,69947605,19.9,59,0.338,0,0,1,¬,/net_tf/LA73_249_0mod360.pb | Jaemtlands_domsagas_M1+(htr_id=13685) | de.uros.citlab.module.baseline2polygon.B2PSeamMultiOriented,True,likely_uncorrected_recognition_output,0.4256
4502442,Svea Hovra╠êtt etc/export_job_4502442/858109/Svea_Hovra╠êtt_ÔÇô_Advokatfiskalen_Ja╠êmtlands_la╠ên_(1708)_320_ÔÇô_350_/page/0030_DSC_0578.xml,0030_DSC_0578,30,IN_PROGRESS,2021-12-08T16:00:03.849+01:00,2021-12-08T16:40:34.912+01:00,69947653,17.9,54,0.332,0,0,1,¬,/net_tf/LA73_249_0mod360.pb | Jaemtlands_domsagas_M1+(htr_id=13685) | de.uros.citlab.module.baseline2polygon.B2PSeamMultiOriented,True,likely_uncorrected_recognition_output,0.4444
4502442,Svea Hovra╠êtt etc/export_job_4502442/858109/Svea_Hovra╠êtt_ÔÇô_Advokatfiskalen_Ja╠êmtlands_la╠ên_(1708)_320_ÔÇô_350_/page/0031_DSC_0579.xml,0031_DSC_0579,31,IN_PROGRESS,2021-12-08T16:00:03.873+01:00,2021-12-08T16:40:46.713+01:00,69947680,11.8,37,0.319,0,0,0,,/net_tf/LA73_249_0mod360.pb | Jaemtlands_domsagas_M1+(htr_id=13685) | de.uros.citlab.module.baseline2polygon.B2PSeamMultiOriented,True,likely_uncorrected_recognition_output,0.4479
4502443,Svea Hovra╠êtt etc/export_job_4502443/858057/Svea_Hovra╠êtt_ÔÇô_Advokatfiskalen_Ja╠êmtlands_la╠ên_(1713)_372_ÔÇô_383_/page/0001_DSC_0449.xml,0001_DSC_0449,1,IN_PROGRESS,2021-12-08T14:30:10.796+01:00,2021-12-08T16:00:51.806+01:00,69939888,,25,,0,5,0,-----,/net_tf/LA73_249_0mod360.pb | Jaemtlands_domsagas_M1+(htr_id=13685) | de.uros.citlab.module.baseline2polygon.B2PSeamMultiOriented,True,edited,0.3459
4502443,Svea Hovra╠êtt etc/export_job_4502443/858057/Svea_Hovra╠êtt_ÔÇô_Advokatfiskalen_Ja╠êmtlands_la╠ên_(1713)_372_ÔÇô_383_/page/0002_DSC_0450.xml,0002_DSC_0450,2,IN_PROGRESS,2021-12-08T14:30:10.874+01:00,2021-12-08T16:05:08.293+01:00,69940473,134.0,56,2.393,2,5,0,-----,/net_tf/LA73_249_0mod360.pb | Jaemtlands_domsagas_M1+(htr_id=13685) | de.uros.citlab.module.baseline2polygon.B2PSeamMultiOriented,True,edited,0.2722
4502443,Svea Hovra╠êtt etc/export_job_4502443/858057/Svea_Hovra╠êtt_ÔÇô_Advokatfiskalen_Ja╠êmtlands_la╠ên_(1713)_372_ÔÇô_383_/page/0003_DSC_0451.xml,0003_DSC_0451,3,IN_PROGRESS,2021-12-08T14:30:10.921+01:00,2021-12-08T16:06:41.145+01:00,69940699,92.9,55,1.688,3,4,0,----,/net_tf/LA73_249_0mod360.pb | Jaemtlands_domsagas_M1+(htr_id=13685) | de.uros.citlab.module.baseline2polygon.B2PSeamMultiOriented,True,edited,0.3121
4502443,Svea Hovra╠êtt etc/export_job_4502443/858057/Svea_Hovra╠êtt_ÔÇô_Advokatfiskalen_Ja╠êmtlands_la╠ên_(1713)_372_ÔÇô_383_/page/0004_DSC_0452.xml,0004_DSC_0452,4,IN_PROGRESS,2021-12-08T14:30:10.967+01:00,2021-12-08T16:07:22.476+01:00,69940810,41.3,54,0.765,1,3,0,---,/net_tf/LA73_249_0mod360.pb | Jaemtlands_domsagas_M1+(htr_id=13685) | de.uros.citlab.module.baseline2polygon.B2PSeamMultiOriented,True,ambiguous_machine_speed_save_with_student_edits,0.2743
4502443,Svea Hovra╠êtt etc/export_job_4502443/858057/Svea_Hovra╠êtt_ÔÇô_Advokatfiskalen_Ja╠êmtlands_la╠ên_(1713)_372_ÔÇô_383_/page/0005_DSC_0453.xml,0005_DSC_0453,5,IN_PROGRESS,2021-12-08T14:30:11.014+01:00,2021-12-08T16:08:02.474+01:00,69940922,40.0,56,0.714,2,8,0,--------,/net_tf/LA73_249_0mod360.pb | Jaemtlands_domsagas_M1+(htr_id=13685) | de.uros.citlab.module.baseline2polygon.B2PSeamMultiOriented,True,ambiguous_machine_speed_save_with_student_edits,0.273
4502443,Svea Hovra╠êtt etc/export_job_4502443/858057/Svea_Hovra╠êtt_ÔÇô_Advokatfiskalen_Ja╠êmtlands_la╠ên_(1713)_372_ÔÇô_383_/page/0006_DSC_0454.xml,0006_DSC_0454,6,IN_PROGRESS,2021-12-08T14:30:11.061+01:00,2021-12-08T16:08:27.694+01:00,69940986,25.2,56,0.45,0,11,0,-----------,/net_tf/LA73_249_0mod360.pb | Jaemtlands_domsagas_M1+(htr_id=13685) | de.uros.citlab.module.baseline2polygon.B2PSeamMultiOriented,True,ambiguous_machine_speed_save_with_student_edits,0.3081
4502443,Svea Hovra╠êtt etc/export_job_4502443/858057/Svea_Hovra╠êtt_ÔÇô_Advokatfiskalen_Ja╠êmtlands_la╠ên_(1713)_372_ÔÇô_383_/page/0007_DSC_0455.xml,0007_DSC_0455,7,IN_PROGRESS,2021-12-08T14:30:11.092+01:00,2021-12-08T16:09:41.799+01:00,69941178,74.1,53,1.398,2,4,0,----,/net_tf/LA73_249_0mod360.pb | Jaemtlands_domsagas_M1+(htr_id=13685) | de.uros.citlab.module.baseline2polygon.B2PSeamMultiOriented,True,edited,0.2642
4502443,Svea Hovra╠êtt etc/export_job_4502443/858057/Svea_Hovra╠êtt_ÔÇô_Advokatfiskalen_Ja╠êmtlands_la╠ên_(1713)_372_ÔÇô_383_/page/0008_DSC_0456.xml,0008_DSC_0456,8,IN_PROGRESS,2021-12-08T14:30:11.124+01:00,2021-12-08T16:10:04.103+01:00,69941229,22.3,54,0.413,2,10,0,----------,/net_tf/LA73_249_0mod360.pb | Jaemtlands_domsagas_M1+(htr_id=13685) | de.uros.citlab.module.baseline2polygon.B2PSeamMultiOriented,True,ambiguous_machine_speed_save_with_student_edits,0.3273
4502443,Svea Hovra╠êtt etc/export_job_4502443/858057/Svea_Hovra╠êtt_ÔÇô_Advokatfiskalen_Ja╠êmtlands_la╠ên_(1713)_372_ÔÇô_383_/page/0009_DSC_0457.xml,0009_DSC_0457,9,IN_PROGRESS,2021-12-08T14:30:11.155+01:00,2021-12-08T16:13:55.465+01:00,69941820,231.4,56,4.131,0,3,3,---¬¬¬,/net_tf/LA73_249_0mod360.pb | Jaemtlands_domsagas_M1+(htr_id=13685) | de.uros.citlab.module.baseline2polygon.B2PSeamMultiOriented,True,edited+mixed_line_end_convention,0.3123
4502443,Svea Hovra╠êtt etc/export_job_4502443/858057/Svea_Hovra╠êtt_ÔÇô_Advokatfiskalen_Ja╠êmtlands_la╠ên_(1713)_372_ÔÇô_383_/page/0010_DSC_0458.xml,0010_DSC_0458,10,IN_PROGRESS,2021-12-08T14:30:11.217+01:00,2021-12-08T16:02:03.806+01:00,69940019,72.0,61,1.18,0,0,4,¬¬¬¬,/net_tf/LA73_249_0mod360.pb | Jaemtlands_domsagas_M1+(htr_id=13685) | de.uros.citlab.module.baseline2polygon.B2PSeamMultiOriented,True,ambiguous_no_student_convention,0.3655
4502443,Svea Hovra╠êtt etc/export_job_4502443/858057/Svea_Hovra╠êtt_ÔÇô_Advokatfiskalen_Ja╠êmtlands_la╠ên_(1713)_372_ÔÇô_383_/page/0011_DSC_0459.xml,0011_DSC_0459,11,IN_PROGRESS,2021-12-08T14:30:11.249+01:00,2021-12-08T16:02:43.224+01:00,69940110,39.4,64,0.616,0,0,2,¬¬,/net_tf/LA73_249_0mod360.pb | Jaemtlands_domsagas_M1+(htr_id=13685) | de.uros.citlab.module.baseline2polygon.B2PSeamMultiOriented,True,likely_uncorrected_recognition_output,0.3544
4502443,Svea Hovra╠êtt etc/export_job_4502443/858057/Svea_Hovra╠êtt_ÔÇô_Advokatfiskalen_Ja╠êmtlands_la╠ên_(1713)_372_ÔÇô_383_/page/0012_DSC_0460.xml,0012_DSC_0460,12,IN_PROGRESS,2021-12-08T14:30:11.280+01:00,2021-12-08T16:02:54.286+01:00,69940140,11.1,17,0.651,0,0,0,,/net_tf/LA73_249_0mod360.pb | Jaemtlands_domsagas_M1+(htr_id=13685) | de.uros.citlab.module.baseline2polygon.B2PSeamMultiOriented,True,likely_uncorrected_recognition_output,0.3766
4502444,Svea Hovra╠êtt etc/export_job_4502444/855910/Svea_Hovra╠êtt_ÔÇô_Advokatfiskalen_Ja╠êmtlands_la╠ên_(1713)_103_ÔÇô_117/page/0001_DSC_0433.xml,0001_DSC_0433,1,IN_PROGRESS,2021-12-06T13:50:27.189+01:00,2021-12-07T15:51:31.635+01:00,69730439,,27,,0,4,0,----,/net_tf/LA73_249_0mod360.pb | Jaemtlands_domsagas_M1+(htr_id=13685) | de.uros.citlab.module.baseline2polygon.B2PSeamMultiOriented,True,edited,0.3125
4502444,Svea Hovra╠êtt etc/export_job_4502444/855910/Svea_Hovra╠êtt_ÔÇô_Advokatfiskalen_Ja╠êmtlands_la╠ên_(1713)_103_ÔÇô_117/page/0002_DSC_0435.xml,0002_DSC_0435,2,IN_PROGRESS,2021-12-06T13:50:27.267+01:00,2021-12-09T16:36:17.846+01:00,70096187,94371.4,54,1747.618,1,5,0,-----,/net_tf/LA73_249_0mod360.pb | Jaemtlands_domsagas_M1+(htr_id=13685) | de.uros.citlab.module.baseline2polygon.B2PSeamMultiOriented,True,edited,0.2506
4502444,Svea Hovra╠êtt etc/export_job_4502444/855910/Svea_Hovra╠êtt_ÔÇô_Advokatfiskalen_Ja╠êmtlands_la╠ên_(1713)_103_ÔÇô_117/page/0003_DSC_0436.xml,0003_DSC_0436,3,IN_PROGRESS,2021-12-06T13:50:27.299+01:00,2021-12-07T15:59:12.755+01:00,69731307,461.1,55,8.384,1,7,0,-------,/net_tf/LA73_249_0mod360.pb | Jaemtlands_domsagas_M1+(htr_id=13685) | de.uros.citlab.module.baseline2polygon.B2PSeamMultiOriented,True,edited,0.291
4502444,Svea Hovra╠êtt etc/export_job_4502444/855910/Svea_Hovra╠êtt_ÔÇô_Advokatfiskalen_Ja╠êmtlands_la╠ên_(1713)_103_ÔÇô_117/page/0004_DSC_0437.xml,0004_DSC_0437,4,IN_PROGRESS,2021-12-06T13:50:27.345+01:00,2021-12-07T15:59:52.278+01:00,69731383,39.5,59,0.67,0,5,0,-----,/net_tf/LA73_249_0mod360.pb | Jaemtlands_domsagas_M1+(htr_id=13685) | de.uros.citlab.module.baseline2polygon.B2PSeamMultiOriented,True,ambiguous_machine_speed_save_with_student_edits,0.2707
4502444,Svea Hovra╠êtt etc/export_job_4502444/855910/Svea_Hovra╠êtt_ÔÇô_Advokatfiskalen_Ja╠êmtlands_la╠ên_(1713)_103_ÔÇô_117/page/0005_DSC_0438.xml,0005_DSC_0438,5,IN_PROGRESS,2021-12-06T13:50:27.388+01:00,2021-12-07T16:00:32.638+01:00,69731458,40.4,56,0.721,0,7,0,-------,/net_tf/LA73_249_0mod360.pb | Jaemtlands_domsagas_M1+(htr_id=13685) | de.uros.citlab.module.baseline2polygon.B2PSeamMultiOriented,True,ambiguous_machine_speed_save_with_student_edits,0.2487
4502444,Svea Hovra╠êtt etc/export_job_4502444/855910/Svea_Hovra╠êtt_ÔÇô_Advokatfiskalen_Ja╠êmtlands_la╠ên_(1713)_103_ÔÇô_117/page/0006_DSC_0439.xml,0006_DSC_0439,6,IN_PROGRESS,2021-12-06T13:50:27.419+01:00,2021-12-08T14:08:24.412+01:00,69920493,79671.8,58,1373.651,1,5,0,-----,/net_tf/LA73_249_0mod360.pb | Jaemtlands_domsagas_M1+(htr_id=13685) | de.uros.citlab.module.baseline2polygon.B2PSeamMultiOriented,True,edited,0.3109
4502444,Svea Hovra╠êtt etc/export_job_4502444/855910/Svea_Hovra╠êtt_ÔÇô_Advokatfiskalen_Ja╠êmtlands_la╠ên_(1713)_103_ÔÇô_117/page/0007_DSC_0440.xml,0007_DSC_0440,7,IN_PROGRESS,2021-12-06T13:50:27.443+01:00,2021-12-08T14:09:25.552+01:00,69920663,61.1,56,1.092,1,6,0,------,/net_tf/LA73_249_0mod360.pb | Jaemtlands_domsagas_M1+(htr_id=13685) | de.uros.citlab.module.baseline2polygon.B2PSeamMultiOriented,True,edited,0.3158
4502444,Svea Hovra╠êtt etc/export_job_4502444/855910/Svea_Hovra╠êtt_ÔÇô_Advokatfiskalen_Ja╠êmtlands_la╠ên_(1713)_103_ÔÇô_117/page/0008_DSC_0441.xml,0008_DSC_0441,8,IN_PROGRESS,2021-12-06T13:50:27.463+01:00,2021-12-08T14:10:03.014+01:00,69920752,37.5,56,0.669,0,1,0,-,/net_tf/LA73_249_0mod360.pb | Jaemtlands_domsagas_M1+(htr_id=13685) | de.uros.citlab.module.baseline2polygon.B2PSeamMultiOriented,True,ambiguous_machine_speed_save_with_student_edits,0.359
4502444,Svea Hovra╠êtt etc/export_job_4502444/855910/Svea_Hovra╠êtt_ÔÇô_Advokatfiskalen_Ja╠êmtlands_la╠ên_(1713)_103_ÔÇô_117/page/0009_DSC_0442.xml,0009_DSC_0442,9,IN_PROGRESS,2021-12-06T13:50:27.488+01:00,2021-12-08T14:12:40.630+01:00,69921140,157.6,56,2.815,3,7,0,-------,/net_tf/LA73_249_0mod360.pb | Jaemtlands_domsagas_M1+(htr_id=13685) | de.uros.citlab.module.baseline2polygon.B2PSeamMultiOriented,True,edited,0.3381
4502444,Svea Hovra╠êtt etc/export_job_4502444/855910/Svea_Hovra╠êtt_ÔÇô_Advokatfiskalen_Ja╠êmtlands_la╠ên_(1713)_103_ÔÇô_117/page/0010_DSC_0443.xml,0010_DSC_0443,10,IN_PROGRESS,2021-12-06T13:50:27.513+01:00,2021-12-08T14:13:02.377+01:00,69921190,21.7,56,0.388,6,4,0,----,/net_tf/LA73_249_0mod360.pb | Jaemtlands_domsagas_M1+(htr_id=13685) | de.uros.citlab.module.baseline2polygon.B2PSeamMultiOriented,True,ambiguous_machine_speed_save_with_student_edits,0.3177
4502444,Svea Hovra╠êtt etc/export_job_4502444/855910/Svea_Hovra╠êtt_ÔÇô_Advokatfiskalen_Ja╠êmtlands_la╠ên_(1713)_103_ÔÇô_117/page/0011_DSC_0444.xml,0011_DSC_0444,11,IN_PROGRESS,2021-12-06T13:50:27.538+01:00,2021-12-08T14:14:26.590+01:00,69922257,84.2,56,1.504,4,2,0,--,/net_tf/LA73_249_0mod360.pb | Jaemtlands_domsagas_M1+(htr_id=13685) | de.uros.citlab.module.baseline2polygon.B2PSeamMultiOriented,True,edited,0.3534
4502444,Svea Hovra╠êtt etc/export_job_4502444/855910/Svea_Hovra╠êtt_ÔÇô_Advokatfiskalen_Ja╠êmtlands_la╠ên_(1713)_103_ÔÇô_117/page/0012_DSC_0445.xml,0012_DSC_0445,12,IN_PROGRESS,2021-12-06T13:50:27.578+01:00,2021-12-08T14:16:34.435+01:00,69922794,127.8,55,2.324,2,3,0,---,/net_tf/LA73_249_0mod360.pb | Jaemtlands_domsagas_M1+(htr_id=13685) | de.uros.citlab.module.baseline2polygon.B2PSeamMultiOriented,True,edited,0.3037
4502444,Svea Hovra╠êtt etc/export_job_4502444/855910/Svea_Hovra╠êtt_ÔÇô_Advokatfiskalen_Ja╠êmtlands_la╠ên_(1713)_103_ÔÇô_117/page/0013_DSC_0446.xml,0013_DSC_0446,13,IN_PROGRESS,2021-12-06T13:50:27.608+01:00,2021-12-08T14:17:13.342+01:00,69922911,38.9,57,0.683,0,12,0,------------,/net_tf/LA73_249_0mod360.pb | Jaemtlands_domsagas_M1+(htr_id=13685) | de.uros.citlab.module.baseline2polygon.B2PSeamMultiOriented,True,ambiguous_machine_speed_save_with_student_edits,0.3095
4502444,Svea Hovra╠êtt etc/export_job_4502444/855910/Svea_Hovra╠êtt_ÔÇô_Advokatfiskalen_Ja╠êmtlands_la╠ên_(1713)_103_ÔÇô_117/page/0014_DSC_0447.xml,0014_DSC_0447,14,IN_PROGRESS,2021-12-06T13:50:27.638+01:00,2021-12-08T14:18:28.943+01:00,69923150,75.6,57,1.326,1,8,0,--------,/net_tf/LA73_249_0mod360.pb | Jaemtlands_domsagas_M1+(htr_id=13685) | de.uros.citlab.module.baseline2polygon.B2PSeamMultiOriented,True,edited,0.3445
4502444,Svea Hovra╠êtt etc/export_job_4502444/855910/Svea_Hovra╠êtt_ÔÇô_Advokatfiskalen_Ja╠êmtlands_la╠ên_(1713)_103_ÔÇô_117/page/0015_DSC_0448.xml,0015_DSC_0448,15,IN_PROGRESS,2021-12-06T13:50:27.658+01:00,2021-12-08T14:23:26.482+01:00,69924022,297.5,46,6.468,8,2,0,--,/net_tf/LA73_249_0mod360.pb | Jaemtlands_domsagas_M1+(htr_id=13685) | de.uros.citlab.module.baseline2polygon.B2PSeamMultiOriented,True,edited,0.3093
4502445,Svea Hovra╠êtt etc/export_job_4502445/845640/Svea_Hovra╠êtt_-_Advokatfiskalen_Ja╠êmtlands_la╠ên_(1702)_366_-_414/page/0001_DSC_0370.xml,0001_DSC_0370,1,IN_PROGRESS,2021-11-29T13:12:46.803+01:00,2021-11-29T15:15:57.516+01:00,68814072,,24,,0,3,0,---,/net_tf/LA73_249_0mod360.pb | Jaemtlands_domsagas_M1+(htr_id=13685) | de.uros.citlab.module.baseline2polygon.B2PSeamMultiOriented,True,edited,0.2788
4502445,Svea Hovra╠êtt etc/export_job_4502445/845640/Svea_Hovra╠êtt_-_Advokatfiskalen_Ja╠êmtlands_la╠ên_(1702)_366_-_414/page/0002_DSC_0371.xml,0002_DSC_0371,2,IN_PROGRESS,2021-11-29T13:12:46.910+01:00,2021-11-29T15:18:43.085+01:00,68814254,165.6,42,3.942,0,11,0,-----------,/net_tf/LA73_249_0mod360.pb | Jaemtlands_domsagas_M1+(htr_id=13685) | de.uros.citlab.module.baseline2polygon.B2PSeamMultiOriented,True,edited,0.2642
4502445,Svea Hovra╠êtt etc/export_job_4502445/845640/Svea_Hovra╠êtt_-_Advokatfiskalen_Ja╠êmtlands_la╠ên_(1702)_366_-_414/page/0003_DSC_0372.xml,0003_DSC_0372,3,IN_PROGRESS,2021-11-29T13:12:46.992+01:00,2021-11-29T15:23:31.560+01:00,68814531,288.5,44,6.556,0,13,0,-------------,/net_tf/LA73_249_0mod360.pb | Jaemtlands_domsagas_M1+(htr_id=13685) | de.uros.citlab.module.baseline2polygon.B2PSeamMultiOriented,True,edited,0.2329
4502445,Svea Hovra╠êtt etc/export_job_4502445/845640/Svea_Hovra╠êtt_-_Advokatfiskalen_Ja╠êmtlands_la╠ên_(1702)_366_-_414/page/0004_DSC_0374.xml,0004_DSC_0374,4,IN_PROGRESS,2021-11-29T13:12:47.051+01:00,2021-11-29T15:32:14.509+01:00,68815372,522.9,45,11.621,0,12,0,------------,/net_tf/LA73_249_0mod360.pb | Jaemtlands_domsagas_M1+(htr_id=13685) | de.uros.citlab.module.baseline2polygon.B2PSeamMultiOriented,True,edited,0.2207
4502445,Svea Hovra╠êtt etc/export_job_4502445/845640/Svea_Hovra╠êtt_-_Advokatfiskalen_Ja╠êmtlands_la╠ên_(1702)_366_-_414/page/0005_DSC_0375.xml,0005_DSC_0375,5,IN_PROGRESS,2021-11-29T13:12:47.111+01:00,2021-11-29T15:45:50.167+01:00,68816529,815.7,45,18.126,0,7,0,-------,/net_tf/LA73_249_0mod360.pb | Jaemtlands_domsagas_M1+(htr_id=13685) | de.uros.citlab.module.baseline2polygon.B2PSeamMultiOriented,True,edited,0.2533
4502445,Svea Hovra╠êtt etc/export_job_4502445/845640/Svea_Hovra╠êtt_-_Advokatfiskalen_Ja╠êmtlands_la╠ên_(1702)_366_-_414/page/0006_DSC_0377.xml,0006_DSC_0377,6,IN_PROGRESS,2021-11-29T13:12:47.169+01:00,2021-11-29T15:50:39.560+01:00,68816886,289.4,44,6.577,0,2,0,--,/net_tf/LA73_249_0mod360.pb | Jaemtlands_domsagas_M1+(htr_id=13685) | de.uros.citlab.module.baseline2polygon.B2PSeamMultiOriented,True,edited,0.2243
4502445,Svea Hovra╠êtt etc/export_job_4502445/845640/Svea_Hovra╠êtt_-_Advokatfiskalen_Ja╠êmtlands_la╠ên_(1702)_366_-_414/page/0007_DSC_0378.xml,0007_DSC_0378,7,IN_PROGRESS,2021-11-29T13:12:47.213+01:00,2021-11-29T15:54:33.313+01:00,68817111,233.8,44,5.313,0,7,0,-------,/net_tf/LA73_249_0mod360.pb | Jaemtlands_domsagas_M1+(htr_id=13685) | de.uros.citlab.module.baseline2polygon.B2PSeamMultiOriented,True,edited,0.2441
4502445,Svea Hovra╠êtt etc/export_job_4502445/845640/Svea_Hovra╠êtt_-_Advokatfiskalen_Ja╠êmtlands_la╠ên_(1702)_366_-_414/page/0008_DSC_0379.xml,0008_DSC_0379,8,IN_PROGRESS,2021-11-29T13:12:47.257+01:00,2021-11-29T16:02:33.510+01:00,68817992,480.2,45,10.671,0,12,0,------------,/net_tf/LA73_249_0mod360.pb | Jaemtlands_domsagas_M1+(htr_id=13685) | de.uros.citlab.module.baseline2polygon.B2PSeamMultiOriented,True,edited,0.2864
4502445,Svea Hovra╠êtt etc/export_job_4502445/845640/Svea_Hovra╠êtt_-_Advokatfiskalen_Ja╠êmtlands_la╠ên_(1702)_366_-_414/page/0009_DSC_0380.xml,0009_DSC_0380,9,IN_PROGRESS,2021-11-29T13:12:47.302+01:00,2021-11-29T16:08:51.262+01:00,68818396,377.8,41,9.213,0,8,0,--------,/net_tf/LA73_249_0mod360.pb | Jaemtlands_domsagas_M1+(htr_id=13685) | de.uros.citlab.module.baseline2polygon.B2PSeamMultiOriented,True,edited,0.2775
4502445,Svea Hovra╠êtt etc/export_job_4502445/845640/Svea_Hovra╠êtt_-_Advokatfiskalen_Ja╠êmtlands_la╠ên_(1702)_366_-_414/page/0010_DSC_0381.xml,0010_DSC_0381,10,IN_PROGRESS,2021-11-29T13:12:47.353+01:00,2021-11-29T16:17:49.402+01:00,68819269,538.1,44,12.23,0,3,0,---,/net_tf/LA73_249_0mod360.pb | Jaemtlands_domsagas_M1+(htr_id=13685) | de.uros.citlab.module.baseline2polygon.B2PSeamMultiOriented,True,edited,0.2525
4502445,Svea Hovra╠êtt etc/export_job_4502445/845640/Svea_Hovra╠êtt_-_Advokatfiskalen_Ja╠êmtlands_la╠ên_(1702)_366_-_414/page/0011_DSC_0383.xml,0011_DSC_0383,11,IN_PROGRESS,2021-11-29T13:12:47.419+01:00,2021-11-30T11:59:14.354+01:00,68854935,70885.0,44,1611.022,2,7,0,-------,/net_tf/LA73_249_0mod360.pb | Jaemtlands_domsagas_M1+(htr_id=13685) | de.uros.citlab.module.baseline2polygon.B2PSeamMultiOriented,True,edited,0.194
4502445,Svea Hovra╠êtt etc/export_job_4502445/845640/Svea_Hovra╠êtt_-_Advokatfiskalen_Ja╠êmtlands_la╠ên_(1702)_366_-_414/page/0012_DSC_0384.xml,0012_DSC_0384,12,IN_PROGRESS,2021-11-29T13:12:47.486+01:00,2021-11-30T12:07:41.360+01:00,68855452,507.0,45,11.267,0,9,0,---------,/net_tf/LA73_249_0mod360.pb | Jaemtlands_domsagas_M1+(htr_id=13685) | de.uros.citlab.module.baseline2polygon.B2PSeamMultiOriented,True,edited,0.1727
4502445,Svea Hovra╠êtt etc/export_job_4502445/845640/Svea_Hovra╠êtt_-_Advokatfiskalen_Ja╠êmtlands_la╠ên_(1702)_366_-_414/page/0013_DSC_0385.xml,0013_DSC_0385,13,IN_PROGRESS,2021-11-29T13:12:47.537+01:00,2021-11-30T13:27:18.857+01:00,68857421,4777.5,41,116.524,0,12,0,------------,/net_tf/LA73_249_0mod360.pb | Jaemtlands_domsagas_M1+(htr_id=13685) | de.uros.citlab.module.baseline2polygon.B2PSeamMultiOriented,True,edited,0.2961
4502445,Svea Hovra╠êtt etc/export_job_4502445/845640/Svea_Hovra╠êtt_-_Advokatfiskalen_Ja╠êmtlands_la╠ên_(1702)_366_-_414/page/0014_DSC_0386.xml,0014_DSC_0386,14,IN_PROGRESS,2021-11-29T13:12:47.593+01:00,2021-11-30T13:39:28.184+01:00,68858157,729.3,45,16.207,0,10,0,----------,/net_tf/LA73_249_0mod360.pb | Jaemtlands_domsagas_M1+(htr_id=13685) | de.uros.citlab.module.baseline2polygon.B2PSeamMultiOriented,True,edited,0.2315
4502445,Svea Hovra╠êtt etc/export_job_4502445/845640/Svea_Hovra╠êtt_-_Advokatfiskalen_Ja╠êmtlands_la╠ên_(1702)_366_-_414/page/0015_DSC_0389.xml,0015_DSC_0389,15,IN_PROGRESS,2021-11-29T13:12:47.647+01:00,2021-11-30T13:44:32.243+01:00,68858233,304.1,44,6.91,0,4,0,----,/net_tf/LA73_249_0mod360.pb | Jaemtlands_domsagas_M1+(htr_id=13685) | de.uros.citlab.module.baseline2polygon.B2PSeamMultiOriented,True,edited,0.2615
4502445,Svea Hovra╠êtt etc/export_job_4502445/845640/Svea_Hovra╠êtt_-_Advokatfiskalen_Ja╠êmtlands_la╠ên_(1702)_366_-_414/page/0016_DSC_0390.xml,0016_DSC_0390,16,IN_PROGRESS,2021-11-29T13:12:47.696+01:00,2021-11-30T13:52:02.238+01:00,68858402,450.0,45,10.0,0,11,0,-----------,/net_tf/LA73_249_0mod360.pb | Jaemtlands_domsagas_M1+(htr_id=13685) | de.uros.citlab.module.baseline2polygon.B2PSeamMultiOriented,True,edited,0.3052
4502445,Svea Hovra╠êtt etc/export_job_4502445/845640/Svea_Hovra╠êtt_-_Advokatfiskalen_Ja╠êmtlands_la╠ên_(1702)_366_-_414/page/0017_DSC_0391.xml,0017_DSC_0391,17,IN_PROGRESS,2021-11-29T13:12:47.742+01:00,2021-11-30T13:56:13.815+01:00,68858514,251.6,45,5.591,0,12,0,------------,/net_tf/LA73_249_0mod360.pb | Jaemtlands_domsagas_M1+(htr_id=13685) | de.uros.citlab.module.baseline2polygon.B2PSeamMultiOriented,True,edited,0.2283
4502445,Svea Hovra╠êtt etc/export_job_4502445/845640/Svea_Hovra╠êtt_-_Advokatfiskalen_Ja╠êmtlands_la╠ên_(1702)_366_-_414/page/0018_DSC_0392.xml,0018_DSC_0392,18,IN_PROGRESS,2021-11-29T13:12:47.790+01:00,2021-11-30T14:01:09.311+01:00,68858628,295.5,45,6.567,0,10,0,----------,/net_tf/LA73_249_0mod360.pb | Jaemtlands_domsagas_M1+(htr_id=13685) | de.uros.citlab.module.baseline2polygon.B2PSeamMultiOriented,True,edited,0.2146
4502445,Svea Hovra╠êtt etc/export_job_4502445/845640/Svea_Hovra╠êtt_-_Advokatfiskalen_Ja╠êmtlands_la╠ên_(1702)_366_-_414/page/0019_DSC_0396.xml,0019_DSC_0396,19,IN_PROGRESS,2021-11-29T13:12:47.841+01:00,2021-11-30T14:06:35.720+01:00,68858716,326.4,43,7.591,0,11,0,-----------,/net_tf/LA73_249_0mod360.pb | Jaemtlands_domsagas_M1+(htr_id=13685) | de.uros.citlab.module.baseline2polygon.B2PSeamMultiOriented,True,edited,0.2073
4502445,Svea Hovra╠êtt etc/export_job_4502445/845640/Svea_Hovra╠êtt_-_Advokatfiskalen_Ja╠êmtlands_la╠ên_(1702)_366_-_414/page/0020_DSC_0397.xml,0020_DSC_0397,20,IN_PROGRESS,2021-11-29T13:12:47.887+01:00,2021-12-06T08:57:58.318+01:00,69537788,499882.6,45,11108.502,0,17,0,-----------------,/net_tf/LA73_249_0mod360.pb | Jaemtlands_domsagas_M1+(htr_id=13685) | de.uros.citlab.module.baseline2polygon.B2PSeamMultiOriented,True,edited,0.2644
4502445,Svea Hovra╠êtt etc/export_job_4502445/845640/Svea_Hovra╠êtt_-_Advokatfiskalen_Ja╠êmtlands_la╠ên_(1702)_366_-_414/page/0021_DSC_0398.xml,0021_DSC_0398,21,IN_PROGRESS,2021-11-29T13:12:47.925+01:00,2021-12-06T09:03:02.229+01:00,69538330,303.9,44,6.907,0,7,0,-------,/net_tf/LA73_249_0mod360.pb | Jaemtlands_domsagas_M1+(htr_id=13685) | de.uros.citlab.module.baseline2polygon.B2PSeamMultiOriented,True,edited,0.2596
4502445,Svea Hovra╠êtt etc/export_job_4502445/845640/Svea_Hovra╠êtt_-_Advokatfiskalen_Ja╠êmtlands_la╠ên_(1702)_366_-_414/page/0022_DSC_0399.xml,0022_DSC_0399,22,IN_PROGRESS,2021-11-29T13:12:47.965+01:00,2021-12-06T09:17:39.647+01:00,69539638,877.4,44,19.941,0,4,0,----,/net_tf/LA73_249_0mod360.pb | Jaemtlands_domsagas_M1+(htr_id=13685) | de.uros.citlab.module.baseline2polygon.B2PSeamMultiOriented,True,edited,0.265
4502445,Svea Hovra╠êtt etc/export_job_4502445/845640/Svea_Hovra╠êtt_-_Advokatfiskalen_Ja╠êmtlands_la╠ên_(1702)_366_-_414/page/0023_DSC_0400.xml,0023_DSC_0400,23,IN_PROGRESS,2021-11-29T13:12:48.001+01:00,2021-12-06T09:21:50.622+01:00,69539887,251.0,45,5.577,0,8,0,--------,/net_tf/LA73_249_0mod360.pb | Jaemtlands_domsagas_M1+(htr_id=13685) | de.uros.citlab.module.baseline2polygon.B2PSeamMultiOriented,True,edited,0.2149
4502445,Svea Hovra╠êtt etc/export_job_4502445/845640/Svea_Hovra╠êtt_-_Advokatfiskalen_Ja╠êmtlands_la╠ên_(1702)_366_-_414/page/0024_DSC_0401.xml,0024_DSC_0401,24,IN_PROGRESS,2021-11-29T13:12:48.042+01:00,2021-12-06T09:26:19.139+01:00,69540194,268.5,45,5.967,0,13,0,-------------,/net_tf/LA73_249_0mod360.pb | Jaemtlands_domsagas_M1+(htr_id=13685) | de.uros.citlab.module.baseline2polygon.B2PSeamMultiOriented,True,edited,0.2075
4502445,Svea Hovra╠êtt etc/export_job_4502445/845640/Svea_Hovra╠êtt_-_Advokatfiskalen_Ja╠êmtlands_la╠ên_(1702)_366_-_414/page/0025_DSC_0403.xml,0025_DSC_0403,25,IN_PROGRESS,2021-11-29T13:12:48.076+01:00,2021-12-06T09:31:13.218+01:00,69540574,294.1,45,6.535,0,14,0,--------------,/net_tf/LA73_249_0mod360.pb | Jaemtlands_domsagas_M1+(htr_id=13685) | de.uros.citlab.module.baseline2polygon.B2PSeamMultiOriented,True,edited,0.1867
4502445,Svea Hovra╠êtt etc/export_job_4502445/845640/Svea_Hovra╠êtt_-_Advokatfiskalen_Ja╠êmtlands_la╠ên_(1702)_366_-_414/page/0026_DSC_0404.xml,0026_DSC_0404,26,IN_PROGRESS,2021-11-29T13:12:48.113+01:00,2021-12-06T09:39:13.197+01:00,69541328,480.0,45,10.666,1,8,0,--------,/net_tf/LA73_249_0mod360.pb | Jaemtlands_domsagas_M1+(htr_id=13685) | de.uros.citlab.module.baseline2polygon.B2PSeamMultiOriented,True,edited,0.214
4502445,Svea Hovra╠êtt etc/export_job_4502445/845640/Svea_Hovra╠êtt_-_Advokatfiskalen_Ja╠êmtlands_la╠ên_(1702)_366_-_414/page/0027_DSC_0405.xml,0027_DSC_0405,27,IN_PROGRESS,2021-11-29T13:12:48.157+01:00,2021-12-06T09:43:01.321+01:00,69541713,228.1,45,5.069,0,12,0,------------,/net_tf/LA73_249_0mod360.pb | Jaemtlands_domsagas_M1+(htr_id=13685) | de.uros.citlab.module.baseline2polygon.B2PSeamMultiOriented,True,edited,0.1974
4502445,Svea Hovra╠êtt etc/export_job_4502445/845640/Svea_Hovra╠êtt_-_Advokatfiskalen_Ja╠êmtlands_la╠ên_(1702)_366_-_414/page/0028_DSC_0406.xml,0028_DSC_0406,28,IN_PROGRESS,2021-11-29T13:12:48.190+01:00,2021-12-06T09:47:43.130+01:00,69542655,281.8,45,6.262,0,7,0,-------,/net_tf/LA73_249_0mod360.pb | Jaemtlands_domsagas_M1+(htr_id=13685) | de.uros.citlab.module.baseline2polygon.B2PSeamMultiOriented,True,edited,0.2255
4502445,Svea Hovra╠êtt etc/export_job_4502445/845640/Svea_Hovra╠êtt_-_Advokatfiskalen_Ja╠êmtlands_la╠ên_(1702)_366_-_414/page/0029_DSC_0407.xml,0029_DSC_0407,29,IN_PROGRESS,2021-11-29T13:12:48.268+01:00,2021-12-06T09:50:59.796+01:00,69543009,196.7,44,4.47,0,11,0,-----------,/net_tf/LA73_249_0mod360.pb | Jaemtlands_domsagas_M1+(htr_id=13685) | de.uros.citlab.module.baseline2polygon.B2PSeamMultiOriented,True,edited,0.293
4502445,Svea Hovra╠êtt etc/export_job_4502445/845640/Svea_Hovra╠êtt_-_Advokatfiskalen_Ja╠êmtlands_la╠ên_(1702)_366_-_414/page/0030_DSC_0408.xml,0030_DSC_0408,30,IN_PROGRESS,2021-11-29T13:12:48.310+01:00,2021-12-06T10:01:06.550+01:00,69544027,606.8,45,13.483,0,5,0,-----,/net_tf/LA73_249_0mod360.pb | Jaemtlands_domsagas_M1+(htr_id=13685) | de.uros.citlab.module.baseline2polygon.B2PSeamMultiOriented,True,edited,0.2188
4502445,Svea Hovra╠êtt etc/export_job_4502445/845640/Svea_Hovra╠êtt_-_Advokatfiskalen_Ja╠êmtlands_la╠ên_(1702)_366_-_414/page/0031_DSC_0410.xml,0031_DSC_0410,31,IN_PROGRESS,2021-11-29T13:12:48.357+01:00,2021-12-07T11:08:34.166+01:00,69687263,77206.2,44,1754.687,0,11,0,-----------,/net_tf/LA73_249_0mod360.pb | Jaemtlands_domsagas_M1+(htr_id=13685) | de.uros.citlab.module.baseline2polygon.B2PSeamMultiOriented,True,edited,0.1453
4502445,Svea Hovra╠êtt etc/export_job_4502445/845640/Svea_Hovra╠êtt_-_Advokatfiskalen_Ja╠êmtlands_la╠ên_(1702)_366_-_414/page/0032_DSC_0411.xml,0032_DSC_0411,32,IN_PROGRESS,2021-11-29T13:12:48.408+01:00,2021-12-06T12:50:55.029+01:00,69561681,10188.5,41,248.499,0,7,0,-------,/net_tf/LA73_249_0mod360.pb | Jaemtlands_domsagas_M1+(htr_id=13685) | de.uros.citlab.module.baseline2polygon.B2PSeamMultiOriented,True,edited,0.2297
4502445,Svea Hovra╠êtt etc/export_job_4502445/845640/Svea_Hovra╠êtt_-_Advokatfiskalen_Ja╠êmtlands_la╠ên_(1702)_366_-_414/page/0033_DSC_0412.xml,0033_DSC_0412,33,IN_PROGRESS,2021-11-29T13:12:48.457+01:00,2021-12-06T12:56:33.313+01:00,69562217,338.3,45,7.517,0,17,0,-----------------,/net_tf/LA73_249_0mod360.pb | Jaemtlands_domsagas_M1+(htr_id=13685) | de.uros.citlab.module.baseline2polygon.B2PSeamMultiOriented,True,edited,0.23
4502445,Svea Hovra╠êtt etc/export_job_4502445/845640/Svea_Hovra╠êtt_-_Advokatfiskalen_Ja╠êmtlands_la╠ên_(1702)_366_-_414/page/0034_DSC_0413.xml,0034_DSC_0413,34,IN_PROGRESS,2021-11-29T13:12:48.514+01:00,2021-12-06T13:03:05.659+01:00,69563083,392.3,45,8.719,0,14,0,--------------,/net_tf/LA73_249_0mod360.pb | Jaemtlands_domsagas_M1+(htr_id=13685) | de.uros.citlab.module.baseline2polygon.B2PSeamMultiOriented,True,edited,0.1956
4502445,Svea Hovra╠êtt etc/export_job_4502445/845640/Svea_Hovra╠êtt_-_Advokatfiskalen_Ja╠êmtlands_la╠ên_(1702)_366_-_414/page/0035_DSC_0415.xml,0035_DSC_0415,35,IN_PROGRESS,2021-11-29T13:12:48.557+01:00,2021-12-06T13:09:55.170+01:00,69563956,409.5,44,9.307,1,8,0,--------,/net_tf/LA73_249_0mod360.pb | Jaemtlands_domsagas_M1+(htr_id=13685) | de.uros.citlab.module.baseline2polygon.B2PSeamMultiOriented,True,edited,0.1869
4502445,Svea Hovra╠êtt etc/export_job_4502445/845640/Svea_Hovra╠êtt_-_Advokatfiskalen_Ja╠êmtlands_la╠ên_(1702)_366_-_414/page/0036_DSC_0418.xml,0036_DSC_0418,36,IN_PROGRESS,2021-11-29T13:12:48.621+01:00,2021-12-06T13:16:18.435+01:00,69564608,383.3,45,8.517,0,9,0,---------,/net_tf/LA73_249_0mod360.pb | Jaemtlands_domsagas_M1+(htr_id=13685) | de.uros.citlab.module.baseline2polygon.B2PSeamMultiOriented,True,edited,0.1509
4502445,Svea Hovra╠êtt etc/export_job_4502445/845640/Svea_Hovra╠êtt_-_Advokatfiskalen_Ja╠êmtlands_la╠ên_(1702)_366_-_414/page/0037_DSC_0419.xml,0037_DSC_0419,37,IN_PROGRESS,2021-11-29T13:12:48.673+01:00,2021-12-06T13:21:11.603+01:00,69565023,293.2,45,6.515,1,6,0,------,/net_tf/LA73_249_0mod360.pb | Jaemtlands_domsagas_M1+(htr_id=13685) | de.uros.citlab.module.baseline2polygon.B2PSeamMultiOriented,True,edited,0.1208
4502445,Svea Hovra╠êtt etc/export_job_4502445/845640/Svea_Hovra╠êtt_-_Advokatfiskalen_Ja╠êmtlands_la╠ên_(1702)_366_-_414/page/0038_DSC_0420.xml,0038_DSC_0420,38,IN_PROGRESS,2021-11-29T13:12:48.728+01:00,2021-12-06T13:24:53.454+01:00,69565241,221.9,44,5.042,1,5,0,-----,/net_tf/LA73_249_0mod360.pb | Jaemtlands_domsagas_M1+(htr_id=13685) | de.uros.citlab.module.baseline2polygon.B2PSeamMultiOriented,True,edited,0.1768
4502445,Svea Hovra╠êtt etc/export_job_4502445/845640/Svea_Hovra╠êtt_-_Advokatfiskalen_Ja╠êmtlands_la╠ên_(1702)_366_-_414/page/0039_DSC_0421.xml,0039_DSC_0421,39,IN_PROGRESS,2021-11-29T13:12:48.773+01:00,2021-12-06T13:30:40.182+01:00,69565632,346.7,44,7.88,0,10,0,----------,/net_tf/LA73_249_0mod360.pb | Jaemtlands_domsagas_M1+(htr_id=13685) | de.uros.citlab.module.baseline2polygon.B2PSeamMultiOriented,True,edited,0.2254
4502445,Svea Hovra╠êtt etc/export_job_4502445/845640/Svea_Hovra╠êtt_-_Advokatfiskalen_Ja╠êmtlands_la╠ên_(1702)_366_-_414/page/0040_DSC_0422.xml,0040_DSC_0422,40,IN_PROGRESS,2021-11-29T13:12:48.829+01:00,2021-12-06T13:35:35.930+01:00,69566066,295.7,43,6.878,0,5,0,-----,/net_tf/LA73_249_0mod360.pb | Jaemtlands_domsagas_M1+(htr_id=13685) | de.uros.citlab.module.baseline2polygon.B2PSeamMultiOriented,True,edited,0.198
4502445,Svea Hovra╠êtt etc/export_job_4502445/845640/Svea_Hovra╠êtt_-_Advokatfiskalen_Ja╠êmtlands_la╠ên_(1702)_366_-_414/page/0041_DSC_0423.xml,0041_DSC_0423,41,IN_PROGRESS,2021-11-29T13:12:48.876+01:00,2021-12-06T13:41:47.932+01:00,69566635,372.0,46,8.087,0,14,0,--------------,/net_tf/LA73_249_0mod360.pb | Jaemtlands_domsagas_M1+(htr_id=13685) | de.uros.citlab.module.baseline2polygon.B2PSeamMultiOriented,True,edited,0.2534
4502445,Svea Hovra╠êtt etc/export_job_4502445/845640/Svea_Hovra╠êtt_-_Advokatfiskalen_Ja╠êmtlands_la╠ên_(1702)_366_-_414/page/0042_DSC_0424.xml,0042_DSC_0424,42,IN_PROGRESS,2021-11-29T13:12:48.933+01:00,2021-12-07T11:15:17.129+01:00,69688287,403.0,46,8.76,0,9,0,---------,/net_tf/LA73_249_0mod360.pb | Jaemtlands_domsagas_M1+(htr_id=13685) | de.uros.citlab.module.baseline2polygon.B2PSeamMultiOriented,True,edited,0.2273
4502445,Svea Hovra╠êtt etc/export_job_4502445/845640/Svea_Hovra╠êtt_-_Advokatfiskalen_Ja╠êmtlands_la╠ên_(1702)_366_-_414/page/0043_DSC_0425.xml,0043_DSC_0425,43,IN_PROGRESS,2021-11-29T13:12:48.979+01:00,2021-12-07T11:21:29.802+01:00,69689290,372.7,45,8.282,0,9,0,---------,/net_tf/LA73_249_0mod360.pb | Jaemtlands_domsagas_M1+(htr_id=13685) | de.uros.citlab.module.baseline2polygon.B2PSeamMultiOriented,True,edited,0.2489
4502445,Svea Hovra╠êtt etc/export_job_4502445/845640/Svea_Hovra╠êtt_-_Advokatfiskalen_Ja╠êmtlands_la╠ên_(1702)_366_-_414/page/0044_DSC_0426.xml,0044_DSC_0426,44,IN_PROGRESS,2021-11-29T13:12:49.039+01:00,2021-12-07T11:27:23.004+01:00,69690307,353.2,43,8.214,0,10,0,----------,/net_tf/LA73_249_0mod360.pb | Jaemtlands_domsagas_M1+(htr_id=13685) | de.uros.citlab.module.baseline2polygon.B2PSeamMultiOriented,True,edited,0.2594
4502445,Svea Hovra╠êtt etc/export_job_4502445/845640/Svea_Hovra╠êtt_-_Advokatfiskalen_Ja╠êmtlands_la╠ên_(1702)_366_-_414/page/0045_DSC_0427.xml,0045_DSC_0427,45,IN_PROGRESS,2021-11-29T13:12:49.089+01:00,2021-12-07T11:31:09.777+01:00,69690952,226.8,45,5.039,0,6,0,------,/net_tf/LA73_249_0mod360.pb | Jaemtlands_domsagas_M1+(htr_id=13685) | de.uros.citlab.module.baseline2polygon.B2PSeamMultiOriented,True,edited,0.2318
4502445,Svea Hovra╠êtt etc/export_job_4502445/845640/Svea_Hovra╠êtt_-_Advokatfiskalen_Ja╠êmtlands_la╠ên_(1702)_366_-_414/page/0046_DSC_0428.xml,0046_DSC_0428,46,IN_PROGRESS,2021-11-29T13:12:49.151+01:00,2021-12-07T11:36:14.819+01:00,69691900,305.0,44,6.933,1,13,0,-------------,/net_tf/LA73_249_0mod360.pb | Jaemtlands_domsagas_M1+(htr_id=13685) | de.uros.citlab.module.baseline2polygon.B2PSeamMultiOriented,True,edited,0.2424
4502445,Svea Hovra╠êtt etc/export_job_4502445/845640/Svea_Hovra╠êtt_-_Advokatfiskalen_Ja╠êmtlands_la╠ên_(1702)_366_-_414/page/0047_DSC_0429.xml,0047_DSC_0429,47,IN_PROGRESS,2021-11-29T13:12:49.195+01:00,2021-12-07T11:41:42.443+01:00,69692400,327.6,42,7.801,0,9,0,---------,/net_tf/LA73_249_0mod360.pb | Jaemtlands_domsagas_M1+(htr_id=13685) | de.uros.citlab.module.baseline2polygon.B2PSeamMultiOriented,True,edited,0.2414
4502445,Svea Hovra╠êtt etc/export_job_4502445/845640/Svea_Hovra╠êtt_-_Advokatfiskalen_Ja╠êmtlands_la╠ên_(1702)_366_-_414/page/0048_DSC_0430.xml,0048_DSC_0430,48,IN_PROGRESS,2021-11-29T13:12:49.279+01:00,2021-12-07T11:45:56.453+01:00,69693179,254.0,44,5.773,0,5,0,-----,/net_tf/LA73_249_0mod360.pb | Jaemtlands_domsagas_M1+(htr_id=13685) | de.uros.citlab.module.baseline2polygon.B2PSeamMultiOriented,True,edited,0.2133
4502445,Svea Hovra╠êtt etc/export_job_4502445/845640/Svea_Hovra╠êtt_-_Advokatfiskalen_Ja╠êmtlands_la╠ên_(1702)_366_-_414/page/0049_DSC_0432.xml,0049_DSC_0432,49,IN_PROGRESS,2021-11-29T13:12:49.322+01:00,2021-12-07T11:50:44.568+01:00,69693858,288.1,43,6.7,1,11,0,-----------,/net_tf/LA73_249_0mod360.pb | Jaemtlands_domsagas_M1+(htr_id=13685) | de.uros.citlab.module.baseline2polygon.B2PSeamMultiOriented,True,edited,0.2423
4502446,Svea Hovra╠êtt etc/export_job_4502446/842250/Svea_Hovra╠êtt_-_Advokatfiskalens_Ja╠êmtlands_la╠ên_(1702)_124-156/page/0001_DSC_0332.xml,0001_DSC_0332,1,IN_PROGRESS,2021-11-25T13:56:31.158+01:00,2021-11-25T14:38:19.987+01:00,68604895,,20,,0,1,0,-,/net_tf/LA73_249_0mod360.pb | Jaemtlands_domsagas_M1+(htr_id=13685) | de.uros.citlab.module.baseline2polygon.B2PSeamMultiOriented,True,edited,0.371
4502446,Svea Hovra╠êtt etc/export_job_4502446/842250/Svea_Hovra╠êtt_-_Advokatfiskalens_Ja╠êmtlands_la╠ên_(1702)_124-156/page/0002_DSC_0333.xml,0002_DSC_0333,2,IN_PROGRESS,2021-11-25T13:56:31.340+01:00,2021-11-25T16:32:37.295+01:00,68618477,23.9,42,0.568,0,8,0,--------,/net_tf/LA73_249_0mod360.pb | Jaemtlands_domsagas_M1+(htr_id=13685) | de.uros.citlab.module.baseline2polygon.B2PSeamMultiOriented,True,ambiguous_machine_speed_save_with_student_edits,0.2822
4502446,Svea Hovra╠êtt etc/export_job_4502446/842250/Svea_Hovra╠êtt_-_Advokatfiskalens_Ja╠êmtlands_la╠ên_(1702)_124-156/page/0003_DSC_0335.xml,0003_DSC_0335,3,IN_PROGRESS,2021-11-25T13:56:31.448+01:00,2021-11-25T15:07:34.754+01:00,68605582,1754.8,41,42.799,0,2,0,--,/net_tf/LA73_249_0mod360.pb | Jaemtlands_domsagas_M1+(htr_id=13685) | de.uros.citlab.module.baseline2polygon.B2PSeamMultiOriented,True,edited,0.2723
4502446,Svea Hovra╠êtt etc/export_job_4502446/842250/Svea_Hovra╠êtt_-_Advokatfiskalens_Ja╠êmtlands_la╠ên_(1702)_124-156/page/0004_DSC_0336.xml,0004_DSC_0336,4,IN_PROGRESS,2021-11-25T13:56:31.532+01:00,2021-11-25T15:09:36.761+01:00,68605638,122.0,43,2.837,0,1,0,-,/net_tf/LA73_249_0mod360.pb | Jaemtlands_domsagas_M1+(htr_id=13685) | de.uros.citlab.module.baseline2polygon.B2PSeamMultiOriented,True,edited,0.1833
4502446,Svea Hovra╠êtt etc/export_job_4502446/842250/Svea_Hovra╠êtt_-_Advokatfiskalens_Ja╠êmtlands_la╠ên_(1702)_124-156/page/0005_DSC_0337.xml,0005_DSC_0337,5,IN_PROGRESS,2021-11-25T13:56:31.611+01:00,2021-11-25T15:12:37.813+01:00,68605695,181.1,43,4.211,0,2,0,--,/net_tf/LA73_249_0mod360.pb | Jaemtlands_domsagas_M1+(htr_id=13685) | de.uros.citlab.module.baseline2polygon.B2PSeamMultiOriented,True,edited,0.2786
4502446,Svea Hovra╠êtt etc/export_job_4502446/842250/Svea_Hovra╠êtt_-_Advokatfiskalens_Ja╠êmtlands_la╠ên_(1702)_124-156/page/0006_DSC_0339.xml,0006_DSC_0339,6,IN_PROGRESS,2021-11-25T13:56:31.684+01:00,2021-11-25T15:16:04.655+01:00,68605804,206.8,41,5.045,0,5,0,-----,/net_tf/LA73_249_0mod360.pb | Jaemtlands_domsagas_M1+(htr_id=13685) | de.uros.citlab.module.baseline2polygon.B2PSeamMultiOriented,True,edited,0.2609
4502446,Svea Hovra╠êtt etc/export_job_4502446/842250/Svea_Hovra╠êtt_-_Advokatfiskalens_Ja╠êmtlands_la╠ên_(1702)_124-156/page/0007_DSC_0340.xml,0007_DSC_0340,7,IN_PROGRESS,2021-11-25T13:56:31.750+01:00,2021-11-25T15:18:11.408+01:00,68605905,126.8,43,2.948,0,5,0,-----,/net_tf/LA73_249_0mod360.pb | Jaemtlands_domsagas_M1+(htr_id=13685) | de.uros.citlab.module.baseline2polygon.B2PSeamMultiOriented,True,edited,0.242
4502446,Svea Hovra╠êtt etc/export_job_4502446/842250/Svea_Hovra╠êtt_-_Advokatfiskalens_Ja╠êmtlands_la╠ên_(1702)_124-156/page/0008_DSC_0341.xml,0008_DSC_0341,8,IN_PROGRESS,2021-11-25T13:56:31.818+01:00,2021-11-25T15:20:48.135+01:00,68606228,156.7,43,3.645,0,4,0,----,/net_tf/LA73_249_0mod360.pb | Jaemtlands_domsagas_M1+(htr_id=13685) | de.uros.citlab.module.baseline2polygon.B2PSeamMultiOriented,True,edited,0.215
4502446,Svea Hovra╠êtt etc/export_job_4502446/842250/Svea_Hovra╠êtt_-_Advokatfiskalens_Ja╠êmtlands_la╠ên_(1702)_124-156/page/0009_DSC_0342.xml,0009_DSC_0342,9,IN_PROGRESS,2021-11-25T13:56:31.883+01:00,2021-11-25T15:22:34.227+01:00,68606394,106.1,43,2.467,0,7,0,-------,/net_tf/LA73_249_0mod360.pb | Jaemtlands_domsagas_M1+(htr_id=13685) | de.uros.citlab.module.baseline2polygon.B2PSeamMultiOriented,True,edited,0.2174
4502446,Svea Hovra╠êtt etc/export_job_4502446/842250/Svea_Hovra╠êtt_-_Advokatfiskalens_Ja╠êmtlands_la╠ên_(1702)_124-156/page/0010_DSC_0343.xml,0010_DSC_0343,10,IN_PROGRESS,2021-11-25T13:56:31.933+01:00,2021-11-25T15:25:26.131+01:00,68606451,171.9,43,3.998,0,7,0,-------,/net_tf/LA73_249_0mod360.pb | Jaemtlands_domsagas_M1+(htr_id=13685) | de.uros.citlab.module.baseline2polygon.B2PSeamMultiOriented,True,edited,0.2273
4502446,Svea Hovra╠êtt etc/export_job_4502446/842250/Svea_Hovra╠êtt_-_Advokatfiskalens_Ja╠êmtlands_la╠ên_(1702)_124-156/page/0011_DSC_0344.xml,0011_DSC_0344,11,IN_PROGRESS,2021-11-25T13:56:31.988+01:00,2021-11-25T15:29:32.392+01:00,68606510,246.3,41,6.006,0,8,0,--------,/net_tf/LA73_249_0mod360.pb | Jaemtlands_domsagas_M1+(htr_id=13685) | de.uros.citlab.module.baseline2polygon.B2PSeamMultiOriented,True,edited,0.2932
4502446,Svea Hovra╠êtt etc/export_job_4502446/842250/Svea_Hovra╠êtt_-_Advokatfiskalens_Ja╠êmtlands_la╠ên_(1702)_124-156/page/0012_DSC_0345.xml,0012_DSC_0345,12,IN_PROGRESS,2021-11-25T13:56:32.045+01:00,2021-11-25T15:34:14.959+01:00,68607196,282.6,40,7.064,1,2,0,--,/net_tf/LA73_249_0mod360.pb | Jaemtlands_domsagas_M1+(htr_id=13685) | de.uros.citlab.module.baseline2polygon.B2PSeamMultiOriented,True,edited,0.3152
4502446,Svea Hovra╠êtt etc/export_job_4502446/842250/Svea_Hovra╠êtt_-_Advokatfiskalens_Ja╠êmtlands_la╠ên_(1702)_124-156/page/0013_DSC_0346.xml,0013_DSC_0346,13,IN_PROGRESS,2021-11-25T13:56:32.098+01:00,2021-11-25T15:37:41.179+01:00,68607919,206.2,43,4.796,1,4,0,----,/net_tf/LA73_249_0mod360.pb | Jaemtlands_domsagas_M1+(htr_id=13685) | de.uros.citlab.module.baseline2polygon.B2PSeamMultiOriented,True,edited,0.1951
4502446,Svea Hovra╠êtt etc/export_job_4502446/842250/Svea_Hovra╠êtt_-_Advokatfiskalens_Ja╠êmtlands_la╠ên_(1702)_124-156/page/0014_DSC_0347.xml,0014_DSC_0347,14,IN_PROGRESS,2021-11-25T13:56:32.158+01:00,2021-11-25T15:43:10.887+01:00,68609005,329.7,43,7.668,0,5,0,-----,/net_tf/LA73_249_0mod360.pb | Jaemtlands_domsagas_M1+(htr_id=13685) | de.uros.citlab.module.baseline2polygon.B2PSeamMultiOriented,True,edited,0.2277
4502446,Svea Hovra╠êtt etc/export_job_4502446/842250/Svea_Hovra╠êtt_-_Advokatfiskalens_Ja╠êmtlands_la╠ên_(1702)_124-156/page/0015_DSC_0348.xml,0015_DSC_0348,15,IN_PROGRESS,2021-11-25T13:56:32.233+01:00,2021-11-25T15:45:38.946+01:00,68609520,148.1,43,3.443,0,1,0,-,/net_tf/LA73_249_0mod360.pb | Jaemtlands_domsagas_M1+(htr_id=13685) | de.uros.citlab.module.baseline2polygon.B2PSeamMultiOriented,True,edited,0.198
4502446,Svea Hovra╠êtt etc/export_job_4502446/842250/Svea_Hovra╠êtt_-_Advokatfiskalens_Ja╠êmtlands_la╠ên_(1702)_124-156/page/0016_DSC_0349.xml,0016_DSC_0349,16,IN_PROGRESS,2021-11-25T13:56:32.298+01:00,2021-11-25T15:48:03.516+01:00,68609987,144.6,40,3.614,0,3,0,---,/net_tf/LA73_249_0mod360.pb | Jaemtlands_domsagas_M1+(htr_id=13685) | de.uros.citlab.module.baseline2polygon.B2PSeamMultiOriented,True,edited,0.2356
4502446,Svea Hovra╠êtt etc/export_job_4502446/842250/Svea_Hovra╠êtt_-_Advokatfiskalens_Ja╠êmtlands_la╠ên_(1702)_124-156/page/0017_DSC_0350.xml,0017_DSC_0350,17,IN_PROGRESS,2021-11-25T13:56:32.383+01:00,2021-11-25T15:50:04.385+01:00,68610400,120.9,42,2.878,1,3,0,---,/net_tf/LA73_249_0mod360.pb | Jaemtlands_domsagas_M1+(htr_id=13685) | de.uros.citlab.module.baseline2polygon.B2PSeamMultiOriented,True,edited,0.2632
4502446,Svea Hovra╠êtt etc/export_job_4502446/842250/Svea_Hovra╠êtt_-_Advokatfiskalens_Ja╠êmtlands_la╠ên_(1702)_124-156/page/0018_DSC_0351.xml,0018_DSC_0351,18,IN_PROGRESS,2021-11-25T13:56:32.441+01:00,2021-11-25T15:52:01.873+01:00,68610798,117.5,43,2.732,0,1,0,-,/net_tf/LA73_249_0mod360.pb | Jaemtlands_domsagas_M1+(htr_id=13685) | de.uros.citlab.module.baseline2polygon.B2PSeamMultiOriented,True,edited,0.3037
4502446,Svea Hovra╠êtt etc/export_job_4502446/842250/Svea_Hovra╠êtt_-_Advokatfiskalens_Ja╠êmtlands_la╠ên_(1702)_124-156/page/0019_DSC_0352.xml,0019_DSC_0352,19,IN_PROGRESS,2021-11-25T13:56:32.503+01:00,2021-11-25T15:53:46.218+01:00,68611150,104.3,42,2.484,0,2,0,--,/net_tf/LA73_249_0mod360.pb | Jaemtlands_domsagas_M1+(htr_id=13685) | de.uros.citlab.module.baseline2polygon.B2PSeamMultiOriented,True,edited,0.2282
4502446,Svea Hovra╠êtt etc/export_job_4502446/842250/Svea_Hovra╠êtt_-_Advokatfiskalens_Ja╠êmtlands_la╠ên_(1702)_124-156/page/0020_DSC_0353.xml,0020_DSC_0353,20,IN_PROGRESS,2021-11-25T13:56:32.553+01:00,2021-11-25T15:55:31.158+01:00,68611507,104.9,42,2.499,0,1,0,-,/net_tf/LA73_249_0mod360.pb | Jaemtlands_domsagas_M1+(htr_id=13685) | de.uros.citlab.module.baseline2polygon.B2PSeamMultiOriented,True,edited,0.2174
4502446,Svea Hovra╠êtt etc/export_job_4502446/842250/Svea_Hovra╠êtt_-_Advokatfiskalens_Ja╠êmtlands_la╠ên_(1702)_124-156/page/0021_DSC_0355.xml,0021_DSC_0355,21,IN_PROGRESS,2021-11-25T13:56:32.609+01:00,2021-11-25T16:05:46.478+01:00,68613049,615.3,43,14.31,0,4,0,----,/net_tf/LA73_249_0mod360.pb | Jaemtlands_domsagas_M1+(htr_id=13685) | de.uros.citlab.module.baseline2polygon.B2PSeamMultiOriented,True,edited,0.2421
4502446,Svea Hovra╠êtt etc/export_job_4502446/842250/Svea_Hovra╠êtt_-_Advokatfiskalens_Ja╠êmtlands_la╠ên_(1702)_124-156/page/0022_DSC_0356.xml,0022_DSC_0356,22,IN_PROGRESS,2021-11-25T13:56:32.660+01:00,2021-11-25T16:08:30.425+01:00,68613350,163.9,42,3.904,0,2,0,--,/net_tf/LA73_249_0mod360.pb | Jaemtlands_domsagas_M1+(htr_id=13685) | de.uros.citlab.module.baseline2polygon.B2PSeamMultiOriented,True,edited,0.227
4502446,Svea Hovra╠êtt etc/export_job_4502446/842250/Svea_Hovra╠êtt_-_Advokatfiskalens_Ja╠êmtlands_la╠ên_(1702)_124-156/page/0023_DSC_0357.xml,0023_DSC_0357,23,IN_PROGRESS,2021-11-25T13:56:32.724+01:00,2021-11-25T16:09:50.785+01:00,68613507,80.4,41,1.96,0,7,0,-------,/net_tf/LA73_249_0mod360.pb | Jaemtlands_domsagas_M1+(htr_id=13685) | de.uros.citlab.module.baseline2polygon.B2PSeamMultiOriented,True,edited,0.1854
4502446,Svea Hovra╠êtt etc/export_job_4502446/842250/Svea_Hovra╠êtt_-_Advokatfiskalens_Ja╠êmtlands_la╠ên_(1702)_124-156/page/0024_DSC_0358.xml,0024_DSC_0358,24,IN_PROGRESS,2021-11-25T13:56:32.780+01:00,2021-11-25T16:12:01.776+01:00,68613878,131.0,41,3.195,0,10,0,----------,/net_tf/LA73_249_0mod360.pb | Jaemtlands_domsagas_M1+(htr_id=13685) | de.uros.citlab.module.baseline2polygon.B2PSeamMultiOriented,True,edited,0.2431
4502446,Svea Hovra╠êtt etc/export_job_4502446/842250/Svea_Hovra╠êtt_-_Advokatfiskalens_Ja╠êmtlands_la╠ên_(1702)_124-156/page/0025_DSC_0359.xml,0025_DSC_0359,25,IN_PROGRESS,2021-11-25T13:56:32.839+01:00,2021-11-25T16:13:08.720+01:00,68614156,66.9,38,1.762,0,5,0,-----,/net_tf/LA73_249_0mod360.pb | Jaemtlands_domsagas_M1+(htr_id=13685) | de.uros.citlab.module.baseline2polygon.B2PSeamMultiOriented,True,edited,0.2286
4502446,Svea Hovra╠êtt etc/export_job_4502446/842250/Svea_Hovra╠êtt_-_Advokatfiskalens_Ja╠êmtlands_la╠ên_(1702)_124-156/page/0026_DSC_0361.xml,0026_DSC_0361,26,IN_PROGRESS,2021-11-25T13:56:32.902+01:00,2021-11-25T16:14:47.004+01:00,68614562,98.3,43,2.286,3,5,0,-----,/net_tf/LA73_249_0mod360.pb | Jaemtlands_domsagas_M1+(htr_id=13685) | de.uros.citlab.module.baseline2polygon.B2PSeamMultiOriented,True,edited,0.2386
4502446,Svea Hovra╠êtt etc/export_job_4502446/842250/Svea_Hovra╠êtt_-_Advokatfiskalens_Ja╠êmtlands_la╠ên_(1702)_124-156/page/0027_DSC_0362.xml,0027_DSC_0362,27,IN_PROGRESS,2021-11-25T13:56:32.954+01:00,2021-11-25T16:16:20.012+01:00,68614909,93.0,39,2.385,2,4,0,----,/net_tf/LA73_249_0mod360.pb | Jaemtlands_domsagas_M1+(htr_id=13685) | de.uros.citlab.module.baseline2polygon.B2PSeamMultiOriented,True,edited,0.2654
4502446,Svea Hovra╠êtt etc/export_job_4502446/842250/Svea_Hovra╠êtt_-_Advokatfiskalens_Ja╠êmtlands_la╠ên_(1702)_124-156/page/0028_DSC_0364.xml,0028_DSC_0364,28,IN_PROGRESS,2021-11-25T13:56:33.075+01:00,2021-11-25T16:18:51.569+01:00,68615451,151.6,42,3.608,1,7,0,-------,/net_tf/LA73_249_0mod360.pb | Jaemtlands_domsagas_M1+(htr_id=13685) | de.uros.citlab.module.baseline2polygon.B2PSeamMultiOriented,True,edited,0.3448
4502446,Svea Hovra╠êtt etc/export_job_4502446/842250/Svea_Hovra╠êtt_-_Advokatfiskalens_Ja╠êmtlands_la╠ên_(1702)_124-156/page/0029_DSC_0365.xml,0029_DSC_0365,29,IN_PROGRESS,2021-11-25T13:56:33.128+01:00,2021-11-25T16:22:48.916+01:00,68616293,10.1,41,0.246,1,6,0,------,/net_tf/LA73_249_0mod360.pb | Jaemtlands_domsagas_M1+(htr_id=13685) | de.uros.citlab.module.baseline2polygon.B2PSeamMultiOriented,True,ambiguous_machine_speed_save_with_student_edits,0.228
4502446,Svea Hovra╠êtt etc/export_job_4502446/842250/Svea_Hovra╠êtt_-_Advokatfiskalens_Ja╠êmtlands_la╠ên_(1702)_124-156/page/0030_DSC_0366.xml,0030_DSC_0366,30,IN_PROGRESS,2021-11-25T13:56:33.189+01:00,2021-11-25T16:22:38.810+01:00,68616262,227.2,39,5.827,0,10,0,----------,/net_tf/LA73_249_0mod360.pb | Jaemtlands_domsagas_M1+(htr_id=13685) | de.uros.citlab.module.baseline2polygon.B2PSeamMultiOriented,True,edited,0.2159
4502446,Svea Hovra╠êtt etc/export_job_4502446/842250/Svea_Hovra╠êtt_-_Advokatfiskalens_Ja╠êmtlands_la╠ên_(1702)_124-156/page/0031_DSC_0367.xml,0031_DSC_0367,31,IN_PROGRESS,2021-11-25T13:56:33.238+01:00,2021-11-25T16:27:48.722+01:00,68617412,299.8,41,7.312,1,7,0,-------,/net_tf/LA73_249_0mod360.pb | Jaemtlands_domsagas_M1+(htr_id=13685) | de.uros.citlab.module.baseline2polygon.B2PSeamMultiOriented,True,edited,0.2191
4502446,Svea Hovra╠êtt etc/export_job_4502446/842250/Svea_Hovra╠êtt_-_Advokatfiskalens_Ja╠êmtlands_la╠ên_(1702)_124-156/page/0032_DSC_0368.xml,0032_DSC_0368,32,IN_PROGRESS,2021-11-25T13:56:33.289+01:00,2021-11-25T16:29:00.074+01:00,68617686,71.4,43,1.659,0,6,0,------,/net_tf/LA73_249_0mod360.pb | Jaemtlands_domsagas_M1+(htr_id=13685) | de.uros.citlab.module.baseline2polygon.B2PSeamMultiOriented,True,edited,0.1684
4502446,Svea Hovra╠êtt etc/export_job_4502446/842250/Svea_Hovra╠êtt_-_Advokatfiskalens_Ja╠êmtlands_la╠ên_(1702)_124-156/page/0033_DSC_0369.xml,0033_DSC_0369,33,IN_PROGRESS,2021-11-25T13:56:33.340+01:00,2021-11-25T16:32:13.423+01:00,68618391,193.3,14,13.811,0,5,0,-----,/net_tf/LA73_249_0mod360.pb | Jaemtlands_domsagas_M1+(htr_id=13685) | de.uros.citlab.module.baseline2polygon.B2PSeamMultiOriented,True,edited,0.1864
